customer_id,customer_name,email,city,state,region
C00001,Rahul Sharma,rahul.sharma1@example.com,Surat,Gujarat,West
C00002,Aman Verma,aman.verma2@example.com,Chandigarh,Chandigarh,North
C00003,Rahul Mishra,rahul.mishra3@example.com,Lucknow,Uttar Pradesh,North
C00004,Simran Rajput,simran.rajput4@example.com,Jaipur,Rajasthan,North
C00005,Aarav Singh,aarav.singh5@example.com,Pune,Maharashtra,West
C00006,Aman Mishra,aman.mishra6@example.com,Delhi,Delhi,North
C00007,Riya Verma,riya.verma7@example.com,Kolkata,West Bengal,East
C00008,Aman Yadav,aman.yadav8@example.com,Surat,Gujarat,West
C00009,Aarav Kumar,aarav.kumar9@example.com,Kolkata,West Bengal,East
C00010,Priya Gupta,priya.gupta10@example.com,Chandigarh,Chandigarh,North
C00011,Karan Patel,karan.patel11@example.com,Kanpur,Uttar Pradesh,North
C00012,Arjun Rajput,arjun.rajput12@example.com,Kanpur,Uttar Pradesh,North
C00013,Ananya Patel,ananya.patel13@example.com,Surat,Gujarat,West
C00014,Aditya Yadav,aditya.yadav14@example.com,Kanpur,Uttar Pradesh,North
C00015,Neha Singh,neha.singh15@example.com,Bengaluru,Karnataka,South
C00016,Aditi Patel,aditi.patel16@example.com,Pune,Maharashtra,West
C00017,Arjun Sharma,arjun.sharma17@example.com,Ahmedabad,Gujarat,West
C00018,Sahil Singh,sahil.singh18@example.com,Ahmedabad,Gujarat,West
C00019,Rahul Rajput,rahul.rajput19@example.com,Surat,Gujarat,West
C00020,Sneha Patel,sneha.patel20@example.com,Mumbai,Maharashtra,West
C00021,Ananya Patel,ananya.patel21@example.com,Pune,Maharashtra,West
C00022,Ankit Singh,ankit.singh22@example.com,Mumbai,Maharashtra,West
C00023,Riya Verma,riya.verma23@example.com,Mumbai,Maharashtra,West
C00024,Sneha Rajput,sneha.rajput24@example.com,Surat,Gujarat,West
C00025,Riya Verma,riya.verma25@example.com,Chennai,Tamil Nadu,South
C00026,Aditya Verma,aditya.verma26@example.com,Jaipur,Rajasthan,North
C00027,Priya Rajput,priya.rajput27@example.com,Surat,Gujarat,West
C00028,Arjun Verma,arjun.verma28@example.com,Chennai,Tamil Nadu,South
C00029,Karan Yadav,karan.yadav29@example.com,Kochi,Kerala,South
C00030,Sneha Kumar,sneha.kumar30@example.com,Surat,Gujarat,West
C00031,Rohan Verma,rohan.verma31@example.com,Surat,Gujarat,West
C00032,Simran Rajput,simran.rajput32@example.com,Kochi,Kerala,South
C00033,Ananya Verma,ananya.verma33@example.com,Chandigarh,Chandigarh,North
C00034,Isha Yadav,isha.yadav34@example.com,Lucknow,Uttar Pradesh,North
C00035,Aditya Singh,aditya.singh35@example.com,Chandigarh,Chandigarh,North
C00036,Vikash Rajput,vikash.rajput36@example.com,Lucknow,Uttar Pradesh,North
C00037,Neha Rajput,neha.rajput37@example.com,Bhubaneswar,Odisha,East
C00038,Isha Gupta,isha.gupta38@example.com,Delhi,Delhi,North
C00039,Rahul Mishra,rahul.mishra39@example.com,Surat,Gujarat,West
C00040,Priya Singh,priya.singh40@example.com,Bengaluru,Karnataka,South
C00041,Pooja Kumar,pooja.kumar41@example.com,Bhubaneswar,Odisha,East
C00042,Aarav Gupta,aarav.gupta42@example.com,Mumbai,Maharashtra,West
C00043,Isha Singh,isha.singh43@example.com,Bengaluru,Karnataka,South
C00044,Isha Agarwal,isha.agarwal44@example.com,Pune,Maharashtra,West
C00045,Rohan Patel,rohan.patel45@example.com,Mumbai,Maharashtra,West
C00046,Riya Mishra,riya.mishra46@example.com,Delhi,Delhi,North
C00047,Aditi Patel,aditi.patel47@example.com,Patna,Bihar,East
C00048,Aarav Singh,aarav.singh48@example.com,Hyderabad,Telangana,South
C00049,Sahil Verma,sahil.verma49@example.com,Jaipur,Rajasthan,North
C00050,Aman Agarwal,aman.agarwal50@example.com,Lucknow,Uttar Pradesh,North
C00051,Arjun Yadav,arjun.yadav51@example.com,Lucknow,Uttar Pradesh,North
C00052,Riya Kumar,riya.kumar52@example.com,Chandigarh,Chandigarh,North
C00053,Kavya Mishra,kavya.mishra53@example.com,Mumbai,Maharashtra,West
C00054,Ankit Mishra,ankit.mishra54@example.com,Kolkata,West Bengal,East
C00055,Karan Mishra,karan.mishra55@example.com,Pune,Maharashtra,West
C00056,Sahil Rajput,sahil.rajput56@example.com,Hyderabad,Telangana,South
C00057,Sneha Mishra,sneha.mishra57@example.com,Bhubaneswar,Odisha,East
C00058,Rahul Verma,rahul.verma58@example.com,Ahmedabad,Gujarat,West
C00059,Arjun Patel,arjun.patel59@example.com,Delhi,Delhi,North
C00060,Simran Mishra,simran.mishra60@example.com,Ahmedabad,Gujarat,West
C00061,Simran Verma,simran.verma61@example.com,Delhi,Delhi,North
C00062,Arjun Sharma,arjun.sharma62@example.com,Ahmedabad,Gujarat,West
C00063,Arjun Sharma,arjun.sharma63@example.com,Chennai,Tamil Nadu,South
C00064,Arjun Mishra,arjun.mishra64@example.com,Ahmedabad,Gujarat,West
C00065,Ankit Yadav,ankit.yadav65@example.com,Pune,Maharashtra,West
C00066,Riya Kumar,riya.kumar66@example.com,Patna,Bihar,East
C00067,Aman Yadav,aman.yadav67@example.com,Kolkata,West Bengal,East
C00068,Karan Singh,karan.singh68@example.com,Kanpur,Uttar Pradesh,North
C00069,Pooja Patel,pooja.patel69@example.com,Kolkata,West Bengal,East
C00070,Pooja Yadav,pooja.yadav70@example.com,Jaipur,Rajasthan,North
C00071,Rahul Sharma,rahul.sharma71@example.com,Kochi,Kerala,South
C00072,Priya Singh,priya.singh72@example.com,Ahmedabad,Gujarat,West
C00073,Karan Verma,karan.verma73@example.com,Bhubaneswar,Odisha,East
C00074,Rohan Rajput,rohan.rajput74@example.com,Mumbai,Maharashtra,West
C00075,Ankit Yadav,ankit.yadav75@example.com,Ahmedabad,Gujarat,West
C00076,Arjun Yadav,arjun.yadav76@example.com,Kanpur,Uttar Pradesh,North
C00077,Aditya Mishra,aditya.mishra77@example.com,Delhi,Delhi,North
C00078,Arjun Verma,arjun.verma78@example.com,Mumbai,Maharashtra,West
C00079,Pooja Yadav,pooja.yadav79@example.com,Patna,Bihar,East
C00080,Karan Rajput,karan.rajput80@example.com,Jaipur,Rajasthan,North
C00081,Vikash Rajput,vikash.rajput81@example.com,Delhi,Delhi,North
C00082,Neha Gupta,neha.gupta82@example.com,Bhubaneswar,Odisha,East
C00083,Sahil Rajput,sahil.rajput83@example.com,Patna,Bihar,East
C00084,Rohan Verma,rohan.verma84@example.com,Bengaluru,Karnataka,South
C00085,Karan Sharma,karan.sharma85@example.com,Jaipur,Rajasthan,North
C00086,Priya Sharma,priya.sharma86@example.com,Jaipur,Rajasthan,North
C00087,Simran Yadav,simran.yadav87@example.com,Mumbai,Maharashtra,West
C00088,Aditya Mishra,aditya.mishra88@example.com,Lucknow,Uttar Pradesh,North
C00089,Vikash Singh,vikash.singh89@example.com,Lucknow,Uttar Pradesh,North
C00090,Aman Rajput,aman.rajput90@example.com,Kanpur,Uttar Pradesh,North
C00091,Simran Verma,simran.verma91@example.com,Jaipur,Rajasthan,North
C00092,Aditi Singh,aditi.singh92@example.com,Kolkata,West Bengal,East
C00093,Simran Agarwal,simran.agarwal93@example.com,Chennai,Tamil Nadu,South
C00094,Ankit Verma,ankit.verma94@example.com,Chennai,Tamil Nadu,South
C00095,Aman Gupta,aman.gupta95@example.com,Kochi,Kerala,South
C00096,Rohan Gupta,rohan.gupta96@example.com,Bhubaneswar,Odisha,East
C00097,Priya Singh,priya.singh97@example.com,Delhi,Delhi,North
C00098,Sneha Agarwal,sneha.agarwal98@example.com,Kanpur,Uttar Pradesh,North
C00099,Arjun Mishra,arjun.mishra99@example.com,Pune,Maharashtra,West
C00100,Isha Gupta,isha.gupta100@example.com,Chandigarh,Chandigarh,North
C00101,Ananya Singh,ananya.singh101@example.com,Ahmedabad,Gujarat,West
C00102,Ananya Gupta,ananya.gupta102@example.com,Mumbai,Maharashtra,West
C00103,Sneha Mishra,sneha.mishra103@example.com,Bengaluru,Karnataka,South
C00104,Aditi Mishra,aditi.mishra104@example.com,Delhi,Delhi,North
C00105,Riya Gupta,riya.gupta105@example.com,Kanpur,Uttar Pradesh,North
C00106,Rohan Gupta,rohan.gupta106@example.com,Kanpur,Uttar Pradesh,North
C00107,Rahul Mishra,rahul.mishra107@example.com,Chandigarh,Chandigarh,North
C00108,Ankit Gupta,ankit.gupta108@example.com,Pune,Maharashtra,West
C00109,Priya Verma,priya.verma109@example.com,Surat,Gujarat,West
C00110,Isha Yadav,isha.yadav110@example.com,Surat,Gujarat,West
C00111,Aditya Singh,aditya.singh111@example.com,Kolkata,West Bengal,East
C00112,Ankit Sharma,ankit.sharma112@example.com,Delhi,Delhi,North
C00113,Priya Kumar,priya.kumar113@example.com,Surat,Gujarat,West
C00114,Vikash Yadav,vikash.yadav114@example.com,Kolkata,West Bengal,East
C00115,Riya Sharma,riya.sharma115@example.com,Kanpur,Uttar Pradesh,North
C00116,Arjun Kumar,arjun.kumar116@example.com,Jaipur,Rajasthan,North
C00117,Ananya Agarwal,ananya.agarwal117@example.com,Chandigarh,Chandigarh,North
C00118,Pooja Kumar,pooja.kumar118@example.com,Jaipur,Rajasthan,North
C00119,Sahil Patel,sahil.patel119@example.com,Jaipur,Rajasthan,North
C00120,Ananya Verma,ananya.verma120@example.com,Ahmedabad,Gujarat,West
C00121,Rahul Patel,rahul.patel121@example.com,Kolkata,West Bengal,East
C00122,Aditi Kumar,aditi.kumar122@example.com,Ahmedabad,Gujarat,West
C00123,Vikash Kumar,vikash.kumar123@example.com,Kolkata,West Bengal,East
C00124,Aarav Kumar,aarav.kumar124@example.com,Chennai,Tamil Nadu,South
C00125,Pooja Verma,pooja.verma125@example.com,Surat,Gujarat,West
C00126,Vikash Singh,vikash.singh126@example.com,Kochi,Kerala,South
C00127,Aditya Yadav,aditya.yadav127@example.com,Ahmedabad,Gujarat,West
C00128,Karan Yadav,karan.yadav128@example.com,Hyderabad,Telangana,South
C00129,Sahil Verma,sahil.verma129@example.com,Ahmedabad,Gujarat,West
C00130,Aarav Verma,aarav.verma130@example.com,Kochi,Kerala,South
C00131,Priya Gupta,priya.gupta131@example.com,Lucknow,Uttar Pradesh,North
C00132,Ankit Patel,ankit.patel132@example.com,Kochi,Kerala,South
C00133,Riya Patel,riya.patel133@example.com,Delhi,Delhi,North
C00134,Rahul Gupta,rahul.gupta134@example.com,Mumbai,Maharashtra,West
C00135,Simran Gupta,simran.gupta135@example.com,Jaipur,Rajasthan,North
C00136,Rahul Agarwal,rahul.agarwal136@example.com,Kolkata,West Bengal,East
C00137,Ananya Patel,ananya.patel137@example.com,Kolkata,West Bengal,East
C00138,Aditi Mishra,aditi.mishra138@example.com,Kanpur,Uttar Pradesh,North
C00139,Neha Agarwal,neha.agarwal139@example.com,Pune,Maharashtra,West
C00140,Ankit Sharma,ankit.sharma140@example.com,Kolkata,West Bengal,East
C00141,Aarav Mishra,aarav.mishra141@example.com,Pune,Maharashtra,West
C00142,Ananya Rajput,ananya.rajput142@example.com,Lucknow,Uttar Pradesh,North
C00143,Priya Agarwal,priya.agarwal143@example.com,Chennai,Tamil Nadu,South
C00144,Rahul Gupta,rahul.gupta144@example.com,Bengaluru,Karnataka,South
C00145,Pooja Patel,pooja.patel145@example.com,Kochi,Kerala,South
C00146,Sahil Mishra,sahil.mishra146@example.com,Chandigarh,Chandigarh,North
C00147,Karan Rajput,karan.rajput147@example.com,Kochi,Kerala,South
C00148,Vikash Agarwal,vikash.agarwal148@example.com,Bengaluru,Karnataka,South
C00149,Neha Mishra,neha.mishra149@example.com,Delhi,Delhi,North
C00150,Sahil Gupta,sahil.gupta150@example.com,Pune,Maharashtra,West
C00151,Pooja Agarwal,pooja.agarwal151@example.com,Chennai,Tamil Nadu,South
C00152,Sneha Yadav,sneha.yadav152@example.com,Bhubaneswar,Odisha,East
C00153,Karan Mishra,karan.mishra153@example.com,Patna,Bihar,East
C00154,Vikash Singh,vikash.singh154@example.com,Bengaluru,Karnataka,South
C00155,Isha Agarwal,isha.agarwal155@example.com,Chennai,Tamil Nadu,South
C00156,Arjun Verma,arjun.verma156@example.com,Bengaluru,Karnataka,South
C00157,Aman Verma,aman.verma157@example.com,Chandigarh,Chandigarh,North
C00158,Aarav Sharma,aarav.sharma158@example.com,Ahmedabad,Gujarat,West
C00159,Kavya Agarwal,kavya.agarwal159@example.com,Lucknow,Uttar Pradesh,North
C00160,Sneha Rajput,sneha.rajput160@example.com,Pune,Maharashtra,West
C00161,Neha Yadav,neha.yadav161@example.com,Kochi,Kerala,South
C00162,Aman Kumar,aman.kumar162@example.com,Delhi,Delhi,North
C00163,Rahul Rajput,rahul.rajput163@example.com,Ahmedabad,Gujarat,West
C00164,Vikash Mishra,vikash.mishra164@example.com,Bhubaneswar,Odisha,East
C00165,Aditya Mishra,aditya.mishra165@example.com,Ahmedabad,Gujarat,West
C00166,Rahul Yadav,rahul.yadav166@example.com,Chandigarh,Chandigarh,North
C00167,Sneha Mishra,sneha.mishra167@example.com,Chennai,Tamil Nadu,South
C00168,Sneha Agarwal,sneha.agarwal168@example.com,Kolkata,West Bengal,East
C00169,Riya Yadav,riya.yadav169@example.com,Mumbai,Maharashtra,West
C00170,Kavya Yadav,kavya.yadav170@example.com,Surat,Gujarat,West
C00171,Aman Gupta,aman.gupta171@example.com,Patna,Bihar,East
C00172,Aman Gupta,aman.gupta172@example.com,Bhubaneswar,Odisha,East
C00173,Arjun Gupta,arjun.gupta173@example.com,Ahmedabad,Gujarat,West
C00174,Ankit Patel,ankit.patel174@example.com,Chennai,Tamil Nadu,South
C00175,Riya Singh,riya.singh175@example.com,Chandigarh,Chandigarh,North
C00176,Rohan Verma,rohan.verma176@example.com,Kochi,Kerala,South
C00177,Rohan Verma,rohan.verma177@example.com,Lucknow,Uttar Pradesh,North
C00178,Pooja Rajput,pooja.rajput178@example.com,Chennai,Tamil Nadu,South
C00179,Riya Yadav,riya.yadav179@example.com,Kolkata,West Bengal,East
C00180,Aditya Verma,aditya.verma180@example.com,Kolkata,West Bengal,East
C00181,Neha Agarwal,neha.agarwal181@example.com,Delhi,Delhi,North
C00182,Simran Rajput,simran.rajput182@example.com,Patna,Bihar,East
C00183,Aarav Patel,aarav.patel183@example.com,Bengaluru,Karnataka,South
C00184,Neha Rajput,neha.rajput184@example.com,Ahmedabad,Gujarat,West
C00185,Kavya Verma,kavya.verma185@example.com,Surat,Gujarat,West
C00186,Pooja Yadav,pooja.yadav186@example.com,Delhi,Delhi,North
C00187,Neha Patel,neha.patel187@example.com,Kochi,Kerala,South
C00188,Vikash Yadav,vikash.yadav188@example.com,Chandigarh,Chandigarh,North
C00189,Aditi Mishra,aditi.mishra189@example.com,Delhi,Delhi,North
C00190,Neha Agarwal,neha.agarwal190@example.com,Delhi,Delhi,North
C00191,Arjun Rajput,arjun.rajput191@example.com,Chandigarh,Chandigarh,North
C00192,Sneha Kumar,sneha.kumar192@example.com,Jaipur,Rajasthan,North
C00193,Ankit Rajput,ankit.rajput193@example.com,Chennai,Tamil Nadu,South
C00194,Karan Yadav,karan.yadav194@example.com,Chennai,Tamil Nadu,South
C00195,Priya Rajput,priya.rajput195@example.com,Surat,Gujarat,West
C00196,Pooja Gupta,pooja.gupta196@example.com,Lucknow,Uttar Pradesh,North
C00197,Kavya Sharma,kavya.sharma197@example.com,Jaipur,Rajasthan,North
C00198,Ananya Verma,ananya.verma198@example.com,Lucknow,Uttar Pradesh,North
C00199,Aditya Sharma,aditya.sharma199@example.com,Ahmedabad,Gujarat,West
C00200,Karan Sharma,karan.sharma200@example.com,Chandigarh,Chandigarh,North
C00201,Aman Kumar,aman.kumar201@example.com,Patna,Bihar,East
C00202,Rahul Agarwal,rahul.agarwal202@example.com,Pune,Maharashtra,West
C00203,Sneha Gupta,sneha.gupta203@example.com,Hyderabad,Telangana,South
C00204,Vikash Agarwal,vikash.agarwal204@example.com,Kanpur,Uttar Pradesh,North
C00205,Vikash Gupta,vikash.gupta205@example.com,Kanpur,Uttar Pradesh,North
C00206,Simran Sharma,simran.sharma206@example.com,Bengaluru,Karnataka,South
C00207,Simran Rajput,simran.rajput207@example.com,Kochi,Kerala,South
C00208,Karan Singh,karan.singh208@example.com,Ahmedabad,Gujarat,West
C00209,Rahul Gupta,rahul.gupta209@example.com,Kanpur,Uttar Pradesh,North
C00210,Simran Sharma,simran.sharma210@example.com,Hyderabad,Telangana,South
C00211,Riya Rajput,riya.rajput211@example.com,Hyderabad,Telangana,South
C00212,Arjun Mishra,arjun.mishra212@example.com,Chennai,Tamil Nadu,South
C00213,Aarav Rajput,aarav.rajput213@example.com,Patna,Bihar,East
C00214,Rahul Rajput,rahul.rajput214@example.com,Hyderabad,Telangana,South
C00215,Sneha Kumar,sneha.kumar215@example.com,Kolkata,West Bengal,East
C00216,Vikash Mishra,vikash.mishra216@example.com,Surat,Gujarat,West
C00217,Aditi Mishra,aditi.mishra217@example.com,Patna,Bihar,East
C00218,Sneha Rajput,sneha.rajput218@example.com,Surat,Gujarat,West
C00219,Priya Verma,priya.verma219@example.com,Lucknow,Uttar Pradesh,North
C00220,Ankit Yadav,ankit.yadav220@example.com,Ahmedabad,Gujarat,West
C00221,Sneha Agarwal,sneha.agarwal221@example.com,Kochi,Kerala,South
C00222,Priya Sharma,priya.sharma222@example.com,Patna,Bihar,East
C00223,Priya Kumar,priya.kumar223@example.com,Patna,Bihar,East
C00224,Karan Patel,karan.patel224@example.com,Surat,Gujarat,West
C00225,Priya Gupta,priya.gupta225@example.com,Surat,Gujarat,West
C00226,Riya Sharma,riya.sharma226@example.com,Pune,Maharashtra,West
C00227,Arjun Verma,arjun.verma227@example.com,Kolkata,West Bengal,East
C00228,Kavya Mishra,kavya.mishra228@example.com,Ahmedabad,Gujarat,West
C00229,Kavya Yadav,kavya.yadav229@example.com,Bhubaneswar,Odisha,East
C00230,Aarav Singh,aarav.singh230@example.com,Bengaluru,Karnataka,South
C00231,Aman Rajput,aman.rajput231@example.com,Ahmedabad,Gujarat,West
C00232,Sahil Agarwal,sahil.agarwal232@example.com,Hyderabad,Telangana,South
C00233,Kavya Mishra,kavya.mishra233@example.com,Hyderabad,Telangana,South
C00234,Pooja Mishra,pooja.mishra234@example.com,Chennai,Tamil Nadu,South
C00235,Ananya Yadav,ananya.yadav235@example.com,Surat,Gujarat,West
C00236,Sahil Gupta,sahil.gupta236@example.com,Ahmedabad,Gujarat,West
C00237,Rahul Verma,rahul.verma237@example.com,Chennai,Tamil Nadu,South
C00238,Rahul Mishra,rahul.mishra238@example.com,Mumbai,Maharashtra,West
C00239,Karan Verma,karan.verma239@example.com,Patna,Bihar,East
C00240,Ankit Agarwal,ankit.agarwal240@example.com,Bengaluru,Karnataka,South
C00241,Rahul Verma,rahul.verma241@example.com,Bengaluru,Karnataka,South
C00242,Aman Patel,aman.patel242@example.com,Mumbai,Maharashtra,West
C00243,Sahil Sharma,sahil.sharma243@example.com,Chandigarh,Chandigarh,North
C00244,Ankit Sharma,ankit.sharma244@example.com,Jaipur,Rajasthan,North
C00245,Riya Gupta,riya.gupta245@example.com,Chandigarh,Chandigarh,North
C00246,Kavya Singh,kavya.singh246@example.com,Delhi,Delhi,North
C00247,Simran Gupta,simran.gupta247@example.com,Patna,Bihar,East
C00248,Kavya Yadav,kavya.yadav248@example.com,Chennai,Tamil Nadu,South
C00249,Vikash Sharma,vikash.sharma249@example.com,Surat,Gujarat,West
C00250,Kavya Singh,kavya.singh250@example.com,Lucknow,Uttar Pradesh,North
C00251,Neha Yadav,neha.yadav251@example.com,Lucknow,Uttar Pradesh,North
C00252,Simran Sharma,simran.sharma252@example.com,Chandigarh,Chandigarh,North
C00253,Rohan Agarwal,rohan.agarwal253@example.com,Bengaluru,Karnataka,South
C00254,Arjun Verma,arjun.verma254@example.com,Kanpur,Uttar Pradesh,North
C00255,Riya Rajput,riya.rajput255@example.com,Ahmedabad,Gujarat,West
C00256,Isha Rajput,isha.rajput256@example.com,Bhubaneswar,Odisha,East
C00257,Sneha Gupta,sneha.gupta257@example.com,Kolkata,West Bengal,East
C00258,Sahil Agarwal,sahil.agarwal258@example.com,Jaipur,Rajasthan,North
C00259,Aditi Singh,aditi.singh259@example.com,Pune,Maharashtra,West
C00260,Karan Gupta,karan.gupta260@example.com,Lucknow,Uttar Pradesh,North
C00261,Vikash Verma,vikash.verma261@example.com,Mumbai,Maharashtra,West
C00262,Riya Singh,riya.singh262@example.com,Mumbai,Maharashtra,West
C00263,Aarav Rajput,aarav.rajput263@example.com,Bhubaneswar,Odisha,East
C00264,Aditi Yadav,aditi.yadav264@example.com,Bengaluru,Karnataka,South
C00265,Aditya Verma,aditya.verma265@example.com,Bengaluru,Karnataka,South
C00266,Sahil Yadav,sahil.yadav266@example.com,Lucknow,Uttar Pradesh,North
C00267,Aman Gupta,aman.gupta267@example.com,Pune,Maharashtra,West
C00268,Pooja Singh,pooja.singh268@example.com,Ahmedabad,Gujarat,West
C00269,Rohan Gupta,rohan.gupta269@example.com,Chandigarh,Chandigarh,North
C00270,Arjun Sharma,arjun.sharma270@example.com,Mumbai,Maharashtra,West
C00271,Sahil Agarwal,sahil.agarwal271@example.com,Bengaluru,Karnataka,South
C00272,Sneha Singh,sneha.singh272@example.com,Bhubaneswar,Odisha,East
C00273,Sahil Rajput,sahil.rajput273@example.com,Surat,Gujarat,West
C00274,Isha Mishra,isha.mishra274@example.com,Patna,Bihar,East
C00275,Sneha Singh,sneha.singh275@example.com,Jaipur,Rajasthan,North
C00276,Pooja Patel,pooja.patel276@example.com,Surat,Gujarat,West
C00277,Aarav Singh,aarav.singh277@example.com,Ahmedabad,Gujarat,West
C00278,Simran Agarwal,simran.agarwal278@example.com,Delhi,Delhi,North
C00279,Ankit Agarwal,ankit.agarwal279@example.com,Jaipur,Rajasthan,North
C00280,Vikash Yadav,vikash.yadav280@example.com,Bhubaneswar,Odisha,East
C00281,Ankit Kumar,ankit.kumar281@example.com,Kolkata,West Bengal,East
C00282,Kavya Singh,kavya.singh282@example.com,Patna,Bihar,East
C00283,Ananya Rajput,ananya.rajput283@example.com,Chennai,Tamil Nadu,South
C00284,Priya Singh,priya.singh284@example.com,Mumbai,Maharashtra,West
C00285,Priya Rajput,priya.rajput285@example.com,Patna,Bihar,East
C00286,Sahil Rajput,sahil.rajput286@example.com,Jaipur,Rajasthan,North
C00287,Sneha Singh,sneha.singh287@example.com,Chennai,Tamil Nadu,South
C00288,Ankit Patel,ankit.patel288@example.com,Kanpur,Uttar Pradesh,North
C00289,Neha Mishra,neha.mishra289@example.com,Delhi,Delhi,North
C00290,Riya Yadav,riya.yadav290@example.com,Kolkata,West Bengal,East
C00291,Aditya Verma,aditya.verma291@example.com,Hyderabad,Telangana,South
C00292,Aditi Yadav,aditi.yadav292@example.com,Bhubaneswar,Odisha,East
C00293,Aditya Verma,aditya.verma293@example.com,Surat,Gujarat,West
C00294,Riya Kumar,riya.kumar294@example.com,Bengaluru,Karnataka,South
C00295,Sneha Yadav,sneha.yadav295@example.com,Kanpur,Uttar Pradesh,North
C00296,Aarav Agarwal,aarav.agarwal296@example.com,Ahmedabad,Gujarat,West
C00297,Vikash Gupta,vikash.gupta297@example.com,Delhi,Delhi,North
C00298,Riya Rajput,riya.rajput298@example.com,Lucknow,Uttar Pradesh,North
C00299,Aman Singh,aman.singh299@example.com,Bhubaneswar,Odisha,East
C00300,Rahul Kumar,rahul.kumar300@example.com,Patna,Bihar,East
C00301,Sahil Mishra,sahil.mishra301@example.com,Surat,Gujarat,West
C00302,Pooja Yadav,pooja.yadav302@example.com,Patna,Bihar,East
C00303,Aman Yadav,aman.yadav303@example.com,Chandigarh,Chandigarh,North
C00304,Neha Verma,neha.verma304@example.com,Chandigarh,Chandigarh,North
C00305,Arjun Gupta,arjun.gupta305@example.com,Kolkata,West Bengal,East
C00306,Priya Mishra,priya.mishra306@example.com,Surat,Gujarat,West
C00307,Aarav Gupta,aarav.gupta307@example.com,Bengaluru,Karnataka,South
C00308,Simran Agarwal,simran.agarwal308@example.com,Patna,Bihar,East
C00309,Rohan Yadav,rohan.yadav309@example.com,Patna,Bihar,East
C00310,Ananya Patel,ananya.patel310@example.com,Kochi,Kerala,South
C00311,Sneha Patel,sneha.patel311@example.com,Pune,Maharashtra,West
C00312,Aman Agarwal,aman.agarwal312@example.com,Kochi,Kerala,South
C00313,Aman Rajput,aman.rajput313@example.com,Jaipur,Rajasthan,North
C00314,Priya Yadav,priya.yadav314@example.com,Kochi,Kerala,South
C00315,Neha Kumar,neha.kumar315@example.com,Patna,Bihar,East
C00316,Aditya Kumar,aditya.kumar316@example.com,Chennai,Tamil Nadu,South
C00317,Rahul Yadav,rahul.yadav317@example.com,Kanpur,Uttar Pradesh,North
C00318,Isha Yadav,isha.yadav318@example.com,Delhi,Delhi,North
C00319,Rohan Rajput,rohan.rajput319@example.com,Chandigarh,Chandigarh,North
C00320,Arjun Yadav,arjun.yadav320@example.com,Surat,Gujarat,West
C00321,Priya Agarwal,priya.agarwal321@example.com,Kochi,Kerala,South
C00322,Arjun Patel,arjun.patel322@example.com,Kochi,Kerala,South
C00323,Priya Yadav,priya.yadav323@example.com,Jaipur,Rajasthan,North
C00324,Aditi Singh,aditi.singh324@example.com,Ahmedabad,Gujarat,West
C00325,Sahil Verma,sahil.verma325@example.com,Lucknow,Uttar Pradesh,North
C00326,Pooja Singh,pooja.singh326@example.com,Kanpur,Uttar Pradesh,North
C00327,Sneha Kumar,sneha.kumar327@example.com,Bengaluru,Karnataka,South
C00328,Aarav Sharma,aarav.sharma328@example.com,Chennai,Tamil Nadu,South
C00329,Aditya Gupta,aditya.gupta329@example.com,Hyderabad,Telangana,South
C00330,Ananya Rajput,ananya.rajput330@example.com,Chandigarh,Chandigarh,North
C00331,Aman Mishra,aman.mishra331@example.com,Kolkata,West Bengal,East
C00332,Simran Kumar,simran.kumar332@example.com,Mumbai,Maharashtra,West
C00333,Vikash Singh,vikash.singh333@example.com,Kochi,Kerala,South
C00334,Aditi Verma,aditi.verma334@example.com,Patna,Bihar,East
C00335,Simran Kumar,simran.kumar335@example.com,Ahmedabad,Gujarat,West
C00336,Sneha Gupta,sneha.gupta336@example.com,Bhubaneswar,Odisha,East
C00337,Ankit Sharma,ankit.sharma337@example.com,Bhubaneswar,Odisha,East
C00338,Sahil Mishra,sahil.mishra338@example.com,Mumbai,Maharashtra,West
C00339,Arjun Yadav,arjun.yadav339@example.com,Hyderabad,Telangana,South
C00340,Simran Gupta,simran.gupta340@example.com,Kolkata,West Bengal,East
C00341,Ankit Yadav,ankit.yadav341@example.com,Bengaluru,Karnataka,South
C00342,Karan Rajput,karan.rajput342@example.com,Patna,Bihar,East
C00343,Rahul Verma,rahul.verma343@example.com,Kochi,Kerala,South
C00344,Simran Patel,simran.patel344@example.com,Bengaluru,Karnataka,South
C00345,Sahil Sharma,sahil.sharma345@example.com,Kochi,Kerala,South
C00346,Ankit Sharma,ankit.sharma346@example.com,Jaipur,Rajasthan,North
C00347,Aditi Yadav,aditi.yadav347@example.com,Bengaluru,Karnataka,South
C00348,Aman Agarwal,aman.agarwal348@example.com,Hyderabad,Telangana,South
C00349,Aman Verma,aman.verma349@example.com,Surat,Gujarat,West
C00350,Rohan Singh,rohan.singh350@example.com,Jaipur,Rajasthan,North
C00351,Sahil Yadav,sahil.yadav351@example.com,Jaipur,Rajasthan,North
C00352,Simran Patel,simran.patel352@example.com,Chandigarh,Chandigarh,North
C00353,Arjun Gupta,arjun.gupta353@example.com,Chennai,Tamil Nadu,South
C00354,Pooja Kumar,pooja.kumar354@example.com,Pune,Maharashtra,West
C00355,Rohan Mishra,rohan.mishra355@example.com,Hyderabad,Telangana,South
C00356,Isha Mishra,isha.mishra356@example.com,Surat,Gujarat,West
C00357,Vikash Gupta,vikash.gupta357@example.com,Patna,Bihar,East
C00358,Sahil Patel,sahil.patel358@example.com,Kanpur,Uttar Pradesh,North
C00359,Sneha Singh,sneha.singh359@example.com,Chandigarh,Chandigarh,North
C00360,Aman Rajput,aman.rajput360@example.com,Hyderabad,Telangana,South
C00361,Arjun Rajput,arjun.rajput361@example.com,Delhi,Delhi,North
C00362,Ankit Mishra,ankit.mishra362@example.com,Kanpur,Uttar Pradesh,North
C00363,Sneha Patel,sneha.patel363@example.com,Surat,Gujarat,West
C00364,Simran Rajput,simran.rajput364@example.com,Hyderabad,Telangana,South
C00365,Rahul Verma,rahul.verma365@example.com,Patna,Bihar,East
C00366,Aarav Agarwal,aarav.agarwal366@example.com,Chennai,Tamil Nadu,South
C00367,Aditi Verma,aditi.verma367@example.com,Lucknow,Uttar Pradesh,North
C00368,Sneha Gupta,sneha.gupta368@example.com,Kolkata,West Bengal,East
C00369,Rahul Kumar,rahul.kumar369@example.com,Jaipur,Rajasthan,North
C00370,Aditya Gupta,aditya.gupta370@example.com,Patna,Bihar,East
C00371,Rahul Singh,rahul.singh371@example.com,Ahmedabad,Gujarat,West
C00372,Riya Kumar,riya.kumar372@example.com,Kochi,Kerala,South
C00373,Sneha Patel,sneha.patel373@example.com,Kolkata,West Bengal,East
C00374,Simran Kumar,simran.kumar374@example.com,Kolkata,West Bengal,East
C00375,Rahul Yadav,rahul.yadav375@example.com,Kolkata,West Bengal,East
C00376,Ankit Sharma,ankit.sharma376@example.com,Hyderabad,Telangana,South
C00377,Karan Yadav,karan.yadav377@example.com,Bhubaneswar,Odisha,East
C00378,Aman Patel,aman.patel378@example.com,Kanpur,Uttar Pradesh,North
C00379,Ananya Mishra,ananya.mishra379@example.com,Hyderabad,Telangana,South
C00380,Aditya Rajput,aditya.rajput380@example.com,Surat,Gujarat,West
C00381,Karan Singh,karan.singh381@example.com,Bhubaneswar,Odisha,East
C00382,Arjun Verma,arjun.verma382@example.com,Delhi,Delhi,North
C00383,Aditya Patel,aditya.patel383@example.com,Ahmedabad,Gujarat,West
C00384,Rohan Agarwal,rohan.agarwal384@example.com,Pune,Maharashtra,West
C00385,Arjun Mishra,arjun.mishra385@example.com,Pune,Maharashtra,West
C00386,Simran Verma,simran.verma386@example.com,Ahmedabad,Gujarat,West
C00387,Priya Kumar,priya.kumar387@example.com,Delhi,Delhi,North
C00388,Ankit Kumar,ankit.kumar388@example.com,Chandigarh,Chandigarh,North
C00389,Riya Gupta,riya.gupta389@example.com,Mumbai,Maharashtra,West
C00390,Rahul Sharma,rahul.sharma390@example.com,Chandigarh,Chandigarh,North
C00391,Aarav Patel,aarav.patel391@example.com,Ahmedabad,Gujarat,West
C00392,Simran Patel,simran.patel392@example.com,Delhi,Delhi,North
C00393,Vikash Gupta,vikash.gupta393@example.com,Jaipur,Rajasthan,North
C00394,Rohan Rajput,rohan.rajput394@example.com,Kanpur,Uttar Pradesh,North
C00395,Arjun Yadav,arjun.yadav395@example.com,Bhubaneswar,Odisha,East
C00396,Ananya Mishra,ananya.mishra396@example.com,Kanpur,Uttar Pradesh,North
C00397,Sneha Mishra,sneha.mishra397@example.com,Ahmedabad,Gujarat,West
C00398,Aditi Sharma,aditi.sharma398@example.com,Bengaluru,Karnataka,South
C00399,Sneha Sharma,sneha.sharma399@example.com,Jaipur,Rajasthan,North
C00400,Kavya Rajput,kavya.rajput400@example.com,Kolkata,West Bengal,East
C00401,Rahul Yadav,rahul.yadav401@example.com,Bhubaneswar,Odisha,East
C00402,Arjun Singh,arjun.singh402@example.com,Chennai,Tamil Nadu,South
C00403,Aditi Kumar,aditi.kumar403@example.com,Lucknow,Uttar Pradesh,North
C00404,Rohan Gupta,rohan.gupta404@example.com,Chennai,Tamil Nadu,South
C00405,Neha Agarwal,neha.agarwal405@example.com,Bengaluru,Karnataka,South
C00406,Sneha Mishra,sneha.mishra406@example.com,Kolkata,West Bengal,East
C00407,Rahul Singh,rahul.singh407@example.com,Pune,Maharashtra,West
C00408,Pooja Yadav,pooja.yadav408@example.com,Ahmedabad,Gujarat,West
C00409,Pooja Patel,pooja.patel409@example.com,Bhubaneswar,Odisha,East
C00410,Neha Rajput,neha.rajput410@example.com,Kanpur,Uttar Pradesh,North
C00411,Priya Rajput,priya.rajput411@example.com,Chennai,Tamil Nadu,South
C00412,Ankit Patel,ankit.patel412@example.com,Chandigarh,Chandigarh,North
C00413,Kavya Singh,kavya.singh413@example.com,Lucknow,Uttar Pradesh,North
C00414,Arjun Singh,arjun.singh414@example.com,Kolkata,West Bengal,East
C00415,Rahul Patel,rahul.patel415@example.com,Chandigarh,Chandigarh,North
C00416,Riya Sharma,riya.sharma416@example.com,Chennai,Tamil Nadu,South
C00417,Rahul Rajput,rahul.rajput417@example.com,Hyderabad,Telangana,South
C00418,Pooja Sharma,pooja.sharma418@example.com,Bengaluru,Karnataka,South
C00419,Aditi Gupta,aditi.gupta419@example.com,Hyderabad,Telangana,South
C00420,Rahul Agarwal,rahul.agarwal420@example.com,Pune,Maharashtra,West
C00421,Rohan Yadav,rohan.yadav421@example.com,Ahmedabad,Gujarat,West
C00422,Rahul Patel,rahul.patel422@example.com,Hyderabad,Telangana,South
C00423,Rahul Gupta,rahul.gupta423@example.com,Ahmedabad,Gujarat,West
C00424,Pooja Mishra,pooja.mishra424@example.com,Delhi,Delhi,North
C00425,Aditi Gupta,aditi.gupta425@example.com,Delhi,Delhi,North
C00426,Vikash Gupta,vikash.gupta426@example.com,Bengaluru,Karnataka,South
C00427,Priya Patel,priya.patel427@example.com,Delhi,Delhi,North
C00428,Vikash Kumar,vikash.kumar428@example.com,Kochi,Kerala,South
C00429,Arjun Kumar,arjun.kumar429@example.com,Delhi,Delhi,North
C00430,Arjun Mishra,arjun.mishra430@example.com,Pune,Maharashtra,West
C00431,Neha Rajput,neha.rajput431@example.com,Bhubaneswar,Odisha,East
C00432,Priya Kumar,priya.kumar432@example.com,Hyderabad,Telangana,South
C00433,Sahil Patel,sahil.patel433@example.com,Lucknow,Uttar Pradesh,North
C00434,Aditya Kumar,aditya.kumar434@example.com,Mumbai,Maharashtra,West
C00435,Aditi Sharma,aditi.sharma435@example.com,Lucknow,Uttar Pradesh,North
C00436,Ankit Yadav,ankit.yadav436@example.com,Kolkata,West Bengal,East
C00437,Kavya Agarwal,kavya.agarwal437@example.com,Bhubaneswar,Odisha,East
C00438,Pooja Gupta,pooja.gupta438@example.com,Pune,Maharashtra,West
C00439,Isha Singh,isha.singh439@example.com,Hyderabad,Telangana,South
C00440,Pooja Singh,pooja.singh440@example.com,Bengaluru,Karnataka,South
C00441,Simran Yadav,simran.yadav441@example.com,Bengaluru,Karnataka,South
C00442,Aditya Verma,aditya.verma442@example.com,Kochi,Kerala,South
C00443,Aditi Sharma,aditi.sharma443@example.com,Delhi,Delhi,North
C00444,Karan Gupta,karan.gupta444@example.com,Pune,Maharashtra,West
C00445,Rohan Gupta,rohan.gupta445@example.com,Bengaluru,Karnataka,South
C00446,Priya Singh,priya.singh446@example.com,Delhi,Delhi,North
C00447,Kavya Rajput,kavya.rajput447@example.com,Mumbai,Maharashtra,West
C00448,Rohan Rajput,rohan.rajput448@example.com,Ahmedabad,Gujarat,West
C00449,Isha Mishra,isha.mishra449@example.com,Hyderabad,Telangana,South
C00450,Arjun Rajput,arjun.rajput450@example.com,Jaipur,Rajasthan,North
C00451,Pooja Sharma,pooja.sharma451@example.com,Bhubaneswar,Odisha,East
C00452,Arjun Patel,arjun.patel452@example.com,Kolkata,West Bengal,East
C00453,Simran Rajput,simran.rajput453@example.com,Kolkata,West Bengal,East
C00454,Sahil Singh,sahil.singh454@example.com,Kochi,Kerala,South
C00455,Aarav Patel,aarav.patel455@example.com,Mumbai,Maharashtra,West
C00456,Aditi Yadav,aditi.yadav456@example.com,Hyderabad,Telangana,South
C00457,Arjun Rajput,arjun.rajput457@example.com,Kanpur,Uttar Pradesh,North
C00458,Aman Rajput,aman.rajput458@example.com,Kochi,Kerala,South
C00459,Isha Singh,isha.singh459@example.com,Kochi,Kerala,South
C00460,Sahil Patel,sahil.patel460@example.com,Ahmedabad,Gujarat,West
C00461,Priya Kumar,priya.kumar461@example.com,Lucknow,Uttar Pradesh,North
C00462,Isha Singh,isha.singh462@example.com,Pune,Maharashtra,West
C00463,Ananya Patel,ananya.patel463@example.com,Chandigarh,Chandigarh,North
C00464,Aman Singh,aman.singh464@example.com,Chandigarh,Chandigarh,North
C00465,Ankit Verma,ankit.verma465@example.com,Mumbai,Maharashtra,West
C00466,Aditi Kumar,aditi.kumar466@example.com,Lucknow,Uttar Pradesh,North
C00467,Vikash Yadav,vikash.yadav467@example.com,Bhubaneswar,Odisha,East
C00468,Simran Agarwal,simran.agarwal468@example.com,Bhubaneswar,Odisha,East
C00469,Simran Agarwal,simran.agarwal469@example.com,Chennai,Tamil Nadu,South
C00470,Priya Kumar,priya.kumar470@example.com,Bhubaneswar,Odisha,East
C00471,Arjun Yadav,arjun.yadav471@example.com,Bhubaneswar,Odisha,East
C00472,Sahil Gupta,sahil.gupta472@example.com,Jaipur,Rajasthan,North
C00473,Ananya Mishra,ananya.mishra473@example.com,Lucknow,Uttar Pradesh,North
C00474,Sahil Yadav,sahil.yadav474@example.com,Bhubaneswar,Odisha,East
C00475,Aditya Sharma,aditya.sharma475@example.com,Hyderabad,Telangana,South
C00476,Sahil Singh,sahil.singh476@example.com,Lucknow,Uttar Pradesh,North
C00477,Aditi Agarwal,aditi.agarwal477@example.com,Kochi,Kerala,South
C00478,Sneha Agarwal,sneha.agarwal478@example.com,Jaipur,Rajasthan,North
C00479,Sneha Agarwal,sneha.agarwal479@example.com,Pune,Maharashtra,West
C00480,Priya Agarwal,priya.agarwal480@example.com,Patna,Bihar,East
C00481,Isha Kumar,isha.kumar481@example.com,Jaipur,Rajasthan,North
C00482,Sneha Singh,sneha.singh482@example.com,Chennai,Tamil Nadu,South
C00483,Arjun Mishra,arjun.mishra483@example.com,Mumbai,Maharashtra,West
C00484,Aditya Verma,aditya.verma484@example.com,Bhubaneswar,Odisha,East
C00485,Sneha Mishra,sneha.mishra485@example.com,Mumbai,Maharashtra,West
C00486,Ananya Patel,ananya.patel486@example.com,Bengaluru,Karnataka,South
C00487,Neha Rajput,neha.rajput487@example.com,Chennai,Tamil Nadu,South
C00488,Aditi Sharma,aditi.sharma488@example.com,Chennai,Tamil Nadu,South
C00489,Arjun Patel,arjun.patel489@example.com,Kanpur,Uttar Pradesh,North
C00490,Riya Rajput,riya.rajput490@example.com,Bengaluru,Karnataka,South
C00491,Ankit Agarwal,ankit.agarwal491@example.com,Chandigarh,Chandigarh,North
C00492,Priya Singh,priya.singh492@example.com,Chandigarh,Chandigarh,North
C00493,Ananya Gupta,ananya.gupta493@example.com,Kochi,Kerala,South
C00494,Rohan Agarwal,rohan.agarwal494@example.com,Lucknow,Uttar Pradesh,North
C00495,Sahil Mishra,sahil.mishra495@example.com,Kochi,Kerala,South
C00496,Priya Kumar,priya.kumar496@example.com,Lucknow,Uttar Pradesh,North
C00497,Pooja Mishra,pooja.mishra497@example.com,Hyderabad,Telangana,South
C00498,Aarav Patel,aarav.patel498@example.com,Bengaluru,Karnataka,South
C00499,Vikash Verma,vikash.verma499@example.com,Chennai,Tamil Nadu,South
C00500,Kavya Verma,kavya.verma500@example.com,Ahmedabad,Gujarat,West
C00501,Rohan Kumar,rohan.kumar501@example.com,Lucknow,Uttar Pradesh,North
C00502,Sahil Singh,sahil.singh502@example.com,Jaipur,Rajasthan,North
C00503,Priya Agarwal,priya.agarwal503@example.com,Chandigarh,Chandigarh,North
C00504,Aditi Rajput,aditi.rajput504@example.com,Chandigarh,Chandigarh,North
C00505,Vikash Kumar,vikash.kumar505@example.com,Mumbai,Maharashtra,West
C00506,Sneha Sharma,sneha.sharma506@example.com,Kolkata,West Bengal,East
C00507,Ananya Verma,ananya.verma507@example.com,Bhubaneswar,Odisha,East
C00508,Aditi Gupta,aditi.gupta508@example.com,Bhubaneswar,Odisha,East
C00509,Aman Mishra,aman.mishra509@example.com,Ahmedabad,Gujarat,West
C00510,Sahil Yadav,sahil.yadav510@example.com,Pune,Maharashtra,West
C00511,Ananya Agarwal,ananya.agarwal511@example.com,Bhubaneswar,Odisha,East
C00512,Sneha Gupta,sneha.gupta512@example.com,Kochi,Kerala,South
C00513,Isha Mishra,isha.mishra513@example.com,Kolkata,West Bengal,East
C00514,Vikash Verma,vikash.verma514@example.com,Chandigarh,Chandigarh,North
C00515,Ankit Sharma,ankit.sharma515@example.com,Patna,Bihar,East
C00516,Ananya Mishra,ananya.mishra516@example.com,Kanpur,Uttar Pradesh,North
C00517,Isha Singh,isha.singh517@example.com,Bengaluru,Karnataka,South
C00518,Arjun Kumar,arjun.kumar518@example.com,Surat,Gujarat,West
C00519,Sneha Mishra,sneha.mishra519@example.com,Chandigarh,Chandigarh,North
C00520,Pooja Singh,pooja.singh520@example.com,Ahmedabad,Gujarat,West
C00521,Sneha Patel,sneha.patel521@example.com,Delhi,Delhi,North
C00522,Pooja Sharma,pooja.sharma522@example.com,Kochi,Kerala,South
C00523,Isha Patel,isha.patel523@example.com,Ahmedabad,Gujarat,West
C00524,Neha Singh,neha.singh524@example.com,Hyderabad,Telangana,South
C00525,Aman Sharma,aman.sharma525@example.com,Chennai,Tamil Nadu,South
C00526,Rahul Patel,rahul.patel526@example.com,Chandigarh,Chandigarh,North
C00527,Rohan Sharma,rohan.sharma527@example.com,Bengaluru,Karnataka,South
C00528,Kavya Kumar,kavya.kumar528@example.com,Patna,Bihar,East
C00529,Sneha Agarwal,sneha.agarwal529@example.com,Delhi,Delhi,North
C00530,Arjun Sharma,arjun.sharma530@example.com,Surat,Gujarat,West
C00531,Karan Kumar,karan.kumar531@example.com,Kolkata,West Bengal,East
C00532,Rahul Gupta,rahul.gupta532@example.com,Ahmedabad,Gujarat,West
C00533,Sahil Singh,sahil.singh533@example.com,Jaipur,Rajasthan,North
C00534,Aman Rajput,aman.rajput534@example.com,Bhubaneswar,Odisha,East
C00535,Arjun Singh,arjun.singh535@example.com,Patna,Bihar,East
C00536,Aditi Mishra,aditi.mishra536@example.com,Delhi,Delhi,North
C00537,Isha Agarwal,isha.agarwal537@example.com,Ahmedabad,Gujarat,West
C00538,Rohan Gupta,rohan.gupta538@example.com,Kolkata,West Bengal,East
C00539,Aarav Agarwal,aarav.agarwal539@example.com,Hyderabad,Telangana,South
C00540,Aman Agarwal,aman.agarwal540@example.com,Kolkata,West Bengal,East
C00541,Vikash Singh,vikash.singh541@example.com,Hyderabad,Telangana,South
C00542,Arjun Mishra,arjun.mishra542@example.com,Delhi,Delhi,North
C00543,Neha Yadav,neha.yadav543@example.com,Jaipur,Rajasthan,North
C00544,Neha Patel,neha.patel544@example.com,Surat,Gujarat,West
C00545,Aarav Patel,aarav.patel545@example.com,Lucknow,Uttar Pradesh,North
C00546,Ananya Verma,ananya.verma546@example.com,Kanpur,Uttar Pradesh,North
C00547,Simran Patel,simran.patel547@example.com,Chandigarh,Chandigarh,North
C00548,Aditya Patel,aditya.patel548@example.com,Chennai,Tamil Nadu,South
C00549,Vikash Yadav,vikash.yadav549@example.com,Patna,Bihar,East
C00550,Vikash Kumar,vikash.kumar550@example.com,Lucknow,Uttar Pradesh,North
C00551,Sneha Sharma,sneha.sharma551@example.com,Bengaluru,Karnataka,South
C00552,Karan Sharma,karan.sharma552@example.com,Pune,Maharashtra,West
C00553,Aditya Patel,aditya.patel553@example.com,Bengaluru,Karnataka,South
C00554,Isha Rajput,isha.rajput554@example.com,Patna,Bihar,East
C00555,Ankit Sharma,ankit.sharma555@example.com,Pune,Maharashtra,West
C00556,Sahil Patel,sahil.patel556@example.com,Jaipur,Rajasthan,North
C00557,Priya Gupta,priya.gupta557@example.com,Kanpur,Uttar Pradesh,North
C00558,Ananya Rajput,ananya.rajput558@example.com,Kochi,Kerala,South
C00559,Sneha Rajput,sneha.rajput559@example.com,Chennai,Tamil Nadu,South
C00560,Vikash Yadav,vikash.yadav560@example.com,Patna,Bihar,East
C00561,Ananya Mishra,ananya.mishra561@example.com,Surat,Gujarat,West
C00562,Arjun Rajput,arjun.rajput562@example.com,Lucknow,Uttar Pradesh,North
C00563,Pooja Agarwal,pooja.agarwal563@example.com,Mumbai,Maharashtra,West
C00564,Riya Gupta,riya.gupta564@example.com,Chennai,Tamil Nadu,South
C00565,Rahul Singh,rahul.singh565@example.com,Chennai,Tamil Nadu,South
C00566,Sahil Gupta,sahil.gupta566@example.com,Bhubaneswar,Odisha,East
C00567,Aditi Rajput,aditi.rajput567@example.com,Mumbai,Maharashtra,West
C00568,Sneha Patel,sneha.patel568@example.com,Bhubaneswar,Odisha,East
C00569,Aditya Patel,aditya.patel569@example.com,Kolkata,West Bengal,East
C00570,Ankit Sharma,ankit.sharma570@example.com,Lucknow,Uttar Pradesh,North
C00571,Neha Patel,neha.patel571@example.com,Mumbai,Maharashtra,West
C00572,Aarav Kumar,aarav.kumar572@example.com,Bhubaneswar,Odisha,East
C00573,Aditya Kumar,aditya.kumar573@example.com,Lucknow,Uttar Pradesh,North
C00574,Aman Patel,aman.patel574@example.com,Hyderabad,Telangana,South
C00575,Neha Agarwal,neha.agarwal575@example.com,Jaipur,Rajasthan,North
C00576,Aditi Kumar,aditi.kumar576@example.com,Bhubaneswar,Odisha,East
C00577,Ananya Patel,ananya.patel577@example.com,Bhubaneswar,Odisha,East
C00578,Arjun Agarwal,arjun.agarwal578@example.com,Chandigarh,Chandigarh,North
C00579,Isha Patel,isha.patel579@example.com,Kochi,Kerala,South
C00580,Priya Gupta,priya.gupta580@example.com,Ahmedabad,Gujarat,West
C00581,Rahul Sharma,rahul.sharma581@example.com,Mumbai,Maharashtra,West
C00582,Kavya Mishra,kavya.mishra582@example.com,Kochi,Kerala,South
C00583,Riya Singh,riya.singh583@example.com,Surat,Gujarat,West
C00584,Ankit Yadav,ankit.yadav584@example.com,Pune,Maharashtra,West
C00585,Aditi Gupta,aditi.gupta585@example.com,Patna,Bihar,East
C00586,Karan Singh,karan.singh586@example.com,Chandigarh,Chandigarh,North
C00587,Arjun Yadav,arjun.yadav587@example.com,Mumbai,Maharashtra,West
C00588,Sneha Singh,sneha.singh588@example.com,Chennai,Tamil Nadu,South
C00589,Ananya Singh,ananya.singh589@example.com,Bengaluru,Karnataka,South
C00590,Sahil Kumar,sahil.kumar590@example.com,Mumbai,Maharashtra,West
C00591,Ananya Mishra,ananya.mishra591@example.com,Ahmedabad,Gujarat,West
C00592,Rahul Verma,rahul.verma592@example.com,Chandigarh,Chandigarh,North
C00593,Aman Yadav,aman.yadav593@example.com,Delhi,Delhi,North
C00594,Ananya Mishra,ananya.mishra594@example.com,Hyderabad,Telangana,South
C00595,Sneha Mishra,sneha.mishra595@example.com,Chandigarh,Chandigarh,North
C00596,Aditi Singh,aditi.singh596@example.com,Lucknow,Uttar Pradesh,North
C00597,Sahil Rajput,sahil.rajput597@example.com,Patna,Bihar,East
C00598,Isha Rajput,isha.rajput598@example.com,Kolkata,West Bengal,East
C00599,Simran Singh,simran.singh599@example.com,Chandigarh,Chandigarh,North
C00600,Priya Singh,priya.singh600@example.com,Bhubaneswar,Odisha,East
C00601,Sneha Mishra,sneha.mishra601@example.com,Hyderabad,Telangana,South
C00602,Rohan Mishra,rohan.mishra602@example.com,Mumbai,Maharashtra,West
C00603,Rohan Rajput,rohan.rajput603@example.com,Jaipur,Rajasthan,North
C00604,Rahul Mishra,rahul.mishra604@example.com,Chandigarh,Chandigarh,North
C00605,Sahil Kumar,sahil.kumar605@example.com,Mumbai,Maharashtra,West
C00606,Priya Verma,priya.verma606@example.com,Hyderabad,Telangana,South
C00607,Isha Gupta,isha.gupta607@example.com,Lucknow,Uttar Pradesh,North
C00608,Ankit Verma,ankit.verma608@example.com,Surat,Gujarat,West
C00609,Rohan Gupta,rohan.gupta609@example.com,Lucknow,Uttar Pradesh,North
C00610,Isha Kumar,isha.kumar610@example.com,Chandigarh,Chandigarh,North
C00611,Vikash Agarwal,vikash.agarwal611@example.com,Chennai,Tamil Nadu,South
C00612,Simran Sharma,simran.sharma612@example.com,Delhi,Delhi,North
C00613,Arjun Sharma,arjun.sharma613@example.com,Surat,Gujarat,West
C00614,Karan Agarwal,karan.agarwal614@example.com,Kolkata,West Bengal,East
C00615,Aditi Sharma,aditi.sharma615@example.com,Patna,Bihar,East
C00616,Riya Gupta,riya.gupta616@example.com,Bengaluru,Karnataka,South
C00617,Kavya Verma,kavya.verma617@example.com,Kochi,Kerala,South
C00618,Sahil Yadav,sahil.yadav618@example.com,Lucknow,Uttar Pradesh,North
C00619,Aditya Kumar,aditya.kumar619@example.com,Bhubaneswar,Odisha,East
C00620,Pooja Yadav,pooja.yadav620@example.com,Bhubaneswar,Odisha,East
C00621,Karan Patel,karan.patel621@example.com,Chandigarh,Chandigarh,North
C00622,Priya Patel,priya.patel622@example.com,Hyderabad,Telangana,South
C00623,Neha Kumar,neha.kumar623@example.com,Hyderabad,Telangana,South
C00624,Isha Mishra,isha.mishra624@example.com,Kanpur,Uttar Pradesh,North
C00625,Priya Verma,priya.verma625@example.com,Bhubaneswar,Odisha,East
C00626,Rahul Gupta,rahul.gupta626@example.com,Bhubaneswar,Odisha,East
C00627,Aman Kumar,aman.kumar627@example.com,Kanpur,Uttar Pradesh,North
C00628,Aditya Gupta,aditya.gupta628@example.com,Kochi,Kerala,South
C00629,Aditi Rajput,aditi.rajput629@example.com,Ahmedabad,Gujarat,West
C00630,Vikash Patel,vikash.patel630@example.com,Chennai,Tamil Nadu,South
C00631,Karan Kumar,karan.kumar631@example.com,Patna,Bihar,East
C00632,Isha Yadav,isha.yadav632@example.com,Patna,Bihar,East
C00633,Sahil Yadav,sahil.yadav633@example.com,Delhi,Delhi,North
C00634,Arjun Rajput,arjun.rajput634@example.com,Bhubaneswar,Odisha,East
C00635,Aman Verma,aman.verma635@example.com,Hyderabad,Telangana,South
C00636,Aditya Sharma,aditya.sharma636@example.com,Bengaluru,Karnataka,South
C00637,Kavya Agarwal,kavya.agarwal637@example.com,Patna,Bihar,East
C00638,Sahil Mishra,sahil.mishra638@example.com,Delhi,Delhi,North
C00639,Rahul Rajput,rahul.rajput639@example.com,Chandigarh,Chandigarh,North
C00640,Ankit Patel,ankit.patel640@example.com,Kochi,Kerala,South
C00641,Ananya Sharma,ananya.sharma641@example.com,Kochi,Kerala,South
C00642,Aditya Agarwal,aditya.agarwal642@example.com,Pune,Maharashtra,West
C00643,Ananya Mishra,ananya.mishra643@example.com,Bengaluru,Karnataka,South
C00644,Arjun Rajput,arjun.rajput644@example.com,Bhubaneswar,Odisha,East
C00645,Riya Gupta,riya.gupta645@example.com,Kanpur,Uttar Pradesh,North
C00646,Rohan Singh,rohan.singh646@example.com,Kochi,Kerala,South
C00647,Ananya Patel,ananya.patel647@example.com,Hyderabad,Telangana,South
C00648,Rohan Verma,rohan.verma648@example.com,Kochi,Kerala,South
C00649,Isha Sharma,isha.sharma649@example.com,Jaipur,Rajasthan,North
C00650,Aditya Kumar,aditya.kumar650@example.com,Chennai,Tamil Nadu,South
C00651,Kavya Mishra,kavya.mishra651@example.com,Bhubaneswar,Odisha,East
C00652,Rohan Agarwal,rohan.agarwal652@example.com,Chandigarh,Chandigarh,North
C00653,Priya Agarwal,priya.agarwal653@example.com,Chennai,Tamil Nadu,South
C00654,Vikash Rajput,vikash.rajput654@example.com,Bengaluru,Karnataka,South
C00655,Simran Patel,simran.patel655@example.com,Patna,Bihar,East
C00656,Simran Gupta,simran.gupta656@example.com,Patna,Bihar,East
C00657,Aarav Patel,aarav.patel657@example.com,Chennai,Tamil Nadu,South
C00658,Rahul Rajput,rahul.rajput658@example.com,Bengaluru,Karnataka,South
C00659,Aarav Agarwal,aarav.agarwal659@example.com,Patna,Bihar,East
C00660,Ankit Agarwal,ankit.agarwal660@example.com,Ahmedabad,Gujarat,West
C00661,Aditya Agarwal,aditya.agarwal661@example.com,Patna,Bihar,East
C00662,Vikash Mishra,vikash.mishra662@example.com,Kochi,Kerala,South
C00663,Rohan Verma,rohan.verma663@example.com,Jaipur,Rajasthan,North
C00664,Simran Singh,simran.singh664@example.com,Pune,Maharashtra,West
C00665,Aarav Yadav,aarav.yadav665@example.com,Chennai,Tamil Nadu,South
C00666,Pooja Kumar,pooja.kumar666@example.com,Kolkata,West Bengal,East
C00667,Karan Rajput,karan.rajput667@example.com,Patna,Bihar,East
C00668,Aditya Kumar,aditya.kumar668@example.com,Pune,Maharashtra,West
C00669,Riya Patel,riya.patel669@example.com,Patna,Bihar,East
C00670,Isha Rajput,isha.rajput670@example.com,Chennai,Tamil Nadu,South
C00671,Vikash Yadav,vikash.yadav671@example.com,Chennai,Tamil Nadu,South
C00672,Riya Patel,riya.patel672@example.com,Surat,Gujarat,West
C00673,Aditi Yadav,aditi.yadav673@example.com,Pune,Maharashtra,West
C00674,Aman Gupta,aman.gupta674@example.com,Bengaluru,Karnataka,South
C00675,Aman Gupta,aman.gupta675@example.com,Bengaluru,Karnataka,South
C00676,Karan Yadav,karan.yadav676@example.com,Chennai,Tamil Nadu,South
C00677,Kavya Patel,kavya.patel677@example.com,Surat,Gujarat,West
C00678,Sahil Singh,sahil.singh678@example.com,Kochi,Kerala,South
C00679,Neha Patel,neha.patel679@example.com,Chandigarh,Chandigarh,North
C00680,Sahil Sharma,sahil.sharma680@example.com,Bengaluru,Karnataka,South
C00681,Arjun Patel,arjun.patel681@example.com,Bhubaneswar,Odisha,East
C00682,Ankit Yadav,ankit.yadav682@example.com,Pune,Maharashtra,West
C00683,Karan Mishra,karan.mishra683@example.com,Surat,Gujarat,West
C00684,Riya Gupta,riya.gupta684@example.com,Chandigarh,Chandigarh,North
C00685,Rahul Agarwal,rahul.agarwal685@example.com,Ahmedabad,Gujarat,West
C00686,Aman Sharma,aman.sharma686@example.com,Ahmedabad,Gujarat,West
C00687,Aman Sharma,aman.sharma687@example.com,Kanpur,Uttar Pradesh,North
C00688,Pooja Patel,pooja.patel688@example.com,Patna,Bihar,East
C00689,Rahul Kumar,rahul.kumar689@example.com,Delhi,Delhi,North
C00690,Riya Kumar,riya.kumar690@example.com,Kolkata,West Bengal,East
C00691,Kavya Yadav,kavya.yadav691@example.com,Pune,Maharashtra,West
C00692,Sahil Patel,sahil.patel692@example.com,Bengaluru,Karnataka,South
C00693,Aditya Singh,aditya.singh693@example.com,Ahmedabad,Gujarat,West
C00694,Riya Sharma,riya.sharma694@example.com,Mumbai,Maharashtra,West
C00695,Pooja Kumar,pooja.kumar695@example.com,Jaipur,Rajasthan,North
C00696,Neha Yadav,neha.yadav696@example.com,Mumbai,Maharashtra,West
C00697,Sahil Sharma,sahil.sharma697@example.com,Delhi,Delhi,North
C00698,Sahil Agarwal,sahil.agarwal698@example.com,Kanpur,Uttar Pradesh,North
C00699,Priya Gupta,priya.gupta699@example.com,Bhubaneswar,Odisha,East
C00700,Riya Mishra,riya.mishra700@example.com,Patna,Bihar,East
C00701,Rohan Mishra,rohan.mishra701@example.com,Bhubaneswar,Odisha,East
C00702,Ankit Verma,ankit.verma702@example.com,Kanpur,Uttar Pradesh,North
C00703,Priya Kumar,priya.kumar703@example.com,Bhubaneswar,Odisha,East
C00704,Ankit Kumar,ankit.kumar704@example.com,Delhi,Delhi,North
C00705,Priya Gupta,priya.gupta705@example.com,Pune,Maharashtra,West
C00706,Vikash Agarwal,vikash.agarwal706@example.com,Kochi,Kerala,South
C00707,Pooja Mishra,pooja.mishra707@example.com,Chennai,Tamil Nadu,South
C00708,Arjun Rajput,arjun.rajput708@example.com,Kanpur,Uttar Pradesh,North
C00709,Vikash Kumar,vikash.kumar709@example.com,Patna,Bihar,East
C00710,Priya Verma,priya.verma710@example.com,Delhi,Delhi,North
C00711,Ankit Rajput,ankit.rajput711@example.com,Ahmedabad,Gujarat,West
C00712,Sneha Gupta,sneha.gupta712@example.com,Chennai,Tamil Nadu,South
C00713,Sahil Agarwal,sahil.agarwal713@example.com,Delhi,Delhi,North
C00714,Ankit Patel,ankit.patel714@example.com,Ahmedabad,Gujarat,West
C00715,Aditya Singh,aditya.singh715@example.com,Bhubaneswar,Odisha,East
C00716,Sahil Kumar,sahil.kumar716@example.com,Kochi,Kerala,South
C00717,Isha Gupta,isha.gupta717@example.com,Kanpur,Uttar Pradesh,North
C00718,Sahil Patel,sahil.patel718@example.com,Ahmedabad,Gujarat,West
C00719,Aman Kumar,aman.kumar719@example.com,Patna,Bihar,East
C00720,Rohan Yadav,rohan.yadav720@example.com,Hyderabad,Telangana,South
C00721,Pooja Mishra,pooja.mishra721@example.com,Patna,Bihar,East
C00722,Riya Verma,riya.verma722@example.com,Ahmedabad,Gujarat,West
C00723,Aditi Singh,aditi.singh723@example.com,Bhubaneswar,Odisha,East
C00724,Isha Patel,isha.patel724@example.com,Lucknow,Uttar Pradesh,North
C00725,Simran Singh,simran.singh725@example.com,Jaipur,Rajasthan,North
C00726,Riya Mishra,riya.mishra726@example.com,Pune,Maharashtra,West
C00727,Simran Mishra,simran.mishra727@example.com,Chandigarh,Chandigarh,North
C00728,Vikash Patel,vikash.patel728@example.com,Bhubaneswar,Odisha,East
C00729,Rahul Verma,rahul.verma729@example.com,Patna,Bihar,East
C00730,Arjun Mishra,arjun.mishra730@example.com,Bhubaneswar,Odisha,East
C00731,Aditya Yadav,aditya.yadav731@example.com,Chandigarh,Chandigarh,North
C00732,Isha Rajput,isha.rajput732@example.com,Bhubaneswar,Odisha,East
C00733,Simran Sharma,simran.sharma733@example.com,Bhubaneswar,Odisha,East
C00734,Sahil Sharma,sahil.sharma734@example.com,Kochi,Kerala,South
C00735,Ankit Sharma,ankit.sharma735@example.com,Pune,Maharashtra,West
C00736,Simran Singh,simran.singh736@example.com,Jaipur,Rajasthan,North
C00737,Pooja Patel,pooja.patel737@example.com,Lucknow,Uttar Pradesh,North
C00738,Riya Sharma,riya.sharma738@example.com,Lucknow,Uttar Pradesh,North
C00739,Kavya Sharma,kavya.sharma739@example.com,Bengaluru,Karnataka,South
C00740,Pooja Kumar,pooja.kumar740@example.com,Chandigarh,Chandigarh,North
C00741,Pooja Patel,pooja.patel741@example.com,Kochi,Kerala,South
C00742,Sneha Rajput,sneha.rajput742@example.com,Kochi,Kerala,South
C00743,Arjun Mishra,arjun.mishra743@example.com,Chandigarh,Chandigarh,North
C00744,Ananya Singh,ananya.singh744@example.com,Mumbai,Maharashtra,West
C00745,Riya Rajput,riya.rajput745@example.com,Chandigarh,Chandigarh,North
C00746,Aman Sharma,aman.sharma746@example.com,Delhi,Delhi,North
C00747,Sahil Yadav,sahil.yadav747@example.com,Kolkata,West Bengal,East
C00748,Riya Rajput,riya.rajput748@example.com,Ahmedabad,Gujarat,West
C00749,Aman Yadav,aman.yadav749@example.com,Hyderabad,Telangana,South
C00750,Rohan Gupta,rohan.gupta750@example.com,Pune,Maharashtra,West
C00751,Rahul Sharma,rahul.sharma751@example.com,Kolkata,West Bengal,East
C00752,Aditi Sharma,aditi.sharma752@example.com,Ahmedabad,Gujarat,West
C00753,Karan Singh,karan.singh753@example.com,Kanpur,Uttar Pradesh,North
C00754,Aditi Sharma,aditi.sharma754@example.com,Bhubaneswar,Odisha,East
C00755,Aditi Sharma,aditi.sharma755@example.com,Ahmedabad,Gujarat,West
C00756,Aditya Rajput,aditya.rajput756@example.com,Bhubaneswar,Odisha,East
C00757,Aman Mishra,aman.mishra757@example.com,Pune,Maharashtra,West
C00758,Aditya Kumar,aditya.kumar758@example.com,Bengaluru,Karnataka,South
C00759,Aman Agarwal,aman.agarwal759@example.com,Chennai,Tamil Nadu,South
C00760,Simran Agarwal,simran.agarwal760@example.com,Chennai,Tamil Nadu,South
C00761,Aman Gupta,aman.gupta761@example.com,Chandigarh,Chandigarh,North
C00762,Isha Verma,isha.verma762@example.com,Kolkata,West Bengal,East
C00763,Sahil Gupta,sahil.gupta763@example.com,Jaipur,Rajasthan,North
C00764,Riya Agarwal,riya.agarwal764@example.com,Mumbai,Maharashtra,West
C00765,Pooja Mishra,pooja.mishra765@example.com,Patna,Bihar,East
C00766,Aditya Patel,aditya.patel766@example.com,Kochi,Kerala,South
C00767,Isha Patel,isha.patel767@example.com,Kolkata,West Bengal,East
C00768,Pooja Kumar,pooja.kumar768@example.com,Bengaluru,Karnataka,South
C00769,Neha Kumar,neha.kumar769@example.com,Patna,Bihar,East
C00770,Aman Verma,aman.verma770@example.com,Bengaluru,Karnataka,South
C00771,Rohan Yadav,rohan.yadav771@example.com,Jaipur,Rajasthan,North
C00772,Riya Rajput,riya.rajput772@example.com,Kolkata,West Bengal,East
C00773,Riya Mishra,riya.mishra773@example.com,Chandigarh,Chandigarh,North
C00774,Neha Verma,neha.verma774@example.com,Surat,Gujarat,West
C00775,Karan Patel,karan.patel775@example.com,Lucknow,Uttar Pradesh,North
C00776,Sneha Patel,sneha.patel776@example.com,Lucknow,Uttar Pradesh,North
C00777,Riya Verma,riya.verma777@example.com,Jaipur,Rajasthan,North
C00778,Ankit Rajput,ankit.rajput778@example.com,Jaipur,Rajasthan,North
C00779,Arjun Verma,arjun.verma779@example.com,Pune,Maharashtra,West
C00780,Kavya Verma,kavya.verma780@example.com,Chennai,Tamil Nadu,South
C00781,Sahil Sharma,sahil.sharma781@example.com,Pune,Maharashtra,West
C00782,Karan Singh,karan.singh782@example.com,Patna,Bihar,East
C00783,Aman Agarwal,aman.agarwal783@example.com,Pune,Maharashtra,West
C00784,Neha Verma,neha.verma784@example.com,Chennai,Tamil Nadu,South
C00785,Sahil Rajput,sahil.rajput785@example.com,Bhubaneswar,Odisha,East
C00786,Riya Patel,riya.patel786@example.com,Bengaluru,Karnataka,South
C00787,Ankit Patel,ankit.patel787@example.com,Patna,Bihar,East
C00788,Sneha Singh,sneha.singh788@example.com,Patna,Bihar,East
C00789,Priya Verma,priya.verma789@example.com,Hyderabad,Telangana,South
C00790,Priya Rajput,priya.rajput790@example.com,Jaipur,Rajasthan,North
C00791,Simran Verma,simran.verma791@example.com,Chandigarh,Chandigarh,North
C00792,Aarav Gupta,aarav.gupta792@example.com,Kolkata,West Bengal,East
C00793,Sahil Kumar,sahil.kumar793@example.com,Pune,Maharashtra,West
C00794,Priya Verma,priya.verma794@example.com,Kochi,Kerala,South
C00795,Simran Verma,simran.verma795@example.com,Patna,Bihar,East
C00796,Riya Patel,riya.patel796@example.com,Surat,Gujarat,West
C00797,Kavya Yadav,kavya.yadav797@example.com,Bhubaneswar,Odisha,East
C00798,Vikash Patel,vikash.patel798@example.com,Mumbai,Maharashtra,West
C00799,Rohan Mishra,rohan.mishra799@example.com,Patna,Bihar,East
C00800,Vikash Mishra,vikash.mishra800@example.com,Jaipur,Rajasthan,North
C00801,Isha Sharma,isha.sharma801@example.com,Lucknow,Uttar Pradesh,North
C00802,Aditya Sharma,aditya.sharma802@example.com,Kolkata,West Bengal,East
C00803,Rohan Verma,rohan.verma803@example.com,Lucknow,Uttar Pradesh,North
C00804,Rohan Sharma,rohan.sharma804@example.com,Pune,Maharashtra,West
C00805,Isha Yadav,isha.yadav805@example.com,Hyderabad,Telangana,South
C00806,Aditya Agarwal,aditya.agarwal806@example.com,Patna,Bihar,East
C00807,Kavya Sharma,kavya.sharma807@example.com,Delhi,Delhi,North
C00808,Riya Mishra,riya.mishra808@example.com,Kolkata,West Bengal,East
C00809,Aarav Sharma,aarav.sharma809@example.com,Surat,Gujarat,West
C00810,Riya Gupta,riya.gupta810@example.com,Delhi,Delhi,North
C00811,Isha Rajput,isha.rajput811@example.com,Mumbai,Maharashtra,West
C00812,Rahul Singh,rahul.singh812@example.com,Chandigarh,Chandigarh,North
C00813,Aman Verma,aman.verma813@example.com,Surat,Gujarat,West
C00814,Ananya Gupta,ananya.gupta814@example.com,Kochi,Kerala,South
C00815,Arjun Patel,arjun.patel815@example.com,Kochi,Kerala,South
C00816,Sneha Agarwal,sneha.agarwal816@example.com,Ahmedabad,Gujarat,West
C00817,Aman Gupta,aman.gupta817@example.com,Lucknow,Uttar Pradesh,North
C00818,Aditya Singh,aditya.singh818@example.com,Kochi,Kerala,South
C00819,Neha Rajput,neha.rajput819@example.com,Patna,Bihar,East
C00820,Aditya Sharma,aditya.sharma820@example.com,Mumbai,Maharashtra,West
C00821,Arjun Yadav,arjun.yadav821@example.com,Kolkata,West Bengal,East
C00822,Priya Agarwal,priya.agarwal822@example.com,Kanpur,Uttar Pradesh,North
C00823,Isha Sharma,isha.sharma823@example.com,Ahmedabad,Gujarat,West
C00824,Karan Agarwal,karan.agarwal824@example.com,Patna,Bihar,East
C00825,Ankit Sharma,ankit.sharma825@example.com,Lucknow,Uttar Pradesh,North
C00826,Ankit Mishra,ankit.mishra826@example.com,Jaipur,Rajasthan,North
C00827,Vikash Patel,vikash.patel827@example.com,Delhi,Delhi,North
C00828,Karan Agarwal,karan.agarwal828@example.com,Chandigarh,Chandigarh,North
C00829,Neha Singh,neha.singh829@example.com,Bengaluru,Karnataka,South
C00830,Vikash Agarwal,vikash.agarwal830@example.com,Ahmedabad,Gujarat,West
C00831,Simran Rajput,simran.rajput831@example.com,Chennai,Tamil Nadu,South
C00832,Neha Kumar,neha.kumar832@example.com,Lucknow,Uttar Pradesh,North
C00833,Isha Patel,isha.patel833@example.com,Jaipur,Rajasthan,North
C00834,Rahul Rajput,rahul.rajput834@example.com,Ahmedabad,Gujarat,West
C00835,Arjun Patel,arjun.patel835@example.com,Kochi,Kerala,South
C00836,Priya Sharma,priya.sharma836@example.com,Surat,Gujarat,West
C00837,Sneha Yadav,sneha.yadav837@example.com,Ahmedabad,Gujarat,West
C00838,Ananya Mishra,ananya.mishra838@example.com,Kochi,Kerala,South
C00839,Pooja Kumar,pooja.kumar839@example.com,Kochi,Kerala,South
C00840,Arjun Agarwal,arjun.agarwal840@example.com,Bengaluru,Karnataka,South
C00841,Aman Singh,aman.singh841@example.com,Lucknow,Uttar Pradesh,North
C00842,Ankit Kumar,ankit.kumar842@example.com,Kochi,Kerala,South
C00843,Rohan Rajput,rohan.rajput843@example.com,Chennai,Tamil Nadu,South
C00844,Ananya Singh,ananya.singh844@example.com,Lucknow,Uttar Pradesh,North
C00845,Aarav Gupta,aarav.gupta845@example.com,Bhubaneswar,Odisha,East
C00846,Ananya Gupta,ananya.gupta846@example.com,Kanpur,Uttar Pradesh,North
C00847,Rohan Singh,rohan.singh847@example.com,Mumbai,Maharashtra,West
C00848,Pooja Yadav,pooja.yadav848@example.com,Kolkata,West Bengal,East
C00849,Rahul Sharma,rahul.sharma849@example.com,Lucknow,Uttar Pradesh,North
C00850,Ananya Mishra,ananya.mishra850@example.com,Lucknow,Uttar Pradesh,North
C00851,Aditi Agarwal,aditi.agarwal851@example.com,Chennai,Tamil Nadu,South
C00852,Neha Sharma,neha.sharma852@example.com,Bengaluru,Karnataka,South
C00853,Pooja Rajput,pooja.rajput853@example.com,Lucknow,Uttar Pradesh,North
C00854,Riya Verma,riya.verma854@example.com,Mumbai,Maharashtra,West
C00855,Neha Kumar,neha.kumar855@example.com,Chandigarh,Chandigarh,North
C00856,Ankit Gupta,ankit.gupta856@example.com,Surat,Gujarat,West
C00857,Kavya Kumar,kavya.kumar857@example.com,Lucknow,Uttar Pradesh,North
C00858,Vikash Rajput,vikash.rajput858@example.com,Surat,Gujarat,West
C00859,Pooja Gupta,pooja.gupta859@example.com,Patna,Bihar,East
C00860,Arjun Patel,arjun.patel860@example.com,Surat,Gujarat,West
C00861,Aman Yadav,aman.yadav861@example.com,Pune,Maharashtra,West
C00862,Sneha Singh,sneha.singh862@example.com,Chandigarh,Chandigarh,North
C00863,Sahil Sharma,sahil.sharma863@example.com,Kochi,Kerala,South
C00864,Priya Agarwal,priya.agarwal864@example.com,Kochi,Kerala,South
C00865,Priya Yadav,priya.yadav865@example.com,Chennai,Tamil Nadu,South
C00866,Pooja Agarwal,pooja.agarwal866@example.com,Chandigarh,Chandigarh,North
C00867,Sahil Patel,sahil.patel867@example.com,Pune,Maharashtra,West
C00868,Kavya Patel,kavya.patel868@example.com,Mumbai,Maharashtra,West
C00869,Neha Patel,neha.patel869@example.com,Bengaluru,Karnataka,South
C00870,Kavya Agarwal,kavya.agarwal870@example.com,Ahmedabad,Gujarat,West
C00871,Priya Rajput,priya.rajput871@example.com,Surat,Gujarat,West
C00872,Neha Patel,neha.patel872@example.com,Kanpur,Uttar Pradesh,North
C00873,Simran Verma,simran.verma873@example.com,Mumbai,Maharashtra,West
C00874,Riya Sharma,riya.sharma874@example.com,Bhubaneswar,Odisha,East
C00875,Karan Yadav,karan.yadav875@example.com,Bengaluru,Karnataka,South
C00876,Arjun Rajput,arjun.rajput876@example.com,Patna,Bihar,East
C00877,Rohan Gupta,rohan.gupta877@example.com,Ahmedabad,Gujarat,West
C00878,Ankit Kumar,ankit.kumar878@example.com,Kolkata,West Bengal,East
C00879,Neha Singh,neha.singh879@example.com,Bhubaneswar,Odisha,East
C00880,Aditi Yadav,aditi.yadav880@example.com,Kochi,Kerala,South
C00881,Riya Mishra,riya.mishra881@example.com,Kolkata,West Bengal,East
C00882,Riya Sharma,riya.sharma882@example.com,Hyderabad,Telangana,South
C00883,Riya Agarwal,riya.agarwal883@example.com,Lucknow,Uttar Pradesh,North
C00884,Rahul Verma,rahul.verma884@example.com,Hyderabad,Telangana,South
C00885,Vikash Agarwal,vikash.agarwal885@example.com,Jaipur,Rajasthan,North
C00886,Simran Rajput,simran.rajput886@example.com,Chennai,Tamil Nadu,South
C00887,Pooja Singh,pooja.singh887@example.com,Delhi,Delhi,North
C00888,Rahul Gupta,rahul.gupta888@example.com,Ahmedabad,Gujarat,West
C00889,Isha Mishra,isha.mishra889@example.com,Ahmedabad,Gujarat,West
C00890,Sneha Patel,sneha.patel890@example.com,Kochi,Kerala,South
C00891,Sneha Agarwal,sneha.agarwal891@example.com,Chandigarh,Chandigarh,North
C00892,Ananya Sharma,ananya.sharma892@example.com,Patna,Bihar,East
C00893,Rahul Gupta,rahul.gupta893@example.com,Kolkata,West Bengal,East
C00894,Arjun Singh,arjun.singh894@example.com,Chandigarh,Chandigarh,North
C00895,Ananya Gupta,ananya.gupta895@example.com,Chennai,Tamil Nadu,South
C00896,Sneha Verma,sneha.verma896@example.com,Patna,Bihar,East
C00897,Ananya Yadav,ananya.yadav897@example.com,Kanpur,Uttar Pradesh,North
C00898,Sneha Yadav,sneha.yadav898@example.com,Chennai,Tamil Nadu,South
C00899,Arjun Gupta,arjun.gupta899@example.com,Jaipur,Rajasthan,North
C00900,Rahul Sharma,rahul.sharma900@example.com,Chennai,Tamil Nadu,South
C00901,Rahul Kumar,rahul.kumar901@example.com,Ahmedabad,Gujarat,West
C00902,Isha Kumar,isha.kumar902@example.com,Mumbai,Maharashtra,West
C00903,Priya Mishra,priya.mishra903@example.com,Kolkata,West Bengal,East
C00904,Sneha Verma,sneha.verma904@example.com,Kochi,Kerala,South
C00905,Vikash Kumar,vikash.kumar905@example.com,Kolkata,West Bengal,East
C00906,Neha Sharma,neha.sharma906@example.com,Pune,Maharashtra,West
C00907,Sneha Agarwal,sneha.agarwal907@example.com,Kolkata,West Bengal,East
C00908,Neha Sharma,neha.sharma908@example.com,Pune,Maharashtra,West
C00909,Karan Gupta,karan.gupta909@example.com,Lucknow,Uttar Pradesh,North
C00910,Simran Singh,simran.singh910@example.com,Mumbai,Maharashtra,West
C00911,Ananya Patel,ananya.patel911@example.com,Pune,Maharashtra,West
C00912,Sneha Singh,sneha.singh912@example.com,Surat,Gujarat,West
C00913,Kavya Mishra,kavya.mishra913@example.com,Chennai,Tamil Nadu,South
C00914,Aditi Rajput,aditi.rajput914@example.com,Kochi,Kerala,South
C00915,Simran Singh,simran.singh915@example.com,Hyderabad,Telangana,South
C00916,Ananya Yadav,ananya.yadav916@example.com,Mumbai,Maharashtra,West
C00917,Sahil Agarwal,sahil.agarwal917@example.com,Lucknow,Uttar Pradesh,North
C00918,Rohan Patel,rohan.patel918@example.com,Kanpur,Uttar Pradesh,North
C00919,Aman Gupta,aman.gupta919@example.com,Kanpur,Uttar Pradesh,North
C00920,Vikash Patel,vikash.patel920@example.com,Chandigarh,Chandigarh,North
C00921,Isha Rajput,isha.rajput921@example.com,Kolkata,West Bengal,East
C00922,Aditi Kumar,aditi.kumar922@example.com,Kochi,Kerala,South
C00923,Pooja Kumar,pooja.kumar923@example.com,Patna,Bihar,East
C00924,Riya Kumar,riya.kumar924@example.com,Mumbai,Maharashtra,West
C00925,Kavya Gupta,kavya.gupta925@example.com,Chandigarh,Chandigarh,North
C00926,Vikash Patel,vikash.patel926@example.com,Bhubaneswar,Odisha,East
C00927,Aditi Sharma,aditi.sharma927@example.com,Hyderabad,Telangana,South
C00928,Aarav Yadav,aarav.yadav928@example.com,Chandigarh,Chandigarh,North
C00929,Karan Rajput,karan.rajput929@example.com,Patna,Bihar,East
C00930,Pooja Yadav,pooja.yadav930@example.com,Kolkata,West Bengal,East
C00931,Sneha Yadav,sneha.yadav931@example.com,Mumbai,Maharashtra,West
C00932,Arjun Agarwal,arjun.agarwal932@example.com,Delhi,Delhi,North
C00933,Aman Gupta,aman.gupta933@example.com,Jaipur,Rajasthan,North
C00934,Ankit Verma,ankit.verma934@example.com,Bengaluru,Karnataka,South
C00935,Vikash Yadav,vikash.yadav935@example.com,Patna,Bihar,East
C00936,Riya Mishra,riya.mishra936@example.com,Kanpur,Uttar Pradesh,North
C00937,Simran Singh,simran.singh937@example.com,Surat,Gujarat,West
C00938,Riya Patel,riya.patel938@example.com,Jaipur,Rajasthan,North
C00939,Sneha Mishra,sneha.mishra939@example.com,Pune,Maharashtra,West
C00940,Pooja Singh,pooja.singh940@example.com,Ahmedabad,Gujarat,West
C00941,Sahil Sharma,sahil.sharma941@example.com,Bhubaneswar,Odisha,East
C00942,Ankit Patel,ankit.patel942@example.com,Lucknow,Uttar Pradesh,North
C00943,Sneha Singh,sneha.singh943@example.com,Ahmedabad,Gujarat,West
C00944,Karan Agarwal,karan.agarwal944@example.com,Hyderabad,Telangana,South
C00945,Aditi Rajput,aditi.rajput945@example.com,Mumbai,Maharashtra,West
C00946,Aditi Kumar,aditi.kumar946@example.com,Pune,Maharashtra,West
C00947,Karan Sharma,karan.sharma947@example.com,Hyderabad,Telangana,South
C00948,Riya Gupta,riya.gupta948@example.com,Mumbai,Maharashtra,West
C00949,Priya Gupta,priya.gupta949@example.com,Bengaluru,Karnataka,South
C00950,Simran Gupta,simran.gupta950@example.com,Kanpur,Uttar Pradesh,North
C00951,Rohan Rajput,rohan.rajput951@example.com,Jaipur,Rajasthan,North
C00952,Ankit Kumar,ankit.kumar952@example.com,Chandigarh,Chandigarh,North
C00953,Aman Kumar,aman.kumar953@example.com,Chennai,Tamil Nadu,South
C00954,Aman Rajput,aman.rajput954@example.com,Patna,Bihar,East
C00955,Rohan Agarwal,rohan.agarwal955@example.com,Surat,Gujarat,West
C00956,Pooja Rajput,pooja.rajput956@example.com,Bhubaneswar,Odisha,East
C00957,Arjun Singh,arjun.singh957@example.com,Kochi,Kerala,South
C00958,Isha Gupta,isha.gupta958@example.com,Hyderabad,Telangana,South
C00959,Sneha Yadav,sneha.yadav959@example.com,Chennai,Tamil Nadu,South
C00960,Simran Sharma,simran.sharma960@example.com,Lucknow,Uttar Pradesh,North
C00961,Sneha Patel,sneha.patel961@example.com,Lucknow,Uttar Pradesh,North
C00962,Riya Rajput,riya.rajput962@example.com,Pune,Maharashtra,West
C00963,Pooja Verma,pooja.verma963@example.com,Patna,Bihar,East
C00964,Ankit Patel,ankit.patel964@example.com,Bengaluru,Karnataka,South
C00965,Priya Mishra,priya.mishra965@example.com,Chandigarh,Chandigarh,North
C00966,Simran Yadav,simran.yadav966@example.com,Chennai,Tamil Nadu,South
C00967,Aditya Sharma,aditya.sharma967@example.com,Kanpur,Uttar Pradesh,North
C00968,Sneha Sharma,sneha.sharma968@example.com,Kanpur,Uttar Pradesh,North
C00969,Vikash Yadav,vikash.yadav969@example.com,Bhubaneswar,Odisha,East
C00970,Aarav Rajput,aarav.rajput970@example.com,Pune,Maharashtra,West
C00971,Rohan Gupta,rohan.gupta971@example.com,Mumbai,Maharashtra,West
C00972,Ankit Singh,ankit.singh972@example.com,Hyderabad,Telangana,South
C00973,Ankit Singh,ankit.singh973@example.com,Hyderabad,Telangana,South
C00974,Vikash Sharma,vikash.sharma974@example.com,Kochi,Kerala,South
C00975,Sahil Verma,sahil.verma975@example.com,Kolkata,West Bengal,East
C00976,Arjun Singh,arjun.singh976@example.com,Delhi,Delhi,North
C00977,Karan Yadav,karan.yadav977@example.com,Lucknow,Uttar Pradesh,North
C00978,Rohan Agarwal,rohan.agarwal978@example.com,Ahmedabad,Gujarat,West
C00979,Isha Yadav,isha.yadav979@example.com,Delhi,Delhi,North
C00980,Aarav Patel,aarav.patel980@example.com,Kanpur,Uttar Pradesh,North
C00981,Pooja Kumar,pooja.kumar981@example.com,Patna,Bihar,East
C00982,Arjun Verma,arjun.verma982@example.com,Kochi,Kerala,South
C00983,Arjun Singh,arjun.singh983@example.com,Kanpur,Uttar Pradesh,North
C00984,Priya Patel,priya.patel984@example.com,Bengaluru,Karnataka,South
C00985,Rohan Rajput,rohan.rajput985@example.com,Chandigarh,Chandigarh,North
C00986,Rohan Singh,rohan.singh986@example.com,Delhi,Delhi,North
C00987,Aditi Kumar,aditi.kumar987@example.com,Bhubaneswar,Odisha,East
C00988,Ananya Verma,ananya.verma988@example.com,Chandigarh,Chandigarh,North
C00989,Pooja Agarwal,pooja.agarwal989@example.com,Bhubaneswar,Odisha,East
C00990,Karan Singh,karan.singh990@example.com,Kanpur,Uttar Pradesh,North
C00991,Rohan Singh,rohan.singh991@example.com,Kochi,Kerala,South
C00992,Ananya Rajput,ananya.rajput992@example.com,Chennai,Tamil Nadu,South
C00993,Rohan Verma,rohan.verma993@example.com,Surat,Gujarat,West
C00994,Arjun Verma,arjun.verma994@example.com,Bengaluru,Karnataka,South
C00995,Aarav Gupta,aarav.gupta995@example.com,Pune,Maharashtra,West
C00996,Isha Agarwal,isha.agarwal996@example.com,Pune,Maharashtra,West
C00997,Neha Gupta,neha.gupta997@example.com,Jaipur,Rajasthan,North
C00998,Aman Yadav,aman.yadav998@example.com,Kochi,Kerala,South
C00999,Rahul Verma,rahul.verma999@example.com,Patna,Bihar,East
C01000,Aditi Singh,aditi.singh1000@example.com,Delhi,Delhi,North
C01001,Ananya Patel,ananya.patel1001@example.com,Chandigarh,Chandigarh,North
C01002,Neha Agarwal,neha.agarwal1002@example.com,Kolkata,West Bengal,East
C01003,Ananya Mishra,ananya.mishra1003@example.com,Mumbai,Maharashtra,West
C01004,Kavya Singh,kavya.singh1004@example.com,Delhi,Delhi,North
C01005,Simran Singh,simran.singh1005@example.com,Delhi,Delhi,North
C01006,Ankit Verma,ankit.verma1006@example.com,Jaipur,Rajasthan,North
C01007,Aditya Rajput,aditya.rajput1007@example.com,Bengaluru,Karnataka,South
C01008,Isha Rajput,isha.rajput1008@example.com,Kolkata,West Bengal,East
C01009,Neha Singh,neha.singh1009@example.com,Chandigarh,Chandigarh,North
C01010,Ankit Singh,ankit.singh1010@example.com,Bengaluru,Karnataka,South
C01011,Arjun Mishra,arjun.mishra1011@example.com,Pune,Maharashtra,West
C01012,Rohan Mishra,rohan.mishra1012@example.com,Chennai,Tamil Nadu,South
C01013,Neha Agarwal,neha.agarwal1013@example.com,Lucknow,Uttar Pradesh,North
C01014,Sahil Rajput,sahil.rajput1014@example.com,Ahmedabad,Gujarat,West
C01015,Aditya Verma,aditya.verma1015@example.com,Lucknow,Uttar Pradesh,North
C01016,Pooja Singh,pooja.singh1016@example.com,Bhubaneswar,Odisha,East
C01017,Aditi Agarwal,aditi.agarwal1017@example.com,Jaipur,Rajasthan,North
C01018,Sahil Kumar,sahil.kumar1018@example.com,Kanpur,Uttar Pradesh,North
C01019,Aarav Kumar,aarav.kumar1019@example.com,Delhi,Delhi,North
C01020,Vikash Yadav,vikash.yadav1020@example.com,Hyderabad,Telangana,South
C01021,Isha Mishra,isha.mishra1021@example.com,Surat,Gujarat,West
C01022,Vikash Patel,vikash.patel1022@example.com,Chandigarh,Chandigarh,North
C01023,Ankit Singh,ankit.singh1023@example.com,Delhi,Delhi,North
C01024,Priya Rajput,priya.rajput1024@example.com,Surat,Gujarat,West
C01025,Isha Singh,isha.singh1025@example.com,Surat,Gujarat,West
C01026,Simran Singh,simran.singh1026@example.com,Patna,Bihar,East
C01027,Sneha Mishra,sneha.mishra1027@example.com,Hyderabad,Telangana,South
C01028,Aditya Yadav,aditya.yadav1028@example.com,Mumbai,Maharashtra,West
C01029,Ananya Kumar,ananya.kumar1029@example.com,Surat,Gujarat,West
C01030,Rahul Agarwal,rahul.agarwal1030@example.com,Kanpur,Uttar Pradesh,North
C01031,Aman Mishra,aman.mishra1031@example.com,Delhi,Delhi,North
C01032,Aditya Sharma,aditya.sharma1032@example.com,Ahmedabad,Gujarat,West
C01033,Aditya Yadav,aditya.yadav1033@example.com,Hyderabad,Telangana,South
C01034,Neha Kumar,neha.kumar1034@example.com,Mumbai,Maharashtra,West
C01035,Aditya Mishra,aditya.mishra1035@example.com,Kolkata,West Bengal,East
C01036,Aman Patel,aman.patel1036@example.com,Ahmedabad,Gujarat,West
C01037,Pooja Patel,pooja.patel1037@example.com,Surat,Gujarat,West
C01038,Arjun Agarwal,arjun.agarwal1038@example.com,Hyderabad,Telangana,South
C01039,Rahul Mishra,rahul.mishra1039@example.com,Jaipur,Rajasthan,North
C01040,Vikash Verma,vikash.verma1040@example.com,Jaipur,Rajasthan,North
C01041,Neha Singh,neha.singh1041@example.com,Bhubaneswar,Odisha,East
C01042,Sahil Gupta,sahil.gupta1042@example.com,Chennai,Tamil Nadu,South
C01043,Arjun Mishra,arjun.mishra1043@example.com,Bhubaneswar,Odisha,East
C01044,Aarav Patel,aarav.patel1044@example.com,Pune,Maharashtra,West
C01045,Sahil Agarwal,sahil.agarwal1045@example.com,Bengaluru,Karnataka,South
C01046,Aditi Verma,aditi.verma1046@example.com,Bhubaneswar,Odisha,East
C01047,Ananya Agarwal,ananya.agarwal1047@example.com,Patna,Bihar,East
C01048,Karan Mishra,karan.mishra1048@example.com,Ahmedabad,Gujarat,West
C01049,Rohan Sharma,rohan.sharma1049@example.com,Kolkata,West Bengal,East
C01050,Aarav Verma,aarav.verma1050@example.com,Hyderabad,Telangana,South
C01051,Aarav Patel,aarav.patel1051@example.com,Delhi,Delhi,North
C01052,Neha Gupta,neha.gupta1052@example.com,Kanpur,Uttar Pradesh,North
C01053,Karan Mishra,karan.mishra1053@example.com,Ahmedabad,Gujarat,West
C01054,Pooja Yadav,pooja.yadav1054@example.com,Jaipur,Rajasthan,North
C01055,Rohan Gupta,rohan.gupta1055@example.com,Lucknow,Uttar Pradesh,North
C01056,Aditya Verma,aditya.verma1056@example.com,Kolkata,West Bengal,East
C01057,Ananya Yadav,ananya.yadav1057@example.com,Lucknow,Uttar Pradesh,North
C01058,Simran Singh,simran.singh1058@example.com,Chandigarh,Chandigarh,North
C01059,Neha Singh,neha.singh1059@example.com,Jaipur,Rajasthan,North
C01060,Pooja Kumar,pooja.kumar1060@example.com,Ahmedabad,Gujarat,West
C01061,Sahil Gupta,sahil.gupta1061@example.com,Chennai,Tamil Nadu,South
C01062,Neha Patel,neha.patel1062@example.com,Chennai,Tamil Nadu,South
C01063,Sneha Gupta,sneha.gupta1063@example.com,Ahmedabad,Gujarat,West
C01064,Arjun Verma,arjun.verma1064@example.com,Chandigarh,Chandigarh,North
C01065,Simran Singh,simran.singh1065@example.com,Chandigarh,Chandigarh,North
C01066,Rahul Kumar,rahul.kumar1066@example.com,Bhubaneswar,Odisha,East
C01067,Sneha Patel,sneha.patel1067@example.com,Kolkata,West Bengal,East
C01068,Rahul Mishra,rahul.mishra1068@example.com,Hyderabad,Telangana,South
C01069,Karan Yadav,karan.yadav1069@example.com,Bengaluru,Karnataka,South
C01070,Sneha Gupta,sneha.gupta1070@example.com,Kanpur,Uttar Pradesh,North
C01071,Arjun Kumar,arjun.kumar1071@example.com,Bengaluru,Karnataka,South
C01072,Aditi Sharma,aditi.sharma1072@example.com,Pune,Maharashtra,West
C01073,Priya Kumar,priya.kumar1073@example.com,Lucknow,Uttar Pradesh,North
C01074,Aman Patel,aman.patel1074@example.com,Kochi,Kerala,South
C01075,Isha Sharma,isha.sharma1075@example.com,Bengaluru,Karnataka,South
C01076,Ankit Kumar,ankit.kumar1076@example.com,Delhi,Delhi,North
C01077,Neha Yadav,neha.yadav1077@example.com,Ahmedabad,Gujarat,West
C01078,Rahul Yadav,rahul.yadav1078@example.com,Kanpur,Uttar Pradesh,North
C01079,Rohan Singh,rohan.singh1079@example.com,Delhi,Delhi,North
C01080,Aditya Verma,aditya.verma1080@example.com,Chandigarh,Chandigarh,North
C01081,Karan Rajput,karan.rajput1081@example.com,Hyderabad,Telangana,South
C01082,Arjun Agarwal,arjun.agarwal1082@example.com,Surat,Gujarat,West
C01083,Arjun Sharma,arjun.sharma1083@example.com,Lucknow,Uttar Pradesh,North
C01084,Karan Yadav,karan.yadav1084@example.com,Chandigarh,Chandigarh,North
C01085,Arjun Patel,arjun.patel1085@example.com,Kanpur,Uttar Pradesh,North
C01086,Aditya Yadav,aditya.yadav1086@example.com,Jaipur,Rajasthan,North
C01087,Vikash Agarwal,vikash.agarwal1087@example.com,Kolkata,West Bengal,East
C01088,Neha Yadav,neha.yadav1088@example.com,Delhi,Delhi,North
C01089,Neha Rajput,neha.rajput1089@example.com,Mumbai,Maharashtra,West
C01090,Ananya Verma,ananya.verma1090@example.com,Mumbai,Maharashtra,West
C01091,Ankit Gupta,ankit.gupta1091@example.com,Bhubaneswar,Odisha,East
C01092,Rohan Sharma,rohan.sharma1092@example.com,Ahmedabad,Gujarat,West
C01093,Sahil Yadav,sahil.yadav1093@example.com,Kolkata,West Bengal,East
C01094,Riya Yadav,riya.yadav1094@example.com,Jaipur,Rajasthan,North
C01095,Arjun Gupta,arjun.gupta1095@example.com,Kochi,Kerala,South
C01096,Rohan Rajput,rohan.rajput1096@example.com,Pune,Maharashtra,West
C01097,Isha Verma,isha.verma1097@example.com,Delhi,Delhi,North
C01098,Neha Patel,neha.patel1098@example.com,Patna,Bihar,East
C01099,Riya Yadav,riya.yadav1099@example.com,Hyderabad,Telangana,South
C01100,Simran Mishra,simran.mishra1100@example.com,Chennai,Tamil Nadu,South
C01101,Neha Gupta,neha.gupta1101@example.com,Mumbai,Maharashtra,West
C01102,Aarav Patel,aarav.patel1102@example.com,Ahmedabad,Gujarat,West
C01103,Aarav Gupta,aarav.gupta1103@example.com,Jaipur,Rajasthan,North
C01104,Kavya Mishra,kavya.mishra1104@example.com,Hyderabad,Telangana,South
C01105,Simran Verma,simran.verma1105@example.com,Mumbai,Maharashtra,West
C01106,Rahul Verma,rahul.verma1106@example.com,Ahmedabad,Gujarat,West
C01107,Ankit Mishra,ankit.mishra1107@example.com,Jaipur,Rajasthan,North
C01108,Aman Agarwal,aman.agarwal1108@example.com,Kochi,Kerala,South
C01109,Ananya Kumar,ananya.kumar1109@example.com,Mumbai,Maharashtra,West
C01110,Aman Agarwal,aman.agarwal1110@example.com,Chennai,Tamil Nadu,South
C01111,Ananya Agarwal,ananya.agarwal1111@example.com,Delhi,Delhi,North
C01112,Ananya Agarwal,ananya.agarwal1112@example.com,Chandigarh,Chandigarh,North
C01113,Simran Verma,simran.verma1113@example.com,Patna,Bihar,East
C01114,Riya Gupta,riya.gupta1114@example.com,Mumbai,Maharashtra,West
C01115,Kavya Sharma,kavya.sharma1115@example.com,Lucknow,Uttar Pradesh,North
C01116,Aditya Verma,aditya.verma1116@example.com,Ahmedabad,Gujarat,West
C01117,Aarav Mishra,aarav.mishra1117@example.com,Patna,Bihar,East
C01118,Aarav Patel,aarav.patel1118@example.com,Pune,Maharashtra,West
C01119,Rohan Patel,rohan.patel1119@example.com,Mumbai,Maharashtra,West
C01120,Priya Sharma,priya.sharma1120@example.com,Delhi,Delhi,North
C01121,Rohan Agarwal,rohan.agarwal1121@example.com,Chandigarh,Chandigarh,North
C01122,Rahul Mishra,rahul.mishra1122@example.com,Hyderabad,Telangana,South
C01123,Arjun Patel,arjun.patel1123@example.com,Kochi,Kerala,South
C01124,Simran Singh,simran.singh1124@example.com,Chennai,Tamil Nadu,South
C01125,Sahil Patel,sahil.patel1125@example.com,Chandigarh,Chandigarh,North
C01126,Vikash Rajput,vikash.rajput1126@example.com,Patna,Bihar,East
C01127,Priya Kumar,priya.kumar1127@example.com,Hyderabad,Telangana,South
C01128,Aman Agarwal,aman.agarwal1128@example.com,Mumbai,Maharashtra,West
C01129,Neha Gupta,neha.gupta1129@example.com,Bengaluru,Karnataka,South
C01130,Rohan Kumar,rohan.kumar1130@example.com,Delhi,Delhi,North
C01131,Simran Rajput,simran.rajput1131@example.com,Jaipur,Rajasthan,North
C01132,Vikash Agarwal,vikash.agarwal1132@example.com,Chennai,Tamil Nadu,South
C01133,Aditi Verma,aditi.verma1133@example.com,Kanpur,Uttar Pradesh,North
C01134,Kavya Kumar,kavya.kumar1134@example.com,Chennai,Tamil Nadu,South
C01135,Arjun Verma,arjun.verma1135@example.com,Hyderabad,Telangana,South
C01136,Priya Kumar,priya.kumar1136@example.com,Lucknow,Uttar Pradesh,North
C01137,Priya Yadav,priya.yadav1137@example.com,Delhi,Delhi,North
C01138,Ankit Verma,ankit.verma1138@example.com,Ahmedabad,Gujarat,West
C01139,Arjun Patel,arjun.patel1139@example.com,Surat,Gujarat,West
C01140,Rahul Sharma,rahul.sharma1140@example.com,Jaipur,Rajasthan,North
C01141,Neha Yadav,neha.yadav1141@example.com,Kolkata,West Bengal,East
C01142,Vikash Rajput,vikash.rajput1142@example.com,Patna,Bihar,East
C01143,Neha Patel,neha.patel1143@example.com,Kochi,Kerala,South
C01144,Rahul Yadav,rahul.yadav1144@example.com,Ahmedabad,Gujarat,West
C01145,Vikash Yadav,vikash.yadav1145@example.com,Lucknow,Uttar Pradesh,North
C01146,Aditya Gupta,aditya.gupta1146@example.com,Delhi,Delhi,North
C01147,Priya Gupta,priya.gupta1147@example.com,Kanpur,Uttar Pradesh,North
C01148,Arjun Patel,arjun.patel1148@example.com,Mumbai,Maharashtra,West
C01149,Neha Kumar,neha.kumar1149@example.com,Lucknow,Uttar Pradesh,North
C01150,Riya Singh,riya.singh1150@example.com,Chennai,Tamil Nadu,South
C01151,Aditi Agarwal,aditi.agarwal1151@example.com,Patna,Bihar,East
C01152,Aarav Rajput,aarav.rajput1152@example.com,Mumbai,Maharashtra,West
C01153,Aditi Rajput,aditi.rajput1153@example.com,Mumbai,Maharashtra,West
C01154,Aditya Singh,aditya.singh1154@example.com,Chennai,Tamil Nadu,South
C01155,Karan Verma,karan.verma1155@example.com,Kolkata,West Bengal,East
C01156,Riya Mishra,riya.mishra1156@example.com,Surat,Gujarat,West
C01157,Sahil Gupta,sahil.gupta1157@example.com,Ahmedabad,Gujarat,West
C01158,Rahul Sharma,rahul.sharma1158@example.com,Kochi,Kerala,South
C01159,Simran Mishra,simran.mishra1159@example.com,Patna,Bihar,East
C01160,Rohan Sharma,rohan.sharma1160@example.com,Hyderabad,Telangana,South
C01161,Aarav Rajput,aarav.rajput1161@example.com,Lucknow,Uttar Pradesh,North
C01162,Sahil Agarwal,sahil.agarwal1162@example.com,Patna,Bihar,East
C01163,Karan Singh,karan.singh1163@example.com,Delhi,Delhi,North
C01164,Karan Kumar,karan.kumar1164@example.com,Bengaluru,Karnataka,South
C01165,Arjun Yadav,arjun.yadav1165@example.com,Kanpur,Uttar Pradesh,North
C01166,Sahil Rajput,sahil.rajput1166@example.com,Patna,Bihar,East
C01167,Kavya Gupta,kavya.gupta1167@example.com,Lucknow,Uttar Pradesh,North
C01168,Riya Rajput,riya.rajput1168@example.com,Mumbai,Maharashtra,West
C01169,Ananya Rajput,ananya.rajput1169@example.com,Hyderabad,Telangana,South
C01170,Vikash Yadav,vikash.yadav1170@example.com,Jaipur,Rajasthan,North
C01171,Ankit Yadav,ankit.yadav1171@example.com,Bhubaneswar,Odisha,East
C01172,Ankit Verma,ankit.verma1172@example.com,Surat,Gujarat,West
C01173,Simran Sharma,simran.sharma1173@example.com,Chandigarh,Chandigarh,North
C01174,Rahul Singh,rahul.singh1174@example.com,Hyderabad,Telangana,South
C01175,Riya Rajput,riya.rajput1175@example.com,Ahmedabad,Gujarat,West
C01176,Riya Sharma,riya.sharma1176@example.com,Kochi,Kerala,South
C01177,Isha Rajput,isha.rajput1177@example.com,Patna,Bihar,East
C01178,Simran Verma,simran.verma1178@example.com,Patna,Bihar,East
C01179,Sahil Singh,sahil.singh1179@example.com,Kochi,Kerala,South
C01180,Aditya Mishra,aditya.mishra1180@example.com,Chandigarh,Chandigarh,North
C01181,Rahul Yadav,rahul.yadav1181@example.com,Mumbai,Maharashtra,West
C01182,Vikash Verma,vikash.verma1182@example.com,Pune,Maharashtra,West
C01183,Rohan Sharma,rohan.sharma1183@example.com,Kolkata,West Bengal,East
C01184,Arjun Rajput,arjun.rajput1184@example.com,Pune,Maharashtra,West
C01185,Rohan Agarwal,rohan.agarwal1185@example.com,Surat,Gujarat,West
C01186,Priya Singh,priya.singh1186@example.com,Lucknow,Uttar Pradesh,North
C01187,Neha Mishra,neha.mishra1187@example.com,Kochi,Kerala,South
C01188,Riya Patel,riya.patel1188@example.com,Surat,Gujarat,West
C01189,Isha Yadav,isha.yadav1189@example.com,Delhi,Delhi,North
C01190,Aditi Agarwal,aditi.agarwal1190@example.com,Kolkata,West Bengal,East
C01191,Rahul Rajput,rahul.rajput1191@example.com,Chandigarh,Chandigarh,North
C01192,Rohan Agarwal,rohan.agarwal1192@example.com,Kanpur,Uttar Pradesh,North
C01193,Rahul Agarwal,rahul.agarwal1193@example.com,Kanpur,Uttar Pradesh,North
C01194,Sahil Mishra,sahil.mishra1194@example.com,Hyderabad,Telangana,South
C01195,Pooja Gupta,pooja.gupta1195@example.com,Kochi,Kerala,South
C01196,Kavya Agarwal,kavya.agarwal1196@example.com,Patna,Bihar,East
C01197,Aditya Kumar,aditya.kumar1197@example.com,Surat,Gujarat,West
C01198,Neha Kumar,neha.kumar1198@example.com,Kochi,Kerala,South
C01199,Aditya Rajput,aditya.rajput1199@example.com,Chennai,Tamil Nadu,South
C01200,Aman Sharma,aman.sharma1200@example.com,Patna,Bihar,East
C01201,Ankit Patel,ankit.patel1201@example.com,Delhi,Delhi,North
C01202,Priya Gupta,priya.gupta1202@example.com,Bengaluru,Karnataka,South
C01203,Ankit Yadav,ankit.yadav1203@example.com,Kanpur,Uttar Pradesh,North
C01204,Aman Kumar,aman.kumar1204@example.com,Bengaluru,Karnataka,South
C01205,Sneha Patel,sneha.patel1205@example.com,Surat,Gujarat,West
C01206,Pooja Agarwal,pooja.agarwal1206@example.com,Lucknow,Uttar Pradesh,North
C01207,Karan Yadav,karan.yadav1207@example.com,Pune,Maharashtra,West
C01208,Pooja Yadav,pooja.yadav1208@example.com,Hyderabad,Telangana,South
C01209,Aditya Mishra,aditya.mishra1209@example.com,Mumbai,Maharashtra,West
C01210,Arjun Gupta,arjun.gupta1210@example.com,Kochi,Kerala,South
C01211,Rohan Mishra,rohan.mishra1211@example.com,Delhi,Delhi,North
C01212,Vikash Verma,vikash.verma1212@example.com,Pune,Maharashtra,West
C01213,Aditya Verma,aditya.verma1213@example.com,Jaipur,Rajasthan,North
C01214,Sneha Sharma,sneha.sharma1214@example.com,Hyderabad,Telangana,South
C01215,Karan Gupta,karan.gupta1215@example.com,Hyderabad,Telangana,South
C01216,Sneha Mishra,sneha.mishra1216@example.com,Kochi,Kerala,South
C01217,Rahul Sharma,rahul.sharma1217@example.com,Ahmedabad,Gujarat,West
C01218,Ananya Yadav,ananya.yadav1218@example.com,Bhubaneswar,Odisha,East
C01219,Vikash Yadav,vikash.yadav1219@example.com,Hyderabad,Telangana,South
C01220,Ananya Kumar,ananya.kumar1220@example.com,Surat,Gujarat,West
C01221,Arjun Gupta,arjun.gupta1221@example.com,Delhi,Delhi,North
C01222,Neha Sharma,neha.sharma1222@example.com,Mumbai,Maharashtra,West
C01223,Simran Verma,simran.verma1223@example.com,Ahmedabad,Gujarat,West
C01224,Aman Verma,aman.verma1224@example.com,Surat,Gujarat,West
C01225,Pooja Mishra,pooja.mishra1225@example.com,Delhi,Delhi,North
C01226,Aarav Yadav,aarav.yadav1226@example.com,Chandigarh,Chandigarh,North
C01227,Vikash Agarwal,vikash.agarwal1227@example.com,Delhi,Delhi,North
C01228,Aman Gupta,aman.gupta1228@example.com,Bengaluru,Karnataka,South
C01229,Ankit Rajput,ankit.rajput1229@example.com,Kochi,Kerala,South
C01230,Ananya Yadav,ananya.yadav1230@example.com,Surat,Gujarat,West
C01231,Karan Yadav,karan.yadav1231@example.com,Bengaluru,Karnataka,South
C01232,Isha Agarwal,isha.agarwal1232@example.com,Kochi,Kerala,South
C01233,Simran Singh,simran.singh1233@example.com,Delhi,Delhi,North
C01234,Isha Patel,isha.patel1234@example.com,Bengaluru,Karnataka,South
C01235,Sahil Singh,sahil.singh1235@example.com,Patna,Bihar,East
C01236,Arjun Patel,arjun.patel1236@example.com,Surat,Gujarat,West
C01237,Priya Gupta,priya.gupta1237@example.com,Surat,Gujarat,West
C01238,Sahil Verma,sahil.verma1238@example.com,Chandigarh,Chandigarh,North
C01239,Isha Verma,isha.verma1239@example.com,Jaipur,Rajasthan,North
C01240,Aditi Rajput,aditi.rajput1240@example.com,Chennai,Tamil Nadu,South
C01241,Rohan Sharma,rohan.sharma1241@example.com,Patna,Bihar,East
C01242,Sahil Gupta,sahil.gupta1242@example.com,Kolkata,West Bengal,East
C01243,Neha Rajput,neha.rajput1243@example.com,Jaipur,Rajasthan,North
C01244,Simran Agarwal,simran.agarwal1244@example.com,Pune,Maharashtra,West
C01245,Priya Verma,priya.verma1245@example.com,Patna,Bihar,East
C01246,Ananya Mishra,ananya.mishra1246@example.com,Bengaluru,Karnataka,South
C01247,Vikash Mishra,vikash.mishra1247@example.com,Mumbai,Maharashtra,West
C01248,Sahil Singh,sahil.singh1248@example.com,Patna,Bihar,East
C01249,Rohan Gupta,rohan.gupta1249@example.com,Mumbai,Maharashtra,West
C01250,Priya Singh,priya.singh1250@example.com,Ahmedabad,Gujarat,West
C01251,Ananya Verma,ananya.verma1251@example.com,Bengaluru,Karnataka,South
C01252,Pooja Patel,pooja.patel1252@example.com,Hyderabad,Telangana,South
C01253,Ankit Agarwal,ankit.agarwal1253@example.com,Bengaluru,Karnataka,South
C01254,Sneha Singh,sneha.singh1254@example.com,Patna,Bihar,East
C01255,Aditya Agarwal,aditya.agarwal1255@example.com,Lucknow,Uttar Pradesh,North
C01256,Kavya Verma,kavya.verma1256@example.com,Kanpur,Uttar Pradesh,North
C01257,Neha Mishra,neha.mishra1257@example.com,Bengaluru,Karnataka,South
C01258,Pooja Sharma,pooja.sharma1258@example.com,Chandigarh,Chandigarh,North
C01259,Rohan Verma,rohan.verma1259@example.com,Chennai,Tamil Nadu,South
C01260,Pooja Agarwal,pooja.agarwal1260@example.com,Bhubaneswar,Odisha,East
C01261,Rohan Patel,rohan.patel1261@example.com,Mumbai,Maharashtra,West
C01262,Arjun Yadav,arjun.yadav1262@example.com,Chennai,Tamil Nadu,South
C01263,Vikash Patel,vikash.patel1263@example.com,Jaipur,Rajasthan,North
C01264,Aarav Yadav,aarav.yadav1264@example.com,Surat,Gujarat,West
C01265,Karan Kumar,karan.kumar1265@example.com,Mumbai,Maharashtra,West
C01266,Kavya Singh,kavya.singh1266@example.com,Chandigarh,Chandigarh,North
C01267,Aditi Rajput,aditi.rajput1267@example.com,Kolkata,West Bengal,East
C01268,Neha Rajput,neha.rajput1268@example.com,Patna,Bihar,East
C01269,Neha Sharma,neha.sharma1269@example.com,Jaipur,Rajasthan,North
C01270,Riya Verma,riya.verma1270@example.com,Hyderabad,Telangana,South
C01271,Aarav Patel,aarav.patel1271@example.com,Pune,Maharashtra,West
C01272,Aarav Sharma,aarav.sharma1272@example.com,Ahmedabad,Gujarat,West
C01273,Aman Patel,aman.patel1273@example.com,Bengaluru,Karnataka,South
C01274,Rohan Singh,rohan.singh1274@example.com,Kochi,Kerala,South
C01275,Isha Agarwal,isha.agarwal1275@example.com,Bengaluru,Karnataka,South
C01276,Vikash Singh,vikash.singh1276@example.com,Jaipur,Rajasthan,North
C01277,Sahil Gupta,sahil.gupta1277@example.com,Bhubaneswar,Odisha,East
C01278,Isha Agarwal,isha.agarwal1278@example.com,Chennai,Tamil Nadu,South
C01279,Pooja Kumar,pooja.kumar1279@example.com,Chennai,Tamil Nadu,South
C01280,Kavya Patel,kavya.patel1280@example.com,Pune,Maharashtra,West
C01281,Vikash Rajput,vikash.rajput1281@example.com,Delhi,Delhi,North
C01282,Aman Verma,aman.verma1282@example.com,Chandigarh,Chandigarh,North
C01283,Karan Sharma,karan.sharma1283@example.com,Mumbai,Maharashtra,West
C01284,Rahul Patel,rahul.patel1284@example.com,Jaipur,Rajasthan,North
C01285,Neha Gupta,neha.gupta1285@example.com,Jaipur,Rajasthan,North
C01286,Aditi Sharma,aditi.sharma1286@example.com,Kanpur,Uttar Pradesh,North
C01287,Aarav Sharma,aarav.sharma1287@example.com,Kanpur,Uttar Pradesh,North
C01288,Pooja Yadav,pooja.yadav1288@example.com,Kochi,Kerala,South
C01289,Rahul Mishra,rahul.mishra1289@example.com,Surat,Gujarat,West
C01290,Kavya Kumar,kavya.kumar1290@example.com,Pune,Maharashtra,West
C01291,Aarav Gupta,aarav.gupta1291@example.com,Kolkata,West Bengal,East
C01292,Rahul Mishra,rahul.mishra1292@example.com,Surat,Gujarat,West
C01293,Aditi Agarwal,aditi.agarwal1293@example.com,Chandigarh,Chandigarh,North
C01294,Pooja Singh,pooja.singh1294@example.com,Kanpur,Uttar Pradesh,North
C01295,Sahil Singh,sahil.singh1295@example.com,Kanpur,Uttar Pradesh,North
C01296,Kavya Verma,kavya.verma1296@example.com,Pune,Maharashtra,West
C01297,Ankit Mishra,ankit.mishra1297@example.com,Pune,Maharashtra,West
C01298,Ananya Rajput,ananya.rajput1298@example.com,Bengaluru,Karnataka,South
C01299,Vikash Sharma,vikash.sharma1299@example.com,Patna,Bihar,East
C01300,Karan Yadav,karan.yadav1300@example.com,Chennai,Tamil Nadu,South
C01301,Aman Sharma,aman.sharma1301@example.com,Delhi,Delhi,North
C01302,Arjun Singh,arjun.singh1302@example.com,Patna,Bihar,East
C01303,Rohan Singh,rohan.singh1303@example.com,Lucknow,Uttar Pradesh,North
C01304,Rahul Gupta,rahul.gupta1304@example.com,Ahmedabad,Gujarat,West
C01305,Sneha Gupta,sneha.gupta1305@example.com,Surat,Gujarat,West
C01306,Sneha Sharma,sneha.sharma1306@example.com,Kanpur,Uttar Pradesh,North
C01307,Vikash Sharma,vikash.sharma1307@example.com,Bengaluru,Karnataka,South
C01308,Ananya Patel,ananya.patel1308@example.com,Kolkata,West Bengal,East
C01309,Rahul Singh,rahul.singh1309@example.com,Jaipur,Rajasthan,North
C01310,Aarav Kumar,aarav.kumar1310@example.com,Mumbai,Maharashtra,West
C01311,Priya Patel,priya.patel1311@example.com,Bhubaneswar,Odisha,East
C01312,Aditi Gupta,aditi.gupta1312@example.com,Lucknow,Uttar Pradesh,North
C01313,Ananya Patel,ananya.patel1313@example.com,Mumbai,Maharashtra,West
C01314,Rahul Rajput,rahul.rajput1314@example.com,Kochi,Kerala,South
C01315,Sneha Gupta,sneha.gupta1315@example.com,Kochi,Kerala,South
C01316,Kavya Rajput,kavya.rajput1316@example.com,Mumbai,Maharashtra,West
C01317,Rahul Kumar,rahul.kumar1317@example.com,Jaipur,Rajasthan,North
C01318,Vikash Singh,vikash.singh1318@example.com,Kolkata,West Bengal,East
C01319,Simran Yadav,simran.yadav1319@example.com,Bhubaneswar,Odisha,East
C01320,Vikash Agarwal,vikash.agarwal1320@example.com,Kochi,Kerala,South
C01321,Ananya Agarwal,ananya.agarwal1321@example.com,Delhi,Delhi,North
C01322,Rohan Yadav,rohan.yadav1322@example.com,Patna,Bihar,East
C01323,Rahul Rajput,rahul.rajput1323@example.com,Bhubaneswar,Odisha,East
C01324,Aditya Singh,aditya.singh1324@example.com,Surat,Gujarat,West
C01325,Priya Sharma,priya.sharma1325@example.com,Ahmedabad,Gujarat,West
C01326,Priya Mishra,priya.mishra1326@example.com,Kanpur,Uttar Pradesh,North
C01327,Pooja Verma,pooja.verma1327@example.com,Patna,Bihar,East
C01328,Ananya Rajput,ananya.rajput1328@example.com,Chandigarh,Chandigarh,North
C01329,Riya Agarwal,riya.agarwal1329@example.com,Jaipur,Rajasthan,North
C01330,Aarav Kumar,aarav.kumar1330@example.com,Patna,Bihar,East
C01331,Kavya Kumar,kavya.kumar1331@example.com,Lucknow,Uttar Pradesh,North
C01332,Kavya Patel,kavya.patel1332@example.com,Ahmedabad,Gujarat,West
C01333,Priya Gupta,priya.gupta1333@example.com,Jaipur,Rajasthan,North
C01334,Isha Verma,isha.verma1334@example.com,Kochi,Kerala,South
C01335,Neha Verma,neha.verma1335@example.com,Lucknow,Uttar Pradesh,North
C01336,Sneha Yadav,sneha.yadav1336@example.com,Bhubaneswar,Odisha,East
C01337,Arjun Yadav,arjun.yadav1337@example.com,Bhubaneswar,Odisha,East
C01338,Priya Singh,priya.singh1338@example.com,Patna,Bihar,East
C01339,Aarav Singh,aarav.singh1339@example.com,Kochi,Kerala,South
C01340,Pooja Sharma,pooja.sharma1340@example.com,Delhi,Delhi,North
C01341,Arjun Agarwal,arjun.agarwal1341@example.com,Bengaluru,Karnataka,South
C01342,Isha Mishra,isha.mishra1342@example.com,Pune,Maharashtra,West
C01343,Sneha Patel,sneha.patel1343@example.com,Hyderabad,Telangana,South
C01344,Aditya Verma,aditya.verma1344@example.com,Bhubaneswar,Odisha,East
C01345,Priya Mishra,priya.mishra1345@example.com,Patna,Bihar,East
C01346,Ananya Yadav,ananya.yadav1346@example.com,Kanpur,Uttar Pradesh,North
C01347,Rahul Verma,rahul.verma1347@example.com,Delhi,Delhi,North
C01348,Priya Patel,priya.patel1348@example.com,Bengaluru,Karnataka,South
C01349,Riya Mishra,riya.mishra1349@example.com,Hyderabad,Telangana,South
C01350,Rahul Sharma,rahul.sharma1350@example.com,Mumbai,Maharashtra,West
C01351,Kavya Kumar,kavya.kumar1351@example.com,Kolkata,West Bengal,East
C01352,Rahul Gupta,rahul.gupta1352@example.com,Pune,Maharashtra,West
C01353,Karan Singh,karan.singh1353@example.com,Kochi,Kerala,South
C01354,Karan Yadav,karan.yadav1354@example.com,Pune,Maharashtra,West
C01355,Priya Singh,priya.singh1355@example.com,Kolkata,West Bengal,East
C01356,Aditya Agarwal,aditya.agarwal1356@example.com,Kanpur,Uttar Pradesh,North
C01357,Sneha Yadav,sneha.yadav1357@example.com,Chandigarh,Chandigarh,North
C01358,Kavya Sharma,kavya.sharma1358@example.com,Jaipur,Rajasthan,North
C01359,Riya Rajput,riya.rajput1359@example.com,Patna,Bihar,East
C01360,Isha Kumar,isha.kumar1360@example.com,Mumbai,Maharashtra,West
C01361,Rohan Singh,rohan.singh1361@example.com,Kochi,Kerala,South
C01362,Aditi Agarwal,aditi.agarwal1362@example.com,Chennai,Tamil Nadu,South
C01363,Isha Rajput,isha.rajput1363@example.com,Kolkata,West Bengal,East
C01364,Aditi Verma,aditi.verma1364@example.com,Surat,Gujarat,West
C01365,Neha Patel,neha.patel1365@example.com,Bengaluru,Karnataka,South
C01366,Sneha Kumar,sneha.kumar1366@example.com,Chandigarh,Chandigarh,North
C01367,Pooja Agarwal,pooja.agarwal1367@example.com,Bengaluru,Karnataka,South
C01368,Riya Patel,riya.patel1368@example.com,Pune,Maharashtra,West
C01369,Karan Verma,karan.verma1369@example.com,Bengaluru,Karnataka,South
C01370,Ananya Kumar,ananya.kumar1370@example.com,Mumbai,Maharashtra,West
C01371,Isha Mishra,isha.mishra1371@example.com,Chennai,Tamil Nadu,South
C01372,Rahul Patel,rahul.patel1372@example.com,Patna,Bihar,East
C01373,Simran Agarwal,simran.agarwal1373@example.com,Kolkata,West Bengal,East
C01374,Riya Gupta,riya.gupta1374@example.com,Kolkata,West Bengal,East
C01375,Aarav Mishra,aarav.mishra1375@example.com,Kanpur,Uttar Pradesh,North
C01376,Aarav Rajput,aarav.rajput1376@example.com,Chandigarh,Chandigarh,North
C01377,Aditya Sharma,aditya.sharma1377@example.com,Pune,Maharashtra,West
C01378,Ankit Kumar,ankit.kumar1378@example.com,Bengaluru,Karnataka,South
C01379,Ankit Kumar,ankit.kumar1379@example.com,Jaipur,Rajasthan,North
C01380,Sahil Verma,sahil.verma1380@example.com,Jaipur,Rajasthan,North
C01381,Ananya Yadav,ananya.yadav1381@example.com,Kanpur,Uttar Pradesh,North
C01382,Aditi Mishra,aditi.mishra1382@example.com,Ahmedabad,Gujarat,West
C01383,Riya Rajput,riya.rajput1383@example.com,Ahmedabad,Gujarat,West
C01384,Isha Gupta,isha.gupta1384@example.com,Jaipur,Rajasthan,North
C01385,Neha Rajput,neha.rajput1385@example.com,Kolkata,West Bengal,East
C01386,Priya Mishra,priya.mishra1386@example.com,Jaipur,Rajasthan,North
C01387,Aarav Gupta,aarav.gupta1387@example.com,Pune,Maharashtra,West
C01388,Aditi Yadav,aditi.yadav1388@example.com,Ahmedabad,Gujarat,West
C01389,Ananya Agarwal,ananya.agarwal1389@example.com,Pune,Maharashtra,West
C01390,Karan Gupta,karan.gupta1390@example.com,Bhubaneswar,Odisha,East
C01391,Vikash Singh,vikash.singh1391@example.com,Mumbai,Maharashtra,West
C01392,Vikash Mishra,vikash.mishra1392@example.com,Kanpur,Uttar Pradesh,North
C01393,Neha Sharma,neha.sharma1393@example.com,Kolkata,West Bengal,East
C01394,Ankit Mishra,ankit.mishra1394@example.com,Surat,Gujarat,West
C01395,Rohan Kumar,rohan.kumar1395@example.com,Surat,Gujarat,West
C01396,Aarav Patel,aarav.patel1396@example.com,Bhubaneswar,Odisha,East
C01397,Rohan Sharma,rohan.sharma1397@example.com,Chandigarh,Chandigarh,North
C01398,Priya Agarwal,priya.agarwal1398@example.com,Jaipur,Rajasthan,North
C01399,Aditi Gupta,aditi.gupta1399@example.com,Patna,Bihar,East
C01400,Simran Mishra,simran.mishra1400@example.com,Hyderabad,Telangana,South
C01401,Arjun Patel,arjun.patel1401@example.com,Ahmedabad,Gujarat,West
C01402,Vikash Mishra,vikash.mishra1402@example.com,Lucknow,Uttar Pradesh,North
C01403,Isha Kumar,isha.kumar1403@example.com,Kolkata,West Bengal,East
C01404,Riya Mishra,riya.mishra1404@example.com,Kochi,Kerala,South
C01405,Arjun Patel,arjun.patel1405@example.com,Ahmedabad,Gujarat,West
C01406,Karan Patel,karan.patel1406@example.com,Chennai,Tamil Nadu,South
C01407,Ananya Gupta,ananya.gupta1407@example.com,Pune,Maharashtra,West
C01408,Aditi Mishra,aditi.mishra1408@example.com,Patna,Bihar,East
C01409,Riya Sharma,riya.sharma1409@example.com,Kanpur,Uttar Pradesh,North
C01410,Ananya Yadav,ananya.yadav1410@example.com,Ahmedabad,Gujarat,West
C01411,Aditi Agarwal,aditi.agarwal1411@example.com,Ahmedabad,Gujarat,West
C01412,Aditya Patel,aditya.patel1412@example.com,Kochi,Kerala,South
C01413,Rahul Rajput,rahul.rajput1413@example.com,Surat,Gujarat,West
C01414,Riya Gupta,riya.gupta1414@example.com,Delhi,Delhi,North
C01415,Isha Patel,isha.patel1415@example.com,Bhubaneswar,Odisha,East
C01416,Kavya Sharma,kavya.sharma1416@example.com,Bengaluru,Karnataka,South
C01417,Karan Patel,karan.patel1417@example.com,Lucknow,Uttar Pradesh,North
C01418,Rahul Kumar,rahul.kumar1418@example.com,Delhi,Delhi,North
C01419,Arjun Verma,arjun.verma1419@example.com,Pune,Maharashtra,West
C01420,Pooja Singh,pooja.singh1420@example.com,Pune,Maharashtra,West
C01421,Riya Rajput,riya.rajput1421@example.com,Lucknow,Uttar Pradesh,North
C01422,Rohan Sharma,rohan.sharma1422@example.com,Bhubaneswar,Odisha,East
C01423,Priya Sharma,priya.sharma1423@example.com,Lucknow,Uttar Pradesh,North
C01424,Arjun Sharma,arjun.sharma1424@example.com,Mumbai,Maharashtra,West
C01425,Ankit Mishra,ankit.mishra1425@example.com,Lucknow,Uttar Pradesh,North
C01426,Simran Verma,simran.verma1426@example.com,Surat,Gujarat,West
C01427,Pooja Rajput,pooja.rajput1427@example.com,Bhubaneswar,Odisha,East
C01428,Neha Rajput,neha.rajput1428@example.com,Chennai,Tamil Nadu,South
C01429,Aarav Rajput,aarav.rajput1429@example.com,Kanpur,Uttar Pradesh,North
C01430,Riya Sharma,riya.sharma1430@example.com,Lucknow,Uttar Pradesh,North
C01431,Simran Sharma,simran.sharma1431@example.com,Lucknow,Uttar Pradesh,North
C01432,Ananya Mishra,ananya.mishra1432@example.com,Kanpur,Uttar Pradesh,North
C01433,Sahil Gupta,sahil.gupta1433@example.com,Lucknow,Uttar Pradesh,North
C01434,Sahil Yadav,sahil.yadav1434@example.com,Kochi,Kerala,South
C01435,Neha Sharma,neha.sharma1435@example.com,Patna,Bihar,East
C01436,Vikash Mishra,vikash.mishra1436@example.com,Ahmedabad,Gujarat,West
C01437,Rohan Rajput,rohan.rajput1437@example.com,Bengaluru,Karnataka,South
C01438,Rohan Gupta,rohan.gupta1438@example.com,Hyderabad,Telangana,South
C01439,Aarav Mishra,aarav.mishra1439@example.com,Chandigarh,Chandigarh,North
C01440,Rahul Sharma,rahul.sharma1440@example.com,Delhi,Delhi,North
C01441,Simran Agarwal,simran.agarwal1441@example.com,Kochi,Kerala,South
C01442,Riya Mishra,riya.mishra1442@example.com,Lucknow,Uttar Pradesh,North
C01443,Sahil Verma,sahil.verma1443@example.com,Hyderabad,Telangana,South
C01444,Karan Rajput,karan.rajput1444@example.com,Chandigarh,Chandigarh,North
C01445,Vikash Kumar,vikash.kumar1445@example.com,Ahmedabad,Gujarat,West
C01446,Aditi Gupta,aditi.gupta1446@example.com,Pune,Maharashtra,West
C01447,Rahul Kumar,rahul.kumar1447@example.com,Jaipur,Rajasthan,North
C01448,Riya Yadav,riya.yadav1448@example.com,Lucknow,Uttar Pradesh,North
C01449,Sahil Singh,sahil.singh1449@example.com,Surat,Gujarat,West
C01450,Rahul Verma,rahul.verma1450@example.com,Patna,Bihar,East
C01451,Priya Patel,priya.patel1451@example.com,Chandigarh,Chandigarh,North
C01452,Aman Singh,aman.singh1452@example.com,Bengaluru,Karnataka,South
C01453,Aditi Singh,aditi.singh1453@example.com,Pune,Maharashtra,West
C01454,Priya Yadav,priya.yadav1454@example.com,Bhubaneswar,Odisha,East
C01455,Priya Agarwal,priya.agarwal1455@example.com,Bengaluru,Karnataka,South
C01456,Simran Kumar,simran.kumar1456@example.com,Hyderabad,Telangana,South
C01457,Priya Rajput,priya.rajput1457@example.com,Mumbai,Maharashtra,West
C01458,Aarav Patel,aarav.patel1458@example.com,Ahmedabad,Gujarat,West
C01459,Aman Rajput,aman.rajput1459@example.com,Surat,Gujarat,West
C01460,Ananya Kumar,ananya.kumar1460@example.com,Chennai,Tamil Nadu,South
C01461,Kavya Yadav,kavya.yadav1461@example.com,Bhubaneswar,Odisha,East
C01462,Ananya Gupta,ananya.gupta1462@example.com,Patna,Bihar,East
C01463,Riya Singh,riya.singh1463@example.com,Mumbai,Maharashtra,West
C01464,Aditi Singh,aditi.singh1464@example.com,Surat,Gujarat,West
C01465,Rohan Mishra,rohan.mishra1465@example.com,Pune,Maharashtra,West
C01466,Ankit Singh,ankit.singh1466@example.com,Lucknow,Uttar Pradesh,North
C01467,Aarav Mishra,aarav.mishra1467@example.com,Delhi,Delhi,North
C01468,Simran Agarwal,simran.agarwal1468@example.com,Kochi,Kerala,South
C01469,Simran Verma,simran.verma1469@example.com,Jaipur,Rajasthan,North
C01470,Riya Gupta,riya.gupta1470@example.com,Patna,Bihar,East
C01471,Rohan Patel,rohan.patel1471@example.com,Kochi,Kerala,South
C01472,Aman Agarwal,aman.agarwal1472@example.com,Bengaluru,Karnataka,South
C01473,Rohan Yadav,rohan.yadav1473@example.com,Lucknow,Uttar Pradesh,North
C01474,Neha Patel,neha.patel1474@example.com,Delhi,Delhi,North
C01475,Aman Agarwal,aman.agarwal1475@example.com,Mumbai,Maharashtra,West
C01476,Isha Kumar,isha.kumar1476@example.com,Bhubaneswar,Odisha,East
C01477,Vikash Kumar,vikash.kumar1477@example.com,Chandigarh,Chandigarh,North
C01478,Kavya Patel,kavya.patel1478@example.com,Jaipur,Rajasthan,North
C01479,Aman Yadav,aman.yadav1479@example.com,Ahmedabad,Gujarat,West
C01480,Arjun Gupta,arjun.gupta1480@example.com,Hyderabad,Telangana,South
C01481,Aman Sharma,aman.sharma1481@example.com,Pune,Maharashtra,West
C01482,Isha Patel,isha.patel1482@example.com,Kochi,Kerala,South
C01483,Kavya Yadav,kavya.yadav1483@example.com,Jaipur,Rajasthan,North
C01484,Aditya Patel,aditya.patel1484@example.com,Kanpur,Uttar Pradesh,North
C01485,Isha Gupta,isha.gupta1485@example.com,Surat,Gujarat,West
C01486,Simran Mishra,simran.mishra1486@example.com,Mumbai,Maharashtra,West
C01487,Neha Rajput,neha.rajput1487@example.com,Hyderabad,Telangana,South
C01488,Simran Singh,simran.singh1488@example.com,Surat,Gujarat,West
C01489,Neha Verma,neha.verma1489@example.com,Kochi,Kerala,South
C01490,Ananya Patel,ananya.patel1490@example.com,Patna,Bihar,East
C01491,Kavya Agarwal,kavya.agarwal1491@example.com,Delhi,Delhi,North
C01492,Isha Kumar,isha.kumar1492@example.com,Bhubaneswar,Odisha,East
C01493,Vikash Verma,vikash.verma1493@example.com,Lucknow,Uttar Pradesh,North
C01494,Isha Gupta,isha.gupta1494@example.com,Pune,Maharashtra,West
C01495,Rohan Kumar,rohan.kumar1495@example.com,Mumbai,Maharashtra,West
C01496,Ananya Agarwal,ananya.agarwal1496@example.com,Kanpur,Uttar Pradesh,North
C01497,Aman Rajput,aman.rajput1497@example.com,Chennai,Tamil Nadu,South
C01498,Rahul Yadav,rahul.yadav1498@example.com,Patna,Bihar,East
C01499,Kavya Verma,kavya.verma1499@example.com,Mumbai,Maharashtra,West
C01500,Pooja Sharma,pooja.sharma1500@example.com,Ahmedabad,Gujarat,West
C01501,Aditya Kumar,aditya.kumar1501@example.com,Mumbai,Maharashtra,West
C01502,Rohan Mishra,rohan.mishra1502@example.com,Jaipur,Rajasthan,North
C01503,Simran Kumar,simran.kumar1503@example.com,Jaipur,Rajasthan,North
C01504,Vikash Gupta,vikash.gupta1504@example.com,Mumbai,Maharashtra,West
C01505,Isha Rajput,isha.rajput1505@example.com,Delhi,Delhi,North
C01506,Sahil Singh,sahil.singh1506@example.com,Pune,Maharashtra,West
C01507,Sneha Agarwal,sneha.agarwal1507@example.com,Patna,Bihar,East
C01508,Kavya Kumar,kavya.kumar1508@example.com,Ahmedabad,Gujarat,West
C01509,Pooja Agarwal,pooja.agarwal1509@example.com,Chandigarh,Chandigarh,North
C01510,Simran Kumar,simran.kumar1510@example.com,Surat,Gujarat,West
C01511,Vikash Patel,vikash.patel1511@example.com,Bhubaneswar,Odisha,East
C01512,Aditi Agarwal,aditi.agarwal1512@example.com,Lucknow,Uttar Pradesh,North
C01513,Aman Rajput,aman.rajput1513@example.com,Kochi,Kerala,South
C01514,Rohan Singh,rohan.singh1514@example.com,Delhi,Delhi,North
C01515,Karan Mishra,karan.mishra1515@example.com,Kolkata,West Bengal,East
C01516,Rohan Agarwal,rohan.agarwal1516@example.com,Kanpur,Uttar Pradesh,North
C01517,Vikash Yadav,vikash.yadav1517@example.com,Jaipur,Rajasthan,North
C01518,Riya Mishra,riya.mishra1518@example.com,Kanpur,Uttar Pradesh,North
C01519,Arjun Yadav,arjun.yadav1519@example.com,Chandigarh,Chandigarh,North
C01520,Aditi Mishra,aditi.mishra1520@example.com,Delhi,Delhi,North
C01521,Pooja Mishra,pooja.mishra1521@example.com,Kolkata,West Bengal,East
C01522,Ananya Sharma,ananya.sharma1522@example.com,Kolkata,West Bengal,East
C01523,Aman Yadav,aman.yadav1523@example.com,Kochi,Kerala,South
C01524,Ananya Agarwal,ananya.agarwal1524@example.com,Kanpur,Uttar Pradesh,North
C01525,Pooja Kumar,pooja.kumar1525@example.com,Surat,Gujarat,West
C01526,Kavya Verma,kavya.verma1526@example.com,Lucknow,Uttar Pradesh,North
C01527,Sahil Agarwal,sahil.agarwal1527@example.com,Kolkata,West Bengal,East
C01528,Ankit Verma,ankit.verma1528@example.com,Delhi,Delhi,North
C01529,Aarav Agarwal,aarav.agarwal1529@example.com,Kanpur,Uttar Pradesh,North
C01530,Isha Sharma,isha.sharma1530@example.com,Kochi,Kerala,South
C01531,Karan Patel,karan.patel1531@example.com,Kolkata,West Bengal,East
C01532,Ananya Singh,ananya.singh1532@example.com,Chandigarh,Chandigarh,North
C01533,Pooja Agarwal,pooja.agarwal1533@example.com,Surat,Gujarat,West
C01534,Ankit Mishra,ankit.mishra1534@example.com,Kolkata,West Bengal,East
C01535,Simran Patel,simran.patel1535@example.com,Surat,Gujarat,West
C01536,Neha Verma,neha.verma1536@example.com,Kolkata,West Bengal,East
C01537,Riya Mishra,riya.mishra1537@example.com,Patna,Bihar,East
C01538,Vikash Patel,vikash.patel1538@example.com,Patna,Bihar,East
C01539,Ankit Gupta,ankit.gupta1539@example.com,Hyderabad,Telangana,South
C01540,Neha Kumar,neha.kumar1540@example.com,Kanpur,Uttar Pradesh,North
C01541,Aman Yadav,aman.yadav1541@example.com,Mumbai,Maharashtra,West
C01542,Rahul Verma,rahul.verma1542@example.com,Kochi,Kerala,South
C01543,Priya Mishra,priya.mishra1543@example.com,Jaipur,Rajasthan,North
C01544,Vikash Rajput,vikash.rajput1544@example.com,Delhi,Delhi,North
C01545,Arjun Kumar,arjun.kumar1545@example.com,Patna,Bihar,East
C01546,Aditi Rajput,aditi.rajput1546@example.com,Lucknow,Uttar Pradesh,North
C01547,Arjun Gupta,arjun.gupta1547@example.com,Ahmedabad,Gujarat,West
C01548,Ananya Singh,ananya.singh1548@example.com,Jaipur,Rajasthan,North
C01549,Neha Rajput,neha.rajput1549@example.com,Bengaluru,Karnataka,South
C01550,Aditi Sharma,aditi.sharma1550@example.com,Mumbai,Maharashtra,West
C01551,Kavya Yadav,kavya.yadav1551@example.com,Delhi,Delhi,North
C01552,Karan Mishra,karan.mishra1552@example.com,Bengaluru,Karnataka,South
C01553,Karan Sharma,karan.sharma1553@example.com,Ahmedabad,Gujarat,West
C01554,Aditi Kumar,aditi.kumar1554@example.com,Jaipur,Rajasthan,North
C01555,Ananya Verma,ananya.verma1555@example.com,Delhi,Delhi,North
C01556,Vikash Singh,vikash.singh1556@example.com,Surat,Gujarat,West
C01557,Neha Patel,neha.patel1557@example.com,Kochi,Kerala,South
C01558,Neha Agarwal,neha.agarwal1558@example.com,Pune,Maharashtra,West
C01559,Isha Sharma,isha.sharma1559@example.com,Lucknow,Uttar Pradesh,North
C01560,Arjun Mishra,arjun.mishra1560@example.com,Bengaluru,Karnataka,South
C01561,Riya Agarwal,riya.agarwal1561@example.com,Hyderabad,Telangana,South
C01562,Ananya Gupta,ananya.gupta1562@example.com,Ahmedabad,Gujarat,West
C01563,Aditi Verma,aditi.verma1563@example.com,Bhubaneswar,Odisha,East
C01564,Neha Agarwal,neha.agarwal1564@example.com,Delhi,Delhi,North
C01565,Ankit Kumar,ankit.kumar1565@example.com,Kolkata,West Bengal,East
C01566,Isha Singh,isha.singh1566@example.com,Lucknow,Uttar Pradesh,North
C01567,Isha Gupta,isha.gupta1567@example.com,Chennai,Tamil Nadu,South
C01568,Rahul Mishra,rahul.mishra1568@example.com,Surat,Gujarat,West
C01569,Riya Agarwal,riya.agarwal1569@example.com,Surat,Gujarat,West
C01570,Sneha Rajput,sneha.rajput1570@example.com,Patna,Bihar,East
C01571,Aman Patel,aman.patel1571@example.com,Bhubaneswar,Odisha,East
C01572,Sneha Agarwal,sneha.agarwal1572@example.com,Delhi,Delhi,North
C01573,Kavya Singh,kavya.singh1573@example.com,Surat,Gujarat,West
C01574,Arjun Rajput,arjun.rajput1574@example.com,Ahmedabad,Gujarat,West
C01575,Aman Patel,aman.patel1575@example.com,Kolkata,West Bengal,East
C01576,Ananya Mishra,ananya.mishra1576@example.com,Delhi,Delhi,North
C01577,Ankit Verma,ankit.verma1577@example.com,Bengaluru,Karnataka,South
C01578,Arjun Rajput,arjun.rajput1578@example.com,Chennai,Tamil Nadu,South
C01579,Arjun Mishra,arjun.mishra1579@example.com,Mumbai,Maharashtra,West
C01580,Kavya Patel,kavya.patel1580@example.com,Hyderabad,Telangana,South
C01581,Karan Agarwal,karan.agarwal1581@example.com,Surat,Gujarat,West
C01582,Vikash Verma,vikash.verma1582@example.com,Patna,Bihar,East
C01583,Karan Verma,karan.verma1583@example.com,Ahmedabad,Gujarat,West
C01584,Ankit Verma,ankit.verma1584@example.com,Ahmedabad,Gujarat,West
C01585,Karan Verma,karan.verma1585@example.com,Hyderabad,Telangana,South
C01586,Rohan Singh,rohan.singh1586@example.com,Kanpur,Uttar Pradesh,North
C01587,Arjun Yadav,arjun.yadav1587@example.com,Delhi,Delhi,North
C01588,Riya Sharma,riya.sharma1588@example.com,Patna,Bihar,East
C01589,Ananya Agarwal,ananya.agarwal1589@example.com,Chennai,Tamil Nadu,South
C01590,Kavya Agarwal,kavya.agarwal1590@example.com,Surat,Gujarat,West
C01591,Kavya Kumar,kavya.kumar1591@example.com,Surat,Gujarat,West
C01592,Neha Verma,neha.verma1592@example.com,Chandigarh,Chandigarh,North
C01593,Aditya Mishra,aditya.mishra1593@example.com,Kolkata,West Bengal,East
C01594,Kavya Mishra,kavya.mishra1594@example.com,Jaipur,Rajasthan,North
C01595,Isha Patel,isha.patel1595@example.com,Kochi,Kerala,South
C01596,Vikash Yadav,vikash.yadav1596@example.com,Kanpur,Uttar Pradesh,North
C01597,Isha Yadav,isha.yadav1597@example.com,Chennai,Tamil Nadu,South
C01598,Aarav Sharma,aarav.sharma1598@example.com,Pune,Maharashtra,West
C01599,Neha Agarwal,neha.agarwal1599@example.com,Kanpur,Uttar Pradesh,North
C01600,Priya Patel,priya.patel1600@example.com,Surat,Gujarat,West
C01601,Vikash Mishra,vikash.mishra1601@example.com,Surat,Gujarat,West
C01602,Aman Gupta,aman.gupta1602@example.com,Patna,Bihar,East
C01603,Aditi Patel,aditi.patel1603@example.com,Hyderabad,Telangana,South
C01604,Vikash Yadav,vikash.yadav1604@example.com,Kolkata,West Bengal,East
C01605,Karan Rajput,karan.rajput1605@example.com,Hyderabad,Telangana,South
C01606,Ananya Rajput,ananya.rajput1606@example.com,Surat,Gujarat,West
C01607,Sneha Kumar,sneha.kumar1607@example.com,Chandigarh,Chandigarh,North
C01608,Simran Verma,simran.verma1608@example.com,Kanpur,Uttar Pradesh,North
C01609,Ankit Verma,ankit.verma1609@example.com,Kolkata,West Bengal,East
C01610,Neha Verma,neha.verma1610@example.com,Chandigarh,Chandigarh,North
C01611,Rohan Yadav,rohan.yadav1611@example.com,Delhi,Delhi,North
C01612,Vikash Rajput,vikash.rajput1612@example.com,Patna,Bihar,East
C01613,Rohan Mishra,rohan.mishra1613@example.com,Chennai,Tamil Nadu,South
C01614,Kavya Gupta,kavya.gupta1614@example.com,Surat,Gujarat,West
C01615,Riya Agarwal,riya.agarwal1615@example.com,Jaipur,Rajasthan,North
C01616,Neha Singh,neha.singh1616@example.com,Mumbai,Maharashtra,West
C01617,Aditya Verma,aditya.verma1617@example.com,Surat,Gujarat,West
C01618,Kavya Singh,kavya.singh1618@example.com,Bhubaneswar,Odisha,East
C01619,Priya Gupta,priya.gupta1619@example.com,Hyderabad,Telangana,South
C01620,Ananya Mishra,ananya.mishra1620@example.com,Surat,Gujarat,West
C01621,Ananya Sharma,ananya.sharma1621@example.com,Kolkata,West Bengal,East
C01622,Rahul Patel,rahul.patel1622@example.com,Pune,Maharashtra,West
C01623,Simran Agarwal,simran.agarwal1623@example.com,Mumbai,Maharashtra,West
C01624,Sahil Patel,sahil.patel1624@example.com,Chennai,Tamil Nadu,South
C01625,Isha Yadav,isha.yadav1625@example.com,Bhubaneswar,Odisha,East
C01626,Arjun Rajput,arjun.rajput1626@example.com,Bengaluru,Karnataka,South
C01627,Sneha Kumar,sneha.kumar1627@example.com,Mumbai,Maharashtra,West
C01628,Priya Rajput,priya.rajput1628@example.com,Kochi,Kerala,South
C01629,Arjun Singh,arjun.singh1629@example.com,Mumbai,Maharashtra,West
C01630,Priya Verma,priya.verma1630@example.com,Chennai,Tamil Nadu,South
C01631,Priya Gupta,priya.gupta1631@example.com,Surat,Gujarat,West
C01632,Aditi Rajput,aditi.rajput1632@example.com,Surat,Gujarat,West
C01633,Sneha Patel,sneha.patel1633@example.com,Bhubaneswar,Odisha,East
C01634,Pooja Kumar,pooja.kumar1634@example.com,Mumbai,Maharashtra,West
C01635,Aarav Kumar,aarav.kumar1635@example.com,Ahmedabad,Gujarat,West
C01636,Ankit Singh,ankit.singh1636@example.com,Pune,Maharashtra,West
C01637,Vikash Rajput,vikash.rajput1637@example.com,Kanpur,Uttar Pradesh,North
C01638,Rahul Singh,rahul.singh1638@example.com,Patna,Bihar,East
C01639,Riya Sharma,riya.sharma1639@example.com,Delhi,Delhi,North
C01640,Neha Mishra,neha.mishra1640@example.com,Lucknow,Uttar Pradesh,North
C01641,Rahul Gupta,rahul.gupta1641@example.com,Chandigarh,Chandigarh,North
C01642,Arjun Rajput,arjun.rajput1642@example.com,Bengaluru,Karnataka,South
C01643,Aman Verma,aman.verma1643@example.com,Bengaluru,Karnataka,South
C01644,Sneha Kumar,sneha.kumar1644@example.com,Chandigarh,Chandigarh,North
C01645,Isha Kumar,isha.kumar1645@example.com,Delhi,Delhi,North
C01646,Aditya Patel,aditya.patel1646@example.com,Chennai,Tamil Nadu,South
C01647,Kavya Yadav,kavya.yadav1647@example.com,Surat,Gujarat,West
C01648,Riya Yadav,riya.yadav1648@example.com,Chandigarh,Chandigarh,North
C01649,Riya Kumar,riya.kumar1649@example.com,Bhubaneswar,Odisha,East
C01650,Simran Rajput,simran.rajput1650@example.com,Bengaluru,Karnataka,South
C01651,Ananya Yadav,ananya.yadav1651@example.com,Ahmedabad,Gujarat,West
C01652,Arjun Yadav,arjun.yadav1652@example.com,Bengaluru,Karnataka,South
C01653,Ananya Rajput,ananya.rajput1653@example.com,Surat,Gujarat,West
C01654,Rohan Gupta,rohan.gupta1654@example.com,Delhi,Delhi,North
C01655,Aarav Mishra,aarav.mishra1655@example.com,Chandigarh,Chandigarh,North
C01656,Ananya Gupta,ananya.gupta1656@example.com,Patna,Bihar,East
C01657,Riya Sharma,riya.sharma1657@example.com,Patna,Bihar,East
C01658,Kavya Gupta,kavya.gupta1658@example.com,Delhi,Delhi,North
C01659,Pooja Gupta,pooja.gupta1659@example.com,Ahmedabad,Gujarat,West
C01660,Aarav Mishra,aarav.mishra1660@example.com,Hyderabad,Telangana,South
C01661,Karan Rajput,karan.rajput1661@example.com,Kolkata,West Bengal,East
C01662,Neha Verma,neha.verma1662@example.com,Mumbai,Maharashtra,West
C01663,Neha Rajput,neha.rajput1663@example.com,Ahmedabad,Gujarat,West
C01664,Ankit Singh,ankit.singh1664@example.com,Kolkata,West Bengal,East
C01665,Aman Mishra,aman.mishra1665@example.com,Surat,Gujarat,West
C01666,Sahil Mishra,sahil.mishra1666@example.com,Surat,Gujarat,West
C01667,Pooja Verma,pooja.verma1667@example.com,Lucknow,Uttar Pradesh,North
C01668,Vikash Kumar,vikash.kumar1668@example.com,Bengaluru,Karnataka,South
C01669,Rahul Yadav,rahul.yadav1669@example.com,Bhubaneswar,Odisha,East
C01670,Ankit Agarwal,ankit.agarwal1670@example.com,Patna,Bihar,East
C01671,Karan Patel,karan.patel1671@example.com,Delhi,Delhi,North
C01672,Rohan Sharma,rohan.sharma1672@example.com,Delhi,Delhi,North
C01673,Vikash Singh,vikash.singh1673@example.com,Bengaluru,Karnataka,South
C01674,Ankit Kumar,ankit.kumar1674@example.com,Bhubaneswar,Odisha,East
C01675,Aarav Verma,aarav.verma1675@example.com,Lucknow,Uttar Pradesh,North
C01676,Rohan Sharma,rohan.sharma1676@example.com,Patna,Bihar,East
C01677,Karan Patel,karan.patel1677@example.com,Kolkata,West Bengal,East
C01678,Sahil Yadav,sahil.yadav1678@example.com,Hyderabad,Telangana,South
C01679,Sneha Sharma,sneha.sharma1679@example.com,Chennai,Tamil Nadu,South
C01680,Arjun Kumar,arjun.kumar1680@example.com,Jaipur,Rajasthan,North
C01681,Ankit Rajput,ankit.rajput1681@example.com,Lucknow,Uttar Pradesh,North
C01682,Riya Yadav,riya.yadav1682@example.com,Mumbai,Maharashtra,West
C01683,Karan Gupta,karan.gupta1683@example.com,Kochi,Kerala,South
C01684,Aarav Singh,aarav.singh1684@example.com,Ahmedabad,Gujarat,West
C01685,Neha Yadav,neha.yadav1685@example.com,Ahmedabad,Gujarat,West
C01686,Aditya Verma,aditya.verma1686@example.com,Bhubaneswar,Odisha,East
C01687,Rahul Mishra,rahul.mishra1687@example.com,Pune,Maharashtra,West
C01688,Kavya Rajput,kavya.rajput1688@example.com,Bengaluru,Karnataka,South
C01689,Priya Kumar,priya.kumar1689@example.com,Jaipur,Rajasthan,North
C01690,Riya Mishra,riya.mishra1690@example.com,Kanpur,Uttar Pradesh,North
C01691,Ankit Yadav,ankit.yadav1691@example.com,Bengaluru,Karnataka,South
C01692,Karan Patel,karan.patel1692@example.com,Jaipur,Rajasthan,North
C01693,Karan Singh,karan.singh1693@example.com,Ahmedabad,Gujarat,West
C01694,Pooja Patel,pooja.patel1694@example.com,Delhi,Delhi,North
C01695,Vikash Gupta,vikash.gupta1695@example.com,Kanpur,Uttar Pradesh,North
C01696,Neha Verma,neha.verma1696@example.com,Delhi,Delhi,North
C01697,Aditya Agarwal,aditya.agarwal1697@example.com,Patna,Bihar,East
C01698,Aditi Kumar,aditi.kumar1698@example.com,Hyderabad,Telangana,South
C01699,Arjun Verma,arjun.verma1699@example.com,Mumbai,Maharashtra,West
C01700,Kavya Singh,kavya.singh1700@example.com,Chennai,Tamil Nadu,South
C01701,Aditya Sharma,aditya.sharma1701@example.com,Hyderabad,Telangana,South
C01702,Rohan Mishra,rohan.mishra1702@example.com,Kanpur,Uttar Pradesh,North
C01703,Rohan Yadav,rohan.yadav1703@example.com,Ahmedabad,Gujarat,West
C01704,Priya Mishra,priya.mishra1704@example.com,Hyderabad,Telangana,South
C01705,Sneha Verma,sneha.verma1705@example.com,Delhi,Delhi,North
C01706,Neha Patel,neha.patel1706@example.com,Chandigarh,Chandigarh,North
C01707,Ankit Sharma,ankit.sharma1707@example.com,Patna,Bihar,East
C01708,Sneha Mishra,sneha.mishra1708@example.com,Bengaluru,Karnataka,South
C01709,Riya Yadav,riya.yadav1709@example.com,Pune,Maharashtra,West
C01710,Simran Kumar,simran.kumar1710@example.com,Hyderabad,Telangana,South
C01711,Priya Yadav,priya.yadav1711@example.com,Surat,Gujarat,West
C01712,Aditi Mishra,aditi.mishra1712@example.com,Mumbai,Maharashtra,West
C01713,Arjun Mishra,arjun.mishra1713@example.com,Chandigarh,Chandigarh,North
C01714,Sneha Gupta,sneha.gupta1714@example.com,Surat,Gujarat,West
C01715,Riya Patel,riya.patel1715@example.com,Bhubaneswar,Odisha,East
C01716,Aarav Mishra,aarav.mishra1716@example.com,Kochi,Kerala,South
C01717,Vikash Sharma,vikash.sharma1717@example.com,Hyderabad,Telangana,South
C01718,Aditi Verma,aditi.verma1718@example.com,Chennai,Tamil Nadu,South
C01719,Arjun Mishra,arjun.mishra1719@example.com,Kochi,Kerala,South
C01720,Karan Mishra,karan.mishra1720@example.com,Patna,Bihar,East
C01721,Riya Kumar,riya.kumar1721@example.com,Bengaluru,Karnataka,South
C01722,Priya Rajput,priya.rajput1722@example.com,Chennai,Tamil Nadu,South
C01723,Rahul Singh,rahul.singh1723@example.com,Lucknow,Uttar Pradesh,North
C01724,Aditya Kumar,aditya.kumar1724@example.com,Mumbai,Maharashtra,West
C01725,Aditya Verma,aditya.verma1725@example.com,Kanpur,Uttar Pradesh,North
C01726,Kavya Verma,kavya.verma1726@example.com,Kanpur,Uttar Pradesh,North
C01727,Aditya Agarwal,aditya.agarwal1727@example.com,Kochi,Kerala,South
C01728,Kavya Mishra,kavya.mishra1728@example.com,Surat,Gujarat,West
C01729,Aditya Patel,aditya.patel1729@example.com,Ahmedabad,Gujarat,West
C01730,Aditi Singh,aditi.singh1730@example.com,Delhi,Delhi,North
C01731,Karan Yadav,karan.yadav1731@example.com,Lucknow,Uttar Pradesh,North
C01732,Sneha Sharma,sneha.sharma1732@example.com,Hyderabad,Telangana,South
C01733,Riya Rajput,riya.rajput1733@example.com,Hyderabad,Telangana,South
C01734,Aditya Agarwal,aditya.agarwal1734@example.com,Surat,Gujarat,West
C01735,Isha Sharma,isha.sharma1735@example.com,Lucknow,Uttar Pradesh,North
C01736,Sahil Singh,sahil.singh1736@example.com,Pune,Maharashtra,West
C01737,Isha Singh,isha.singh1737@example.com,Kanpur,Uttar Pradesh,North
C01738,Aman Mishra,aman.mishra1738@example.com,Kochi,Kerala,South
C01739,Karan Verma,karan.verma1739@example.com,Ahmedabad,Gujarat,West
C01740,Simran Kumar,simran.kumar1740@example.com,Kolkata,West Bengal,East
C01741,Rahul Agarwal,rahul.agarwal1741@example.com,Hyderabad,Telangana,South
C01742,Sneha Rajput,sneha.rajput1742@example.com,Kanpur,Uttar Pradesh,North
C01743,Vikash Kumar,vikash.kumar1743@example.com,Kochi,Kerala,South
C01744,Isha Patel,isha.patel1744@example.com,Mumbai,Maharashtra,West
C01745,Riya Agarwal,riya.agarwal1745@example.com,Bhubaneswar,Odisha,East
C01746,Ananya Patel,ananya.patel1746@example.com,Chennai,Tamil Nadu,South
C01747,Ananya Rajput,ananya.rajput1747@example.com,Kolkata,West Bengal,East
C01748,Priya Agarwal,priya.agarwal1748@example.com,Ahmedabad,Gujarat,West
C01749,Simran Mishra,simran.mishra1749@example.com,Pune,Maharashtra,West
C01750,Neha Mishra,neha.mishra1750@example.com,Surat,Gujarat,West
C01751,Ananya Yadav,ananya.yadav1751@example.com,Bhubaneswar,Odisha,East
C01752,Neha Sharma,neha.sharma1752@example.com,Jaipur,Rajasthan,North
C01753,Sahil Agarwal,sahil.agarwal1753@example.com,Delhi,Delhi,North
C01754,Isha Kumar,isha.kumar1754@example.com,Bengaluru,Karnataka,South
C01755,Aarav Gupta,aarav.gupta1755@example.com,Ahmedabad,Gujarat,West
C01756,Karan Patel,karan.patel1756@example.com,Delhi,Delhi,North
C01757,Ankit Mishra,ankit.mishra1757@example.com,Chandigarh,Chandigarh,North
C01758,Rahul Sharma,rahul.sharma1758@example.com,Bhubaneswar,Odisha,East
C01759,Ananya Kumar,ananya.kumar1759@example.com,Chandigarh,Chandigarh,North
C01760,Ankit Patel,ankit.patel1760@example.com,Ahmedabad,Gujarat,West
C01761,Aman Gupta,aman.gupta1761@example.com,Bengaluru,Karnataka,South
C01762,Arjun Agarwal,arjun.agarwal1762@example.com,Kochi,Kerala,South
C01763,Simran Verma,simran.verma1763@example.com,Lucknow,Uttar Pradesh,North
C01764,Priya Yadav,priya.yadav1764@example.com,Mumbai,Maharashtra,West
C01765,Kavya Agarwal,kavya.agarwal1765@example.com,Kanpur,Uttar Pradesh,North
C01766,Aditi Gupta,aditi.gupta1766@example.com,Jaipur,Rajasthan,North
C01767,Simran Rajput,simran.rajput1767@example.com,Lucknow,Uttar Pradesh,North
C01768,Aditya Patel,aditya.patel1768@example.com,Hyderabad,Telangana,South
C01769,Pooja Rajput,pooja.rajput1769@example.com,Kanpur,Uttar Pradesh,North
C01770,Aman Agarwal,aman.agarwal1770@example.com,Delhi,Delhi,North
C01771,Neha Sharma,neha.sharma1771@example.com,Bengaluru,Karnataka,South
C01772,Isha Sharma,isha.sharma1772@example.com,Chennai,Tamil Nadu,South
C01773,Riya Agarwal,riya.agarwal1773@example.com,Chandigarh,Chandigarh,North
C01774,Priya Mishra,priya.mishra1774@example.com,Ahmedabad,Gujarat,West
C01775,Rohan Sharma,rohan.sharma1775@example.com,Kochi,Kerala,South
C01776,Sneha Agarwal,sneha.agarwal1776@example.com,Lucknow,Uttar Pradesh,North
C01777,Aman Rajput,aman.rajput1777@example.com,Bengaluru,Karnataka,South
C01778,Neha Kumar,neha.kumar1778@example.com,Chandigarh,Chandigarh,North
C01779,Priya Singh,priya.singh1779@example.com,Patna,Bihar,East
C01780,Simran Sharma,simran.sharma1780@example.com,Kochi,Kerala,South
C01781,Ankit Singh,ankit.singh1781@example.com,Kochi,Kerala,South
C01782,Isha Rajput,isha.rajput1782@example.com,Chandigarh,Chandigarh,North
C01783,Rohan Yadav,rohan.yadav1783@example.com,Pune,Maharashtra,West
C01784,Kavya Rajput,kavya.rajput1784@example.com,Pune,Maharashtra,West
C01785,Riya Agarwal,riya.agarwal1785@example.com,Ahmedabad,Gujarat,West
C01786,Aman Singh,aman.singh1786@example.com,Surat,Gujarat,West
C01787,Pooja Patel,pooja.patel1787@example.com,Lucknow,Uttar Pradesh,North
C01788,Rahul Rajput,rahul.rajput1788@example.com,Kolkata,West Bengal,East
C01789,Ananya Patel,ananya.patel1789@example.com,Pune,Maharashtra,West
C01790,Priya Patel,priya.patel1790@example.com,Delhi,Delhi,North
C01791,Sahil Kumar,sahil.kumar1791@example.com,Hyderabad,Telangana,South
C01792,Aditi Yadav,aditi.yadav1792@example.com,Chandigarh,Chandigarh,North
C01793,Sneha Sharma,sneha.sharma1793@example.com,Ahmedabad,Gujarat,West
C01794,Karan Patel,karan.patel1794@example.com,Chandigarh,Chandigarh,North
C01795,Arjun Singh,arjun.singh1795@example.com,Jaipur,Rajasthan,North
C01796,Aman Agarwal,aman.agarwal1796@example.com,Chandigarh,Chandigarh,North
C01797,Sahil Sharma,sahil.sharma1797@example.com,Chennai,Tamil Nadu,South
C01798,Rahul Gupta,rahul.gupta1798@example.com,Bhubaneswar,Odisha,East
C01799,Kavya Sharma,kavya.sharma1799@example.com,Chennai,Tamil Nadu,South
C01800,Karan Mishra,karan.mishra1800@example.com,Pune,Maharashtra,West
C01801,Karan Mishra,karan.mishra1801@example.com,Surat,Gujarat,West
C01802,Riya Yadav,riya.yadav1802@example.com,Chandigarh,Chandigarh,North
C01803,Aarav Rajput,aarav.rajput1803@example.com,Jaipur,Rajasthan,North
C01804,Ankit Kumar,ankit.kumar1804@example.com,Jaipur,Rajasthan,North
C01805,Sahil Verma,sahil.verma1805@example.com,Surat,Gujarat,West
C01806,Aditya Yadav,aditya.yadav1806@example.com,Delhi,Delhi,North
C01807,Arjun Rajput,arjun.rajput1807@example.com,Surat,Gujarat,West
C01808,Ananya Singh,ananya.singh1808@example.com,Delhi,Delhi,North
C01809,Sahil Rajput,sahil.rajput1809@example.com,Ahmedabad,Gujarat,West
C01810,Neha Mishra,neha.mishra1810@example.com,Kanpur,Uttar Pradesh,North
C01811,Priya Yadav,priya.yadav1811@example.com,Lucknow,Uttar Pradesh,North
C01812,Vikash Verma,vikash.verma1812@example.com,Bhubaneswar,Odisha,East
C01813,Riya Sharma,riya.sharma1813@example.com,Jaipur,Rajasthan,North
C01814,Aman Mishra,aman.mishra1814@example.com,Bengaluru,Karnataka,South
C01815,Priya Yadav,priya.yadav1815@example.com,Kochi,Kerala,South
C01816,Vikash Sharma,vikash.sharma1816@example.com,Hyderabad,Telangana,South
C01817,Ananya Patel,ananya.patel1817@example.com,Bengaluru,Karnataka,South
C01818,Aman Mishra,aman.mishra1818@example.com,Surat,Gujarat,West
C01819,Aditya Gupta,aditya.gupta1819@example.com,Kochi,Kerala,South
C01820,Aarav Mishra,aarav.mishra1820@example.com,Surat,Gujarat,West
C01821,Aman Kumar,aman.kumar1821@example.com,Chennai,Tamil Nadu,South
C01822,Neha Kumar,neha.kumar1822@example.com,Lucknow,Uttar Pradesh,North
C01823,Neha Mishra,neha.mishra1823@example.com,Ahmedabad,Gujarat,West
C01824,Pooja Verma,pooja.verma1824@example.com,Chandigarh,Chandigarh,North
C01825,Pooja Gupta,pooja.gupta1825@example.com,Chennai,Tamil Nadu,South
C01826,Sneha Mishra,sneha.mishra1826@example.com,Chandigarh,Chandigarh,North
C01827,Karan Kumar,karan.kumar1827@example.com,Pune,Maharashtra,West
C01828,Rohan Gupta,rohan.gupta1828@example.com,Chandigarh,Chandigarh,North
C01829,Pooja Kumar,pooja.kumar1829@example.com,Mumbai,Maharashtra,West
C01830,Priya Singh,priya.singh1830@example.com,Kanpur,Uttar Pradesh,North
C01831,Vikash Patel,vikash.patel1831@example.com,Chandigarh,Chandigarh,North
C01832,Aarav Patel,aarav.patel1832@example.com,Kolkata,West Bengal,East
C01833,Pooja Gupta,pooja.gupta1833@example.com,Bhubaneswar,Odisha,East
C01834,Ankit Kumar,ankit.kumar1834@example.com,Pune,Maharashtra,West
C01835,Rahul Kumar,rahul.kumar1835@example.com,Mumbai,Maharashtra,West
C01836,Aarav Agarwal,aarav.agarwal1836@example.com,Surat,Gujarat,West
C01837,Aditi Agarwal,aditi.agarwal1837@example.com,Ahmedabad,Gujarat,West
C01838,Aditi Verma,aditi.verma1838@example.com,Ahmedabad,Gujarat,West
C01839,Aarav Patel,aarav.patel1839@example.com,Lucknow,Uttar Pradesh,North
C01840,Kavya Kumar,kavya.kumar1840@example.com,Patna,Bihar,East
C01841,Ananya Kumar,ananya.kumar1841@example.com,Kochi,Kerala,South
C01842,Kavya Yadav,kavya.yadav1842@example.com,Chandigarh,Chandigarh,North
C01843,Vikash Verma,vikash.verma1843@example.com,Ahmedabad,Gujarat,West
C01844,Aditya Rajput,aditya.rajput1844@example.com,Delhi,Delhi,North
C01845,Ankit Rajput,ankit.rajput1845@example.com,Ahmedabad,Gujarat,West
C01846,Karan Verma,karan.verma1846@example.com,Lucknow,Uttar Pradesh,North
C01847,Vikash Yadav,vikash.yadav1847@example.com,Patna,Bihar,East
C01848,Priya Yadav,priya.yadav1848@example.com,Ahmedabad,Gujarat,West
C01849,Pooja Rajput,pooja.rajput1849@example.com,Jaipur,Rajasthan,North
C01850,Aditi Rajput,aditi.rajput1850@example.com,Chennai,Tamil Nadu,South
C01851,Neha Agarwal,neha.agarwal1851@example.com,Jaipur,Rajasthan,North
C01852,Isha Singh,isha.singh1852@example.com,Bhubaneswar,Odisha,East
C01853,Sneha Sharma,sneha.sharma1853@example.com,Ahmedabad,Gujarat,West
C01854,Isha Mishra,isha.mishra1854@example.com,Kochi,Kerala,South
C01855,Aditya Mishra,aditya.mishra1855@example.com,Kochi,Kerala,South
C01856,Isha Sharma,isha.sharma1856@example.com,Pune,Maharashtra,West
C01857,Sahil Yadav,sahil.yadav1857@example.com,Kochi,Kerala,South
C01858,Sahil Gupta,sahil.gupta1858@example.com,Bhubaneswar,Odisha,East
C01859,Vikash Rajput,vikash.rajput1859@example.com,Bengaluru,Karnataka,South
C01860,Aditi Sharma,aditi.sharma1860@example.com,Chandigarh,Chandigarh,North
C01861,Sneha Yadav,sneha.yadav1861@example.com,Lucknow,Uttar Pradesh,North
C01862,Isha Singh,isha.singh1862@example.com,Mumbai,Maharashtra,West
C01863,Simran Mishra,simran.mishra1863@example.com,Chandigarh,Chandigarh,North
C01864,Neha Rajput,neha.rajput1864@example.com,Chennai,Tamil Nadu,South
C01865,Sneha Sharma,sneha.sharma1865@example.com,Mumbai,Maharashtra,West
C01866,Sneha Agarwal,sneha.agarwal1866@example.com,Pune,Maharashtra,West
C01867,Sneha Singh,sneha.singh1867@example.com,Surat,Gujarat,West
C01868,Priya Kumar,priya.kumar1868@example.com,Kanpur,Uttar Pradesh,North
C01869,Arjun Singh,arjun.singh1869@example.com,Bhubaneswar,Odisha,East
C01870,Ananya Singh,ananya.singh1870@example.com,Kochi,Kerala,South
C01871,Isha Agarwal,isha.agarwal1871@example.com,Mumbai,Maharashtra,West
C01872,Neha Mishra,neha.mishra1872@example.com,Kochi,Kerala,South
C01873,Aditya Kumar,aditya.kumar1873@example.com,Chennai,Tamil Nadu,South
C01874,Simran Kumar,simran.kumar1874@example.com,Mumbai,Maharashtra,West
C01875,Rohan Kumar,rohan.kumar1875@example.com,Jaipur,Rajasthan,North
C01876,Pooja Gupta,pooja.gupta1876@example.com,Bengaluru,Karnataka,South
C01877,Sneha Gupta,sneha.gupta1877@example.com,Mumbai,Maharashtra,West
C01878,Rahul Kumar,rahul.kumar1878@example.com,Pune,Maharashtra,West
C01879,Aarav Agarwal,aarav.agarwal1879@example.com,Surat,Gujarat,West
C01880,Aarav Yadav,aarav.yadav1880@example.com,Patna,Bihar,East
C01881,Kavya Mishra,kavya.mishra1881@example.com,Delhi,Delhi,North
C01882,Aditi Yadav,aditi.yadav1882@example.com,Ahmedabad,Gujarat,West
C01883,Karan Agarwal,karan.agarwal1883@example.com,Patna,Bihar,East
C01884,Sneha Rajput,sneha.rajput1884@example.com,Bhubaneswar,Odisha,East
C01885,Arjun Agarwal,arjun.agarwal1885@example.com,Delhi,Delhi,North
C01886,Aman Mishra,aman.mishra1886@example.com,Surat,Gujarat,West
C01887,Aditi Mishra,aditi.mishra1887@example.com,Pune,Maharashtra,West
C01888,Aditya Kumar,aditya.kumar1888@example.com,Chandigarh,Chandigarh,North
C01889,Aditya Patel,aditya.patel1889@example.com,Jaipur,Rajasthan,North
C01890,Rohan Sharma,rohan.sharma1890@example.com,Bengaluru,Karnataka,South
C01891,Priya Singh,priya.singh1891@example.com,Jaipur,Rajasthan,North
C01892,Rahul Rajput,rahul.rajput1892@example.com,Mumbai,Maharashtra,West
C01893,Vikash Gupta,vikash.gupta1893@example.com,Mumbai,Maharashtra,West
C01894,Sneha Agarwal,sneha.agarwal1894@example.com,Hyderabad,Telangana,South
C01895,Aditya Singh,aditya.singh1895@example.com,Bengaluru,Karnataka,South
C01896,Priya Patel,priya.patel1896@example.com,Kochi,Kerala,South
C01897,Arjun Rajput,arjun.rajput1897@example.com,Lucknow,Uttar Pradesh,North
C01898,Sahil Yadav,sahil.yadav1898@example.com,Chandigarh,Chandigarh,North
C01899,Rahul Gupta,rahul.gupta1899@example.com,Chennai,Tamil Nadu,South
C01900,Isha Rajput,isha.rajput1900@example.com,Pune,Maharashtra,West
C01901,Karan Agarwal,karan.agarwal1901@example.com,Jaipur,Rajasthan,North
C01902,Rahul Agarwal,rahul.agarwal1902@example.com,Lucknow,Uttar Pradesh,North
C01903,Kavya Agarwal,kavya.agarwal1903@example.com,Bengaluru,Karnataka,South
C01904,Pooja Agarwal,pooja.agarwal1904@example.com,Chennai,Tamil Nadu,South
C01905,Ankit Mishra,ankit.mishra1905@example.com,Hyderabad,Telangana,South
C01906,Rohan Agarwal,rohan.agarwal1906@example.com,Patna,Bihar,East
C01907,Isha Yadav,isha.yadav1907@example.com,Patna,Bihar,East
C01908,Vikash Agarwal,vikash.agarwal1908@example.com,Ahmedabad,Gujarat,West
C01909,Sahil Verma,sahil.verma1909@example.com,Delhi,Delhi,North
C01910,Rahul Sharma,rahul.sharma1910@example.com,Bhubaneswar,Odisha,East
C01911,Rahul Verma,rahul.verma1911@example.com,Kolkata,West Bengal,East
C01912,Pooja Sharma,pooja.sharma1912@example.com,Chennai,Tamil Nadu,South
C01913,Ananya Mishra,ananya.mishra1913@example.com,Pune,Maharashtra,West
C01914,Aarav Verma,aarav.verma1914@example.com,Bengaluru,Karnataka,South
C01915,Ankit Singh,ankit.singh1915@example.com,Bengaluru,Karnataka,South
C01916,Sahil Mishra,sahil.mishra1916@example.com,Chennai,Tamil Nadu,South
C01917,Aarav Singh,aarav.singh1917@example.com,Chennai,Tamil Nadu,South
C01918,Priya Rajput,priya.rajput1918@example.com,Delhi,Delhi,North
C01919,Vikash Verma,vikash.verma1919@example.com,Chennai,Tamil Nadu,South
C01920,Priya Yadav,priya.yadav1920@example.com,Patna,Bihar,East
C01921,Aditya Kumar,aditya.kumar1921@example.com,Patna,Bihar,East
C01922,Rohan Yadav,rohan.yadav1922@example.com,Chennai,Tamil Nadu,South
C01923,Sneha Rajput,sneha.rajput1923@example.com,Jaipur,Rajasthan,North
C01924,Isha Gupta,isha.gupta1924@example.com,Chennai,Tamil Nadu,South
C01925,Riya Mishra,riya.mishra1925@example.com,Delhi,Delhi,North
C01926,Karan Agarwal,karan.agarwal1926@example.com,Chennai,Tamil Nadu,South
C01927,Ananya Singh,ananya.singh1927@example.com,Chandigarh,Chandigarh,North
C01928,Ankit Sharma,ankit.sharma1928@example.com,Chennai,Tamil Nadu,South
C01929,Neha Mishra,neha.mishra1929@example.com,Mumbai,Maharashtra,West
C01930,Simran Agarwal,simran.agarwal1930@example.com,Kochi,Kerala,South
C01931,Vikash Agarwal,vikash.agarwal1931@example.com,Kanpur,Uttar Pradesh,North
C01932,Sahil Patel,sahil.patel1932@example.com,Jaipur,Rajasthan,North
C01933,Ankit Rajput,ankit.rajput1933@example.com,Lucknow,Uttar Pradesh,North
C01934,Kavya Verma,kavya.verma1934@example.com,Hyderabad,Telangana,South
C01935,Sneha Gupta,sneha.gupta1935@example.com,Pune,Maharashtra,West
C01936,Isha Gupta,isha.gupta1936@example.com,Mumbai,Maharashtra,West
C01937,Rahul Patel,rahul.patel1937@example.com,Jaipur,Rajasthan,North
C01938,Karan Singh,karan.singh1938@example.com,Bhubaneswar,Odisha,East
C01939,Isha Sharma,isha.sharma1939@example.com,Patna,Bihar,East
C01940,Isha Kumar,isha.kumar1940@example.com,Pune,Maharashtra,West
C01941,Priya Yadav,priya.yadav1941@example.com,Bengaluru,Karnataka,South
C01942,Priya Kumar,priya.kumar1942@example.com,Kanpur,Uttar Pradesh,North
C01943,Isha Kumar,isha.kumar1943@example.com,Pune,Maharashtra,West
C01944,Aditya Yadav,aditya.yadav1944@example.com,Kochi,Kerala,South
C01945,Isha Singh,isha.singh1945@example.com,Delhi,Delhi,North
C01946,Sahil Sharma,sahil.sharma1946@example.com,Lucknow,Uttar Pradesh,North
C01947,Priya Yadav,priya.yadav1947@example.com,Jaipur,Rajasthan,North
C01948,Rahul Mishra,rahul.mishra1948@example.com,Bengaluru,Karnataka,South
C01949,Aarav Agarwal,aarav.agarwal1949@example.com,Bengaluru,Karnataka,South
C01950,Karan Patel,karan.patel1950@example.com,Pune,Maharashtra,West
C01951,Karan Gupta,karan.gupta1951@example.com,Surat,Gujarat,West
C01952,Riya Patel,riya.patel1952@example.com,Bhubaneswar,Odisha,East
C01953,Rahul Gupta,rahul.gupta1953@example.com,Chandigarh,Chandigarh,North
C01954,Vikash Gupta,vikash.gupta1954@example.com,Kanpur,Uttar Pradesh,North
C01955,Aarav Agarwal,aarav.agarwal1955@example.com,Kanpur,Uttar Pradesh,North
C01956,Karan Mishra,karan.mishra1956@example.com,Hyderabad,Telangana,South
C01957,Riya Patel,riya.patel1957@example.com,Surat,Gujarat,West
C01958,Rohan Gupta,rohan.gupta1958@example.com,Ahmedabad,Gujarat,West
C01959,Vikash Singh,vikash.singh1959@example.com,Bengaluru,Karnataka,South
C01960,Aditi Patel,aditi.patel1960@example.com,Bhubaneswar,Odisha,East
C01961,Aditya Kumar,aditya.kumar1961@example.com,Delhi,Delhi,North
C01962,Kavya Sharma,kavya.sharma1962@example.com,Kanpur,Uttar Pradesh,North
C01963,Neha Sharma,neha.sharma1963@example.com,Lucknow,Uttar Pradesh,North
C01964,Pooja Rajput,pooja.rajput1964@example.com,Mumbai,Maharashtra,West
C01965,Aditi Agarwal,aditi.agarwal1965@example.com,Bhubaneswar,Odisha,East
C01966,Aditi Patel,aditi.patel1966@example.com,Bengaluru,Karnataka,South
C01967,Priya Verma,priya.verma1967@example.com,Lucknow,Uttar Pradesh,North
C01968,Sneha Agarwal,sneha.agarwal1968@example.com,Chandigarh,Chandigarh,North
C01969,Arjun Yadav,arjun.yadav1969@example.com,Kanpur,Uttar Pradesh,North
C01970,Sneha Gupta,sneha.gupta1970@example.com,Bhubaneswar,Odisha,East
C01971,Kavya Verma,kavya.verma1971@example.com,Ahmedabad,Gujarat,West
C01972,Rohan Agarwal,rohan.agarwal1972@example.com,Surat,Gujarat,West
C01973,Ananya Rajput,ananya.rajput1973@example.com,Mumbai,Maharashtra,West
C01974,Priya Patel,priya.patel1974@example.com,Bhubaneswar,Odisha,East
C01975,Kavya Sharma,kavya.sharma1975@example.com,Lucknow,Uttar Pradesh,North
C01976,Kavya Singh,kavya.singh1976@example.com,Hyderabad,Telangana,South
C01977,Kavya Yadav,kavya.yadav1977@example.com,Mumbai,Maharashtra,West
C01978,Sahil Patel,sahil.patel1978@example.com,Chandigarh,Chandigarh,North
C01979,Isha Singh,isha.singh1979@example.com,Kochi,Kerala,South
C01980,Rahul Patel,rahul.patel1980@example.com,Lucknow,Uttar Pradesh,North
C01981,Sahil Mishra,sahil.mishra1981@example.com,Bhubaneswar,Odisha,East
C01982,Neha Agarwal,neha.agarwal1982@example.com,Kolkata,West Bengal,East
C01983,Aman Agarwal,aman.agarwal1983@example.com,Ahmedabad,Gujarat,West
C01984,Riya Kumar,riya.kumar1984@example.com,Patna,Bihar,East
C01985,Neha Singh,neha.singh1985@example.com,Chennai,Tamil Nadu,South
C01986,Karan Agarwal,karan.agarwal1986@example.com,Kolkata,West Bengal,East
C01987,Pooja Agarwal,pooja.agarwal1987@example.com,Chennai,Tamil Nadu,South
C01988,Riya Verma,riya.verma1988@example.com,Mumbai,Maharashtra,West
C01989,Arjun Agarwal,arjun.agarwal1989@example.com,Patna,Bihar,East
C01990,Rahul Agarwal,rahul.agarwal1990@example.com,Bhubaneswar,Odisha,East
C01991,Priya Mishra,priya.mishra1991@example.com,Kanpur,Uttar Pradesh,North
C01992,Sneha Kumar,sneha.kumar1992@example.com,Bengaluru,Karnataka,South
C01993,Neha Singh,neha.singh1993@example.com,Kanpur,Uttar Pradesh,North
C01994,Aditi Rajput,aditi.rajput1994@example.com,Chennai,Tamil Nadu,South
C01995,Kavya Sharma,kavya.sharma1995@example.com,Lucknow,Uttar Pradesh,North
C01996,Karan Kumar,karan.kumar1996@example.com,Delhi,Delhi,North
C01997,Rohan Kumar,rohan.kumar1997@example.com,Bhubaneswar,Odisha,East
C01998,Riya Gupta,riya.gupta1998@example.com,Kochi,Kerala,South
C01999,Aditi Agarwal,aditi.agarwal1999@example.com,Bhubaneswar,Odisha,East
C02000,Karan Verma,karan.verma2000@example.com,Chennai,Tamil Nadu,South
C02001,Sahil Agarwal,sahil.agarwal2001@example.com,Bengaluru,Karnataka,South
C02002,Pooja Patel,pooja.patel2002@example.com,Lucknow,Uttar Pradesh,North
C02003,Simran Sharma,simran.sharma2003@example.com,Kochi,Kerala,South
C02004,Rohan Gupta,rohan.gupta2004@example.com,Jaipur,Rajasthan,North
C02005,Ananya Mishra,ananya.mishra2005@example.com,Jaipur,Rajasthan,North
C02006,Aarav Mishra,aarav.mishra2006@example.com,Hyderabad,Telangana,South
C02007,Rahul Gupta,rahul.gupta2007@example.com,Delhi,Delhi,North
C02008,Aman Rajput,aman.rajput2008@example.com,Kochi,Kerala,South
C02009,Priya Rajput,priya.rajput2009@example.com,Kochi,Kerala,South
C02010,Neha Rajput,neha.rajput2010@example.com,Pune,Maharashtra,West
C02011,Vikash Yadav,vikash.yadav2011@example.com,Chandigarh,Chandigarh,North
C02012,Karan Mishra,karan.mishra2012@example.com,Kochi,Kerala,South
C02013,Ananya Rajput,ananya.rajput2013@example.com,Chandigarh,Chandigarh,North
C02014,Sahil Kumar,sahil.kumar2014@example.com,Chandigarh,Chandigarh,North
C02015,Aarav Singh,aarav.singh2015@example.com,Delhi,Delhi,North
C02016,Rohan Yadav,rohan.yadav2016@example.com,Kolkata,West Bengal,East
C02017,Rohan Singh,rohan.singh2017@example.com,Chandigarh,Chandigarh,North
C02018,Pooja Yadav,pooja.yadav2018@example.com,Kolkata,West Bengal,East
C02019,Aditi Kumar,aditi.kumar2019@example.com,Bhubaneswar,Odisha,East
C02020,Isha Rajput,isha.rajput2020@example.com,Bhubaneswar,Odisha,East
C02021,Neha Patel,neha.patel2021@example.com,Ahmedabad,Gujarat,West
C02022,Vikash Rajput,vikash.rajput2022@example.com,Delhi,Delhi,North
C02023,Simran Yadav,simran.yadav2023@example.com,Ahmedabad,Gujarat,West
C02024,Isha Gupta,isha.gupta2024@example.com,Kolkata,West Bengal,East
C02025,Riya Agarwal,riya.agarwal2025@example.com,Hyderabad,Telangana,South
C02026,Aditya Sharma,aditya.sharma2026@example.com,Patna,Bihar,East
C02027,Ananya Singh,ananya.singh2027@example.com,Patna,Bihar,East
C02028,Arjun Kumar,arjun.kumar2028@example.com,Surat,Gujarat,West
C02029,Sneha Mishra,sneha.mishra2029@example.com,Lucknow,Uttar Pradesh,North
C02030,Isha Agarwal,isha.agarwal2030@example.com,Lucknow,Uttar Pradesh,North
C02031,Aman Yadav,aman.yadav2031@example.com,Lucknow,Uttar Pradesh,North
C02032,Riya Agarwal,riya.agarwal2032@example.com,Bengaluru,Karnataka,South
C02033,Aditi Sharma,aditi.sharma2033@example.com,Chennai,Tamil Nadu,South
C02034,Riya Sharma,riya.sharma2034@example.com,Patna,Bihar,East
C02035,Sneha Mishra,sneha.mishra2035@example.com,Patna,Bihar,East
C02036,Simran Patel,simran.patel2036@example.com,Kolkata,West Bengal,East
C02037,Ananya Gupta,ananya.gupta2037@example.com,Bengaluru,Karnataka,South
C02038,Vikash Sharma,vikash.sharma2038@example.com,Bengaluru,Karnataka,South
C02039,Simran Gupta,simran.gupta2039@example.com,Jaipur,Rajasthan,North
C02040,Kavya Agarwal,kavya.agarwal2040@example.com,Mumbai,Maharashtra,West
C02041,Simran Sharma,simran.sharma2041@example.com,Bengaluru,Karnataka,South
C02042,Aditi Sharma,aditi.sharma2042@example.com,Bengaluru,Karnataka,South
C02043,Kavya Singh,kavya.singh2043@example.com,Chandigarh,Chandigarh,North
C02044,Isha Singh,isha.singh2044@example.com,Surat,Gujarat,West
C02045,Ankit Kumar,ankit.kumar2045@example.com,Surat,Gujarat,West
C02046,Ankit Gupta,ankit.gupta2046@example.com,Delhi,Delhi,North
C02047,Rahul Agarwal,rahul.agarwal2047@example.com,Mumbai,Maharashtra,West
C02048,Simran Kumar,simran.kumar2048@example.com,Bhubaneswar,Odisha,East
C02049,Ananya Kumar,ananya.kumar2049@example.com,Surat,Gujarat,West
C02050,Aman Yadav,aman.yadav2050@example.com,Mumbai,Maharashtra,West
C02051,Isha Sharma,isha.sharma2051@example.com,Chennai,Tamil Nadu,South
C02052,Arjun Kumar,arjun.kumar2052@example.com,Chandigarh,Chandigarh,North
C02053,Kavya Rajput,kavya.rajput2053@example.com,Kochi,Kerala,South
C02054,Aman Yadav,aman.yadav2054@example.com,Mumbai,Maharashtra,West
C02055,Karan Agarwal,karan.agarwal2055@example.com,Hyderabad,Telangana,South
C02056,Aditya Gupta,aditya.gupta2056@example.com,Kanpur,Uttar Pradesh,North
C02057,Aditya Kumar,aditya.kumar2057@example.com,Bhubaneswar,Odisha,East
C02058,Neha Yadav,neha.yadav2058@example.com,Bengaluru,Karnataka,South
C02059,Kavya Mishra,kavya.mishra2059@example.com,Ahmedabad,Gujarat,West
C02060,Neha Rajput,neha.rajput2060@example.com,Patna,Bihar,East
C02061,Ankit Kumar,ankit.kumar2061@example.com,Kolkata,West Bengal,East
C02062,Aarav Gupta,aarav.gupta2062@example.com,Bhubaneswar,Odisha,East
C02063,Neha Patel,neha.patel2063@example.com,Jaipur,Rajasthan,North
C02064,Rahul Mishra,rahul.mishra2064@example.com,Hyderabad,Telangana,South
C02065,Pooja Agarwal,pooja.agarwal2065@example.com,Surat,Gujarat,West
C02066,Priya Gupta,priya.gupta2066@example.com,Surat,Gujarat,West
C02067,Rahul Gupta,rahul.gupta2067@example.com,Kochi,Kerala,South
C02068,Sneha Verma,sneha.verma2068@example.com,Pune,Maharashtra,West
C02069,Isha Patel,isha.patel2069@example.com,Mumbai,Maharashtra,West
C02070,Priya Mishra,priya.mishra2070@example.com,Delhi,Delhi,North
C02071,Aarav Singh,aarav.singh2071@example.com,Delhi,Delhi,North
C02072,Pooja Singh,pooja.singh2072@example.com,Kanpur,Uttar Pradesh,North
C02073,Sneha Patel,sneha.patel2073@example.com,Ahmedabad,Gujarat,West
C02074,Sahil Gupta,sahil.gupta2074@example.com,Pune,Maharashtra,West
C02075,Aditya Sharma,aditya.sharma2075@example.com,Lucknow,Uttar Pradesh,North
C02076,Aditya Agarwal,aditya.agarwal2076@example.com,Pune,Maharashtra,West
C02077,Aditi Singh,aditi.singh2077@example.com,Kanpur,Uttar Pradesh,North
C02078,Arjun Agarwal,arjun.agarwal2078@example.com,Chandigarh,Chandigarh,North
C02079,Neha Agarwal,neha.agarwal2079@example.com,Mumbai,Maharashtra,West
C02080,Rahul Kumar,rahul.kumar2080@example.com,Surat,Gujarat,West
C02081,Sahil Yadav,sahil.yadav2081@example.com,Lucknow,Uttar Pradesh,North
C02082,Sneha Gupta,sneha.gupta2082@example.com,Kolkata,West Bengal,East
C02083,Priya Gupta,priya.gupta2083@example.com,Mumbai,Maharashtra,West
C02084,Arjun Gupta,arjun.gupta2084@example.com,Jaipur,Rajasthan,North
C02085,Neha Rajput,neha.rajput2085@example.com,Chennai,Tamil Nadu,South
C02086,Aditya Gupta,aditya.gupta2086@example.com,Surat,Gujarat,West
C02087,Vikash Yadav,vikash.yadav2087@example.com,Lucknow,Uttar Pradesh,North
C02088,Kavya Verma,kavya.verma2088@example.com,Kochi,Kerala,South
C02089,Vikash Yadav,vikash.yadav2089@example.com,Kanpur,Uttar Pradesh,North
C02090,Rohan Mishra,rohan.mishra2090@example.com,Kolkata,West Bengal,East
C02091,Karan Agarwal,karan.agarwal2091@example.com,Kanpur,Uttar Pradesh,North
C02092,Sneha Gupta,sneha.gupta2092@example.com,Kanpur,Uttar Pradesh,North
C02093,Aditya Singh,aditya.singh2093@example.com,Lucknow,Uttar Pradesh,North
C02094,Simran Gupta,simran.gupta2094@example.com,Bhubaneswar,Odisha,East
C02095,Aarav Yadav,aarav.yadav2095@example.com,Chandigarh,Chandigarh,North
C02096,Aarav Sharma,aarav.sharma2096@example.com,Kochi,Kerala,South
C02097,Ankit Kumar,ankit.kumar2097@example.com,Chennai,Tamil Nadu,South
C02098,Neha Agarwal,neha.agarwal2098@example.com,Delhi,Delhi,North
C02099,Isha Yadav,isha.yadav2099@example.com,Patna,Bihar,East
C02100,Pooja Rajput,pooja.rajput2100@example.com,Lucknow,Uttar Pradesh,North
C02101,Riya Verma,riya.verma2101@example.com,Delhi,Delhi,North
C02102,Neha Yadav,neha.yadav2102@example.com,Kanpur,Uttar Pradesh,North
C02103,Simran Mishra,simran.mishra2103@example.com,Hyderabad,Telangana,South
C02104,Priya Gupta,priya.gupta2104@example.com,Kochi,Kerala,South
C02105,Aditya Singh,aditya.singh2105@example.com,Hyderabad,Telangana,South
C02106,Riya Patel,riya.patel2106@example.com,Lucknow,Uttar Pradesh,North
C02107,Sneha Gupta,sneha.gupta2107@example.com,Pune,Maharashtra,West
C02108,Vikash Mishra,vikash.mishra2108@example.com,Jaipur,Rajasthan,North
C02109,Neha Verma,neha.verma2109@example.com,Bengaluru,Karnataka,South
C02110,Neha Singh,neha.singh2110@example.com,Hyderabad,Telangana,South
C02111,Kavya Singh,kavya.singh2111@example.com,Bhubaneswar,Odisha,East
C02112,Karan Kumar,karan.kumar2112@example.com,Jaipur,Rajasthan,North
C02113,Karan Sharma,karan.sharma2113@example.com,Ahmedabad,Gujarat,West
C02114,Kavya Rajput,kavya.rajput2114@example.com,Lucknow,Uttar Pradesh,North
C02115,Riya Gupta,riya.gupta2115@example.com,Patna,Bihar,East
C02116,Riya Yadav,riya.yadav2116@example.com,Delhi,Delhi,North
C02117,Aditya Patel,aditya.patel2117@example.com,Jaipur,Rajasthan,North
C02118,Priya Sharma,priya.sharma2118@example.com,Kochi,Kerala,South
C02119,Rahul Verma,rahul.verma2119@example.com,Bhubaneswar,Odisha,East
C02120,Riya Kumar,riya.kumar2120@example.com,Ahmedabad,Gujarat,West
C02121,Arjun Sharma,arjun.sharma2121@example.com,Chandigarh,Chandigarh,North
C02122,Kavya Sharma,kavya.sharma2122@example.com,Patna,Bihar,East
C02123,Aditi Sharma,aditi.sharma2123@example.com,Ahmedabad,Gujarat,West
C02124,Rohan Sharma,rohan.sharma2124@example.com,Mumbai,Maharashtra,West
C02125,Aditya Gupta,aditya.gupta2125@example.com,Kanpur,Uttar Pradesh,North
C02126,Sneha Agarwal,sneha.agarwal2126@example.com,Mumbai,Maharashtra,West
C02127,Simran Singh,simran.singh2127@example.com,Kanpur,Uttar Pradesh,North
C02128,Rahul Yadav,rahul.yadav2128@example.com,Ahmedabad,Gujarat,West
C02129,Arjun Verma,arjun.verma2129@example.com,Kolkata,West Bengal,East
C02130,Priya Rajput,priya.rajput2130@example.com,Chennai,Tamil Nadu,South
C02131,Rahul Agarwal,rahul.agarwal2131@example.com,Chandigarh,Chandigarh,North
C02132,Priya Verma,priya.verma2132@example.com,Jaipur,Rajasthan,North
C02133,Simran Kumar,simran.kumar2133@example.com,Chennai,Tamil Nadu,South
C02134,Arjun Singh,arjun.singh2134@example.com,Surat,Gujarat,West
C02135,Rohan Rajput,rohan.rajput2135@example.com,Mumbai,Maharashtra,West
C02136,Ananya Mishra,ananya.mishra2136@example.com,Mumbai,Maharashtra,West
C02137,Sneha Verma,sneha.verma2137@example.com,Jaipur,Rajasthan,North
C02138,Rohan Singh,rohan.singh2138@example.com,Kochi,Kerala,South
C02139,Vikash Sharma,vikash.sharma2139@example.com,Patna,Bihar,East
C02140,Arjun Sharma,arjun.sharma2140@example.com,Delhi,Delhi,North
C02141,Vikash Singh,vikash.singh2141@example.com,Bengaluru,Karnataka,South
C02142,Pooja Yadav,pooja.yadav2142@example.com,Chandigarh,Chandigarh,North
C02143,Karan Kumar,karan.kumar2143@example.com,Surat,Gujarat,West
C02144,Isha Yadav,isha.yadav2144@example.com,Kolkata,West Bengal,East
C02145,Aman Kumar,aman.kumar2145@example.com,Jaipur,Rajasthan,North
C02146,Aditi Kumar,aditi.kumar2146@example.com,Patna,Bihar,East
C02147,Aditi Singh,aditi.singh2147@example.com,Bengaluru,Karnataka,South
C02148,Ananya Rajput,ananya.rajput2148@example.com,Delhi,Delhi,North
C02149,Riya Verma,riya.verma2149@example.com,Pune,Maharashtra,West
C02150,Rahul Mishra,rahul.mishra2150@example.com,Kanpur,Uttar Pradesh,North
C02151,Aditi Patel,aditi.patel2151@example.com,Ahmedabad,Gujarat,West
C02152,Sneha Verma,sneha.verma2152@example.com,Surat,Gujarat,West
C02153,Aditya Verma,aditya.verma2153@example.com,Kanpur,Uttar Pradesh,North
C02154,Rohan Yadav,rohan.yadav2154@example.com,Patna,Bihar,East
C02155,Vikash Kumar,vikash.kumar2155@example.com,Jaipur,Rajasthan,North
C02156,Aditya Patel,aditya.patel2156@example.com,Bengaluru,Karnataka,South
C02157,Karan Rajput,karan.rajput2157@example.com,Surat,Gujarat,West
C02158,Priya Agarwal,priya.agarwal2158@example.com,Bhubaneswar,Odisha,East
C02159,Aditya Singh,aditya.singh2159@example.com,Jaipur,Rajasthan,North
C02160,Riya Kumar,riya.kumar2160@example.com,Mumbai,Maharashtra,West
C02161,Aarav Yadav,aarav.yadav2161@example.com,Kanpur,Uttar Pradesh,North
C02162,Arjun Verma,arjun.verma2162@example.com,Bhubaneswar,Odisha,East
C02163,Simran Agarwal,simran.agarwal2163@example.com,Chennai,Tamil Nadu,South
C02164,Pooja Verma,pooja.verma2164@example.com,Chennai,Tamil Nadu,South
C02165,Aman Singh,aman.singh2165@example.com,Chennai,Tamil Nadu,South
C02166,Aman Singh,aman.singh2166@example.com,Ahmedabad,Gujarat,West
C02167,Pooja Verma,pooja.verma2167@example.com,Kochi,Kerala,South
C02168,Aman Singh,aman.singh2168@example.com,Patna,Bihar,East
C02169,Simran Yadav,simran.yadav2169@example.com,Jaipur,Rajasthan,North
C02170,Pooja Kumar,pooja.kumar2170@example.com,Pune,Maharashtra,West
C02171,Aditi Yadav,aditi.yadav2171@example.com,Mumbai,Maharashtra,West
C02172,Neha Patel,neha.patel2172@example.com,Chandigarh,Chandigarh,North
C02173,Sneha Verma,sneha.verma2173@example.com,Hyderabad,Telangana,South
C02174,Ankit Verma,ankit.verma2174@example.com,Chennai,Tamil Nadu,South
C02175,Rohan Sharma,rohan.sharma2175@example.com,Jaipur,Rajasthan,North
C02176,Ankit Kumar,ankit.kumar2176@example.com,Kanpur,Uttar Pradesh,North
C02177,Sneha Yadav,sneha.yadav2177@example.com,Kolkata,West Bengal,East
C02178,Vikash Patel,vikash.patel2178@example.com,Ahmedabad,Gujarat,West
C02179,Sahil Agarwal,sahil.agarwal2179@example.com,Mumbai,Maharashtra,West
C02180,Aditi Kumar,aditi.kumar2180@example.com,Ahmedabad,Gujarat,West
C02181,Arjun Rajput,arjun.rajput2181@example.com,Patna,Bihar,East
C02182,Karan Agarwal,karan.agarwal2182@example.com,Patna,Bihar,East
C02183,Sneha Gupta,sneha.gupta2183@example.com,Delhi,Delhi,North
C02184,Pooja Verma,pooja.verma2184@example.com,Ahmedabad,Gujarat,West
C02185,Priya Rajput,priya.rajput2185@example.com,Ahmedabad,Gujarat,West
C02186,Simran Kumar,simran.kumar2186@example.com,Delhi,Delhi,North
C02187,Pooja Sharma,pooja.sharma2187@example.com,Jaipur,Rajasthan,North
C02188,Kavya Mishra,kavya.mishra2188@example.com,Jaipur,Rajasthan,North
C02189,Pooja Mishra,pooja.mishra2189@example.com,Kochi,Kerala,South
C02190,Kavya Singh,kavya.singh2190@example.com,Bhubaneswar,Odisha,East
C02191,Kavya Verma,kavya.verma2191@example.com,Lucknow,Uttar Pradesh,North
C02192,Riya Sharma,riya.sharma2192@example.com,Kolkata,West Bengal,East
C02193,Karan Kumar,karan.kumar2193@example.com,Hyderabad,Telangana,South
C02194,Sahil Verma,sahil.verma2194@example.com,Lucknow,Uttar Pradesh,North
C02195,Aarav Yadav,aarav.yadav2195@example.com,Bengaluru,Karnataka,South
C02196,Vikash Yadav,vikash.yadav2196@example.com,Delhi,Delhi,North
C02197,Sneha Yadav,sneha.yadav2197@example.com,Chandigarh,Chandigarh,North
C02198,Neha Kumar,neha.kumar2198@example.com,Hyderabad,Telangana,South
C02199,Sneha Sharma,sneha.sharma2199@example.com,Lucknow,Uttar Pradesh,North
C02200,Neha Patel,neha.patel2200@example.com,Jaipur,Rajasthan,North
C02201,Sahil Rajput,sahil.rajput2201@example.com,Surat,Gujarat,West
C02202,Aditi Mishra,aditi.mishra2202@example.com,Pune,Maharashtra,West
C02203,Arjun Agarwal,arjun.agarwal2203@example.com,Chennai,Tamil Nadu,South
C02204,Aditya Mishra,aditya.mishra2204@example.com,Hyderabad,Telangana,South
C02205,Aditya Singh,aditya.singh2205@example.com,Kochi,Kerala,South
C02206,Ananya Yadav,ananya.yadav2206@example.com,Jaipur,Rajasthan,North
C02207,Ananya Patel,ananya.patel2207@example.com,Mumbai,Maharashtra,West
C02208,Riya Singh,riya.singh2208@example.com,Pune,Maharashtra,West
C02209,Rohan Patel,rohan.patel2209@example.com,Ahmedabad,Gujarat,West
C02210,Riya Singh,riya.singh2210@example.com,Patna,Bihar,East
C02211,Simran Verma,simran.verma2211@example.com,Ahmedabad,Gujarat,West
C02212,Priya Patel,priya.patel2212@example.com,Surat,Gujarat,West
C02213,Isha Rajput,isha.rajput2213@example.com,Surat,Gujarat,West
C02214,Aditya Singh,aditya.singh2214@example.com,Hyderabad,Telangana,South
C02215,Ananya Yadav,ananya.yadav2215@example.com,Patna,Bihar,East
C02216,Isha Mishra,isha.mishra2216@example.com,Kanpur,Uttar Pradesh,North
C02217,Kavya Mishra,kavya.mishra2217@example.com,Bengaluru,Karnataka,South
C02218,Sneha Agarwal,sneha.agarwal2218@example.com,Hyderabad,Telangana,South
C02219,Arjun Verma,arjun.verma2219@example.com,Bhubaneswar,Odisha,East
C02220,Arjun Singh,arjun.singh2220@example.com,Kochi,Kerala,South
C02221,Vikash Gupta,vikash.gupta2221@example.com,Lucknow,Uttar Pradesh,North
C02222,Rahul Kumar,rahul.kumar2222@example.com,Surat,Gujarat,West
C02223,Rahul Kumar,rahul.kumar2223@example.com,Patna,Bihar,East
C02224,Rohan Verma,rohan.verma2224@example.com,Delhi,Delhi,North
C02225,Sahil Rajput,sahil.rajput2225@example.com,Chandigarh,Chandigarh,North
C02226,Kavya Patel,kavya.patel2226@example.com,Kolkata,West Bengal,East
C02227,Sneha Sharma,sneha.sharma2227@example.com,Bengaluru,Karnataka,South
C02228,Karan Singh,karan.singh2228@example.com,Delhi,Delhi,North
C02229,Aman Mishra,aman.mishra2229@example.com,Chennai,Tamil Nadu,South
C02230,Pooja Agarwal,pooja.agarwal2230@example.com,Chennai,Tamil Nadu,South
C02231,Priya Yadav,priya.yadav2231@example.com,Bhubaneswar,Odisha,East
C02232,Sneha Gupta,sneha.gupta2232@example.com,Chandigarh,Chandigarh,North
C02233,Sahil Kumar,sahil.kumar2233@example.com,Surat,Gujarat,West
C02234,Aman Yadav,aman.yadav2234@example.com,Hyderabad,Telangana,South
C02235,Sahil Sharma,sahil.sharma2235@example.com,Chandigarh,Chandigarh,North
C02236,Ananya Gupta,ananya.gupta2236@example.com,Bhubaneswar,Odisha,East
C02237,Vikash Agarwal,vikash.agarwal2237@example.com,Mumbai,Maharashtra,West
C02238,Riya Gupta,riya.gupta2238@example.com,Mumbai,Maharashtra,West
C02239,Vikash Kumar,vikash.kumar2239@example.com,Mumbai,Maharashtra,West
C02240,Aman Singh,aman.singh2240@example.com,Jaipur,Rajasthan,North
C02241,Priya Agarwal,priya.agarwal2241@example.com,Chandigarh,Chandigarh,North
C02242,Sneha Gupta,sneha.gupta2242@example.com,Hyderabad,Telangana,South
C02243,Vikash Verma,vikash.verma2243@example.com,Jaipur,Rajasthan,North
C02244,Priya Patel,priya.patel2244@example.com,Chandigarh,Chandigarh,North
C02245,Ananya Yadav,ananya.yadav2245@example.com,Mumbai,Maharashtra,West
C02246,Riya Gupta,riya.gupta2246@example.com,Kanpur,Uttar Pradesh,North
C02247,Aarav Rajput,aarav.rajput2247@example.com,Patna,Bihar,East
C02248,Rohan Yadav,rohan.yadav2248@example.com,Chennai,Tamil Nadu,South
C02249,Rohan Sharma,rohan.sharma2249@example.com,Chennai,Tamil Nadu,South
C02250,Sahil Yadav,sahil.yadav2250@example.com,Bengaluru,Karnataka,South
C02251,Simran Kumar,simran.kumar2251@example.com,Bhubaneswar,Odisha,East
C02252,Priya Singh,priya.singh2252@example.com,Patna,Bihar,East
C02253,Aditya Kumar,aditya.kumar2253@example.com,Kanpur,Uttar Pradesh,North
C02254,Sahil Sharma,sahil.sharma2254@example.com,Kochi,Kerala,South
C02255,Aditi Verma,aditi.verma2255@example.com,Bhubaneswar,Odisha,East
C02256,Ananya Singh,ananya.singh2256@example.com,Chennai,Tamil Nadu,South
C02257,Aditya Agarwal,aditya.agarwal2257@example.com,Pune,Maharashtra,West
C02258,Simran Mishra,simran.mishra2258@example.com,Ahmedabad,Gujarat,West
C02259,Ankit Verma,ankit.verma2259@example.com,Delhi,Delhi,North
C02260,Arjun Mishra,arjun.mishra2260@example.com,Bhubaneswar,Odisha,East
C02261,Arjun Mishra,arjun.mishra2261@example.com,Kochi,Kerala,South
C02262,Karan Yadav,karan.yadav2262@example.com,Chennai,Tamil Nadu,South
C02263,Aditi Agarwal,aditi.agarwal2263@example.com,Jaipur,Rajasthan,North
C02264,Ananya Rajput,ananya.rajput2264@example.com,Chandigarh,Chandigarh,North
C02265,Pooja Patel,pooja.patel2265@example.com,Kochi,Kerala,South
C02266,Ananya Sharma,ananya.sharma2266@example.com,Bengaluru,Karnataka,South
C02267,Ananya Patel,ananya.patel2267@example.com,Bengaluru,Karnataka,South
C02268,Sneha Mishra,sneha.mishra2268@example.com,Lucknow,Uttar Pradesh,North
C02269,Karan Yadav,karan.yadav2269@example.com,Kolkata,West Bengal,East
C02270,Sneha Gupta,sneha.gupta2270@example.com,Mumbai,Maharashtra,West
C02271,Pooja Rajput,pooja.rajput2271@example.com,Chandigarh,Chandigarh,North
C02272,Simran Agarwal,simran.agarwal2272@example.com,Lucknow,Uttar Pradesh,North
C02273,Rohan Verma,rohan.verma2273@example.com,Bengaluru,Karnataka,South
C02274,Kavya Mishra,kavya.mishra2274@example.com,Chennai,Tamil Nadu,South
C02275,Arjun Agarwal,arjun.agarwal2275@example.com,Kochi,Kerala,South
C02276,Arjun Sharma,arjun.sharma2276@example.com,Kolkata,West Bengal,East
C02277,Ankit Rajput,ankit.rajput2277@example.com,Mumbai,Maharashtra,West
C02278,Riya Yadav,riya.yadav2278@example.com,Chandigarh,Chandigarh,North
C02279,Karan Kumar,karan.kumar2279@example.com,Kochi,Kerala,South
C02280,Sahil Mishra,sahil.mishra2280@example.com,Patna,Bihar,East
C02281,Aditya Gupta,aditya.gupta2281@example.com,Bengaluru,Karnataka,South
C02282,Kavya Mishra,kavya.mishra2282@example.com,Bhubaneswar,Odisha,East
C02283,Aman Sharma,aman.sharma2283@example.com,Delhi,Delhi,North
C02284,Rohan Gupta,rohan.gupta2284@example.com,Bengaluru,Karnataka,South
C02285,Kavya Singh,kavya.singh2285@example.com,Bengaluru,Karnataka,South
C02286,Pooja Kumar,pooja.kumar2286@example.com,Patna,Bihar,East
C02287,Aman Sharma,aman.sharma2287@example.com,Kanpur,Uttar Pradesh,North
C02288,Ankit Yadav,ankit.yadav2288@example.com,Lucknow,Uttar Pradesh,North
C02289,Aditi Patel,aditi.patel2289@example.com,Patna,Bihar,East
C02290,Simran Rajput,simran.rajput2290@example.com,Surat,Gujarat,West
C02291,Kavya Singh,kavya.singh2291@example.com,Hyderabad,Telangana,South
C02292,Isha Agarwal,isha.agarwal2292@example.com,Delhi,Delhi,North
C02293,Ankit Kumar,ankit.kumar2293@example.com,Jaipur,Rajasthan,North
C02294,Rohan Patel,rohan.patel2294@example.com,Bhubaneswar,Odisha,East
C02295,Rohan Patel,rohan.patel2295@example.com,Mumbai,Maharashtra,West
C02296,Aditya Gupta,aditya.gupta2296@example.com,Hyderabad,Telangana,South
C02297,Pooja Patel,pooja.patel2297@example.com,Jaipur,Rajasthan,North
C02298,Sahil Gupta,sahil.gupta2298@example.com,Lucknow,Uttar Pradesh,North
C02299,Isha Verma,isha.verma2299@example.com,Mumbai,Maharashtra,West
C02300,Rahul Agarwal,rahul.agarwal2300@example.com,Mumbai,Maharashtra,West
C02301,Riya Patel,riya.patel2301@example.com,Chennai,Tamil Nadu,South
C02302,Sahil Gupta,sahil.gupta2302@example.com,Hyderabad,Telangana,South
C02303,Rahul Mishra,rahul.mishra2303@example.com,Hyderabad,Telangana,South
C02304,Rohan Sharma,rohan.sharma2304@example.com,Chandigarh,Chandigarh,North
C02305,Isha Gupta,isha.gupta2305@example.com,Hyderabad,Telangana,South
C02306,Kavya Rajput,kavya.rajput2306@example.com,Chennai,Tamil Nadu,South
C02307,Vikash Singh,vikash.singh2307@example.com,Pune,Maharashtra,West
C02308,Rohan Mishra,rohan.mishra2308@example.com,Ahmedabad,Gujarat,West
C02309,Karan Mishra,karan.mishra2309@example.com,Kanpur,Uttar Pradesh,North
C02310,Pooja Yadav,pooja.yadav2310@example.com,Lucknow,Uttar Pradesh,North
C02311,Rahul Kumar,rahul.kumar2311@example.com,Delhi,Delhi,North
C02312,Kavya Patel,kavya.patel2312@example.com,Bengaluru,Karnataka,South
C02313,Ananya Kumar,ananya.kumar2313@example.com,Bhubaneswar,Odisha,East
C02314,Aditi Mishra,aditi.mishra2314@example.com,Chennai,Tamil Nadu,South
C02315,Vikash Gupta,vikash.gupta2315@example.com,Delhi,Delhi,North
C02316,Rahul Verma,rahul.verma2316@example.com,Chandigarh,Chandigarh,North
C02317,Rohan Verma,rohan.verma2317@example.com,Bengaluru,Karnataka,South
C02318,Rohan Verma,rohan.verma2318@example.com,Chandigarh,Chandigarh,North
C02319,Arjun Rajput,arjun.rajput2319@example.com,Kanpur,Uttar Pradesh,North
C02320,Arjun Sharma,arjun.sharma2320@example.com,Patna,Bihar,East
C02321,Pooja Sharma,pooja.sharma2321@example.com,Pune,Maharashtra,West
C02322,Rahul Sharma,rahul.sharma2322@example.com,Jaipur,Rajasthan,North
C02323,Kavya Singh,kavya.singh2323@example.com,Surat,Gujarat,West
C02324,Aditya Singh,aditya.singh2324@example.com,Bengaluru,Karnataka,South
C02325,Aarav Singh,aarav.singh2325@example.com,Kanpur,Uttar Pradesh,North
C02326,Aditi Verma,aditi.verma2326@example.com,Pune,Maharashtra,West
C02327,Vikash Patel,vikash.patel2327@example.com,Delhi,Delhi,North
C02328,Arjun Kumar,arjun.kumar2328@example.com,Surat,Gujarat,West
C02329,Simran Patel,simran.patel2329@example.com,Hyderabad,Telangana,South
C02330,Vikash Mishra,vikash.mishra2330@example.com,Ahmedabad,Gujarat,West
C02331,Isha Agarwal,isha.agarwal2331@example.com,Lucknow,Uttar Pradesh,North
C02332,Rahul Agarwal,rahul.agarwal2332@example.com,Delhi,Delhi,North
C02333,Isha Verma,isha.verma2333@example.com,Pune,Maharashtra,West
C02334,Sahil Kumar,sahil.kumar2334@example.com,Delhi,Delhi,North
C02335,Rahul Verma,rahul.verma2335@example.com,Patna,Bihar,East
C02336,Ananya Agarwal,ananya.agarwal2336@example.com,Mumbai,Maharashtra,West
C02337,Sneha Singh,sneha.singh2337@example.com,Mumbai,Maharashtra,West
C02338,Ananya Rajput,ananya.rajput2338@example.com,Kolkata,West Bengal,East
C02339,Karan Mishra,karan.mishra2339@example.com,Ahmedabad,Gujarat,West
C02340,Pooja Singh,pooja.singh2340@example.com,Chennai,Tamil Nadu,South
C02341,Rahul Yadav,rahul.yadav2341@example.com,Kanpur,Uttar Pradesh,North
C02342,Isha Kumar,isha.kumar2342@example.com,Patna,Bihar,East
C02343,Ananya Gupta,ananya.gupta2343@example.com,Jaipur,Rajasthan,North
C02344,Arjun Patel,arjun.patel2344@example.com,Patna,Bihar,East
C02345,Rahul Rajput,rahul.rajput2345@example.com,Bengaluru,Karnataka,South
C02346,Sneha Agarwal,sneha.agarwal2346@example.com,Bengaluru,Karnataka,South
C02347,Sneha Verma,sneha.verma2347@example.com,Kolkata,West Bengal,East
C02348,Sahil Rajput,sahil.rajput2348@example.com,Pune,Maharashtra,West
C02349,Arjun Yadav,arjun.yadav2349@example.com,Hyderabad,Telangana,South
C02350,Vikash Sharma,vikash.sharma2350@example.com,Patna,Bihar,East
C02351,Rahul Rajput,rahul.rajput2351@example.com,Bhubaneswar,Odisha,East
C02352,Isha Singh,isha.singh2352@example.com,Kanpur,Uttar Pradesh,North
C02353,Rohan Rajput,rohan.rajput2353@example.com,Kochi,Kerala,South
C02354,Simran Singh,simran.singh2354@example.com,Mumbai,Maharashtra,West
C02355,Arjun Patel,arjun.patel2355@example.com,Pune,Maharashtra,West
C02356,Priya Verma,priya.verma2356@example.com,Kochi,Kerala,South
C02357,Rahul Verma,rahul.verma2357@example.com,Kolkata,West Bengal,East
C02358,Kavya Gupta,kavya.gupta2358@example.com,Surat,Gujarat,West
C02359,Neha Patel,neha.patel2359@example.com,Patna,Bihar,East
C02360,Aditi Rajput,aditi.rajput2360@example.com,Patna,Bihar,East
C02361,Isha Gupta,isha.gupta2361@example.com,Chandigarh,Chandigarh,North
C02362,Sneha Singh,sneha.singh2362@example.com,Kanpur,Uttar Pradesh,North
C02363,Ankit Yadav,ankit.yadav2363@example.com,Patna,Bihar,East
C02364,Aman Kumar,aman.kumar2364@example.com,Delhi,Delhi,North
C02365,Rahul Sharma,rahul.sharma2365@example.com,Lucknow,Uttar Pradesh,North
C02366,Kavya Sharma,kavya.sharma2366@example.com,Mumbai,Maharashtra,West
C02367,Neha Agarwal,neha.agarwal2367@example.com,Chennai,Tamil Nadu,South
C02368,Rohan Gupta,rohan.gupta2368@example.com,Kanpur,Uttar Pradesh,North
C02369,Arjun Mishra,arjun.mishra2369@example.com,Patna,Bihar,East
C02370,Sneha Verma,sneha.verma2370@example.com,Bengaluru,Karnataka,South
C02371,Kavya Yadav,kavya.yadav2371@example.com,Surat,Gujarat,West
C02372,Riya Patel,riya.patel2372@example.com,Delhi,Delhi,North
C02373,Aditya Rajput,aditya.rajput2373@example.com,Kanpur,Uttar Pradesh,North
C02374,Neha Yadav,neha.yadav2374@example.com,Chennai,Tamil Nadu,South
C02375,Neha Yadav,neha.yadav2375@example.com,Bhubaneswar,Odisha,East
C02376,Aditya Sharma,aditya.sharma2376@example.com,Mumbai,Maharashtra,West
C02377,Riya Gupta,riya.gupta2377@example.com,Mumbai,Maharashtra,West
C02378,Kavya Rajput,kavya.rajput2378@example.com,Chandigarh,Chandigarh,North
C02379,Sahil Rajput,sahil.rajput2379@example.com,Patna,Bihar,East
C02380,Rahul Agarwal,rahul.agarwal2380@example.com,Patna,Bihar,East
C02381,Riya Mishra,riya.mishra2381@example.com,Patna,Bihar,East
C02382,Kavya Mishra,kavya.mishra2382@example.com,Mumbai,Maharashtra,West
C02383,Isha Sharma,isha.sharma2383@example.com,Kochi,Kerala,South
C02384,Ankit Yadav,ankit.yadav2384@example.com,Kochi,Kerala,South
C02385,Aditi Patel,aditi.patel2385@example.com,Bengaluru,Karnataka,South
C02386,Priya Sharma,priya.sharma2386@example.com,Delhi,Delhi,North
C02387,Simran Sharma,simran.sharma2387@example.com,Chandigarh,Chandigarh,North
C02388,Ananya Patel,ananya.patel2388@example.com,Delhi,Delhi,North
C02389,Priya Rajput,priya.rajput2389@example.com,Kanpur,Uttar Pradesh,North
C02390,Pooja Patel,pooja.patel2390@example.com,Hyderabad,Telangana,South
C02391,Pooja Patel,pooja.patel2391@example.com,Jaipur,Rajasthan,North
C02392,Aman Verma,aman.verma2392@example.com,Ahmedabad,Gujarat,West
C02393,Sahil Agarwal,sahil.agarwal2393@example.com,Lucknow,Uttar Pradesh,North
C02394,Arjun Gupta,arjun.gupta2394@example.com,Kanpur,Uttar Pradesh,North
C02395,Priya Kumar,priya.kumar2395@example.com,Delhi,Delhi,North
C02396,Riya Patel,riya.patel2396@example.com,Jaipur,Rajasthan,North
C02397,Sneha Rajput,sneha.rajput2397@example.com,Kolkata,West Bengal,East
C02398,Ankit Sharma,ankit.sharma2398@example.com,Patna,Bihar,East
C02399,Simran Sharma,simran.sharma2399@example.com,Chennai,Tamil Nadu,South
C02400,Neha Agarwal,neha.agarwal2400@example.com,Kochi,Kerala,South
C02401,Priya Agarwal,priya.agarwal2401@example.com,Kanpur,Uttar Pradesh,North
C02402,Kavya Singh,kavya.singh2402@example.com,Pune,Maharashtra,West
C02403,Priya Yadav,priya.yadav2403@example.com,Chennai,Tamil Nadu,South
C02404,Vikash Agarwal,vikash.agarwal2404@example.com,Bengaluru,Karnataka,South
C02405,Ananya Rajput,ananya.rajput2405@example.com,Pune,Maharashtra,West
C02406,Kavya Singh,kavya.singh2406@example.com,Pune,Maharashtra,West
C02407,Sahil Gupta,sahil.gupta2407@example.com,Jaipur,Rajasthan,North
C02408,Sahil Agarwal,sahil.agarwal2408@example.com,Kochi,Kerala,South
C02409,Aman Agarwal,aman.agarwal2409@example.com,Lucknow,Uttar Pradesh,North
C02410,Simran Singh,simran.singh2410@example.com,Chennai,Tamil Nadu,South
C02411,Ankit Singh,ankit.singh2411@example.com,Patna,Bihar,East
C02412,Pooja Verma,pooja.verma2412@example.com,Hyderabad,Telangana,South
C02413,Arjun Gupta,arjun.gupta2413@example.com,Bengaluru,Karnataka,South
C02414,Pooja Mishra,pooja.mishra2414@example.com,Chennai,Tamil Nadu,South
C02415,Karan Rajput,karan.rajput2415@example.com,Kochi,Kerala,South
C02416,Ankit Agarwal,ankit.agarwal2416@example.com,Bhubaneswar,Odisha,East
C02417,Riya Kumar,riya.kumar2417@example.com,Delhi,Delhi,North
C02418,Isha Kumar,isha.kumar2418@example.com,Patna,Bihar,East
C02419,Karan Yadav,karan.yadav2419@example.com,Surat,Gujarat,West
C02420,Riya Agarwal,riya.agarwal2420@example.com,Kolkata,West Bengal,East
C02421,Simran Sharma,simran.sharma2421@example.com,Pune,Maharashtra,West
C02422,Ananya Yadav,ananya.yadav2422@example.com,Chandigarh,Chandigarh,North
C02423,Aman Kumar,aman.kumar2423@example.com,Bengaluru,Karnataka,South
C02424,Pooja Rajput,pooja.rajput2424@example.com,Chennai,Tamil Nadu,South
C02425,Arjun Verma,arjun.verma2425@example.com,Kolkata,West Bengal,East
C02426,Ankit Gupta,ankit.gupta2426@example.com,Mumbai,Maharashtra,West
C02427,Ankit Agarwal,ankit.agarwal2427@example.com,Ahmedabad,Gujarat,West
C02428,Neha Verma,neha.verma2428@example.com,Kanpur,Uttar Pradesh,North
C02429,Rohan Verma,rohan.verma2429@example.com,Delhi,Delhi,North
C02430,Aman Gupta,aman.gupta2430@example.com,Bhubaneswar,Odisha,East
C02431,Kavya Mishra,kavya.mishra2431@example.com,Kolkata,West Bengal,East
C02432,Pooja Sharma,pooja.sharma2432@example.com,Pune,Maharashtra,West
C02433,Vikash Gupta,vikash.gupta2433@example.com,Chandigarh,Chandigarh,North
C02434,Aarav Gupta,aarav.gupta2434@example.com,Surat,Gujarat,West
C02435,Riya Kumar,riya.kumar2435@example.com,Jaipur,Rajasthan,North
C02436,Kavya Sharma,kavya.sharma2436@example.com,Jaipur,Rajasthan,North
C02437,Arjun Patel,arjun.patel2437@example.com,Bengaluru,Karnataka,South
C02438,Arjun Rajput,arjun.rajput2438@example.com,Hyderabad,Telangana,South
C02439,Arjun Rajput,arjun.rajput2439@example.com,Chandigarh,Chandigarh,North
C02440,Aman Singh,aman.singh2440@example.com,Kanpur,Uttar Pradesh,North
C02441,Isha Agarwal,isha.agarwal2441@example.com,Surat,Gujarat,West
C02442,Kavya Singh,kavya.singh2442@example.com,Ahmedabad,Gujarat,West
C02443,Aditi Singh,aditi.singh2443@example.com,Chennai,Tamil Nadu,South
C02444,Priya Agarwal,priya.agarwal2444@example.com,Kochi,Kerala,South
C02445,Aman Rajput,aman.rajput2445@example.com,Pune,Maharashtra,West
C02446,Rohan Singh,rohan.singh2446@example.com,Mumbai,Maharashtra,West
C02447,Karan Gupta,karan.gupta2447@example.com,Bhubaneswar,Odisha,East
C02448,Pooja Gupta,pooja.gupta2448@example.com,Jaipur,Rajasthan,North
C02449,Kavya Mishra,kavya.mishra2449@example.com,Hyderabad,Telangana,South
C02450,Rahul Patel,rahul.patel2450@example.com,Kolkata,West Bengal,East
C02451,Kavya Verma,kavya.verma2451@example.com,Surat,Gujarat,West
C02452,Rohan Patel,rohan.patel2452@example.com,Patna,Bihar,East
C02453,Ananya Gupta,ananya.gupta2453@example.com,Delhi,Delhi,North
C02454,Aditi Sharma,aditi.sharma2454@example.com,Jaipur,Rajasthan,North
C02455,Aman Gupta,aman.gupta2455@example.com,Kochi,Kerala,South
C02456,Sahil Patel,sahil.patel2456@example.com,Kanpur,Uttar Pradesh,North
C02457,Riya Verma,riya.verma2457@example.com,Bhubaneswar,Odisha,East
C02458,Neha Sharma,neha.sharma2458@example.com,Kochi,Kerala,South
C02459,Ankit Gupta,ankit.gupta2459@example.com,Lucknow,Uttar Pradesh,North
C02460,Aman Gupta,aman.gupta2460@example.com,Pune,Maharashtra,West
C02461,Vikash Yadav,vikash.yadav2461@example.com,Chennai,Tamil Nadu,South
C02462,Pooja Sharma,pooja.sharma2462@example.com,Surat,Gujarat,West
C02463,Arjun Yadav,arjun.yadav2463@example.com,Patna,Bihar,East
C02464,Pooja Patel,pooja.patel2464@example.com,Kolkata,West Bengal,East
C02465,Rahul Kumar,rahul.kumar2465@example.com,Surat,Gujarat,West
C02466,Isha Singh,isha.singh2466@example.com,Hyderabad,Telangana,South
C02467,Pooja Agarwal,pooja.agarwal2467@example.com,Chennai,Tamil Nadu,South
C02468,Sneha Sharma,sneha.sharma2468@example.com,Jaipur,Rajasthan,North
C02469,Vikash Yadav,vikash.yadav2469@example.com,Chandigarh,Chandigarh,North
C02470,Aarav Rajput,aarav.rajput2470@example.com,Pune,Maharashtra,West
C02471,Sahil Patel,sahil.patel2471@example.com,Lucknow,Uttar Pradesh,North
C02472,Rahul Kumar,rahul.kumar2472@example.com,Ahmedabad,Gujarat,West
C02473,Isha Kumar,isha.kumar2473@example.com,Kolkata,West Bengal,East
C02474,Priya Yadav,priya.yadav2474@example.com,Patna,Bihar,East
C02475,Rohan Gupta,rohan.gupta2475@example.com,Mumbai,Maharashtra,West
C02476,Simran Patel,simran.patel2476@example.com,Bengaluru,Karnataka,South
C02477,Karan Singh,karan.singh2477@example.com,Kolkata,West Bengal,East
C02478,Ananya Kumar,ananya.kumar2478@example.com,Kochi,Kerala,South
C02479,Neha Agarwal,neha.agarwal2479@example.com,Ahmedabad,Gujarat,West
C02480,Aarav Sharma,aarav.sharma2480@example.com,Ahmedabad,Gujarat,West
C02481,Arjun Yadav,arjun.yadav2481@example.com,Pune,Maharashtra,West
C02482,Ankit Kumar,ankit.kumar2482@example.com,Jaipur,Rajasthan,North
C02483,Neha Agarwal,neha.agarwal2483@example.com,Kolkata,West Bengal,East
C02484,Aditi Gupta,aditi.gupta2484@example.com,Chandigarh,Chandigarh,North
C02485,Arjun Patel,arjun.patel2485@example.com,Mumbai,Maharashtra,West
C02486,Simran Singh,simran.singh2486@example.com,Delhi,Delhi,North
C02487,Isha Rajput,isha.rajput2487@example.com,Bhubaneswar,Odisha,East
C02488,Kavya Singh,kavya.singh2488@example.com,Ahmedabad,Gujarat,West
C02489,Karan Verma,karan.verma2489@example.com,Surat,Gujarat,West
C02490,Sahil Yadav,sahil.yadav2490@example.com,Kochi,Kerala,South
C02491,Rohan Rajput,rohan.rajput2491@example.com,Pune,Maharashtra,West
C02492,Aditi Verma,aditi.verma2492@example.com,Bengaluru,Karnataka,South
C02493,Karan Rajput,karan.rajput2493@example.com,Mumbai,Maharashtra,West
C02494,Pooja Kumar,pooja.kumar2494@example.com,Delhi,Delhi,North
C02495,Sahil Gupta,sahil.gupta2495@example.com,Ahmedabad,Gujarat,West
C02496,Aditi Yadav,aditi.yadav2496@example.com,Ahmedabad,Gujarat,West
C02497,Ananya Agarwal,ananya.agarwal2497@example.com,Bhubaneswar,Odisha,East
C02498,Arjun Sharma,arjun.sharma2498@example.com,Patna,Bihar,East
C02499,Rohan Patel,rohan.patel2499@example.com,Kochi,Kerala,South
C02500,Karan Rajput,karan.rajput2500@example.com,Kolkata,West Bengal,East
C02501,Aditi Gupta,aditi.gupta2501@example.com,Lucknow,Uttar Pradesh,North
C02502,Rahul Mishra,rahul.mishra2502@example.com,Jaipur,Rajasthan,North
C02503,Aditya Patel,aditya.patel2503@example.com,Ahmedabad,Gujarat,West
C02504,Kavya Patel,kavya.patel2504@example.com,Jaipur,Rajasthan,North
C02505,Aarav Gupta,aarav.gupta2505@example.com,Kochi,Kerala,South
C02506,Sahil Rajput,sahil.rajput2506@example.com,Hyderabad,Telangana,South
C02507,Rohan Mishra,rohan.mishra2507@example.com,Jaipur,Rajasthan,North
C02508,Simran Kumar,simran.kumar2508@example.com,Surat,Gujarat,West
C02509,Vikash Mishra,vikash.mishra2509@example.com,Patna,Bihar,East
C02510,Priya Yadav,priya.yadav2510@example.com,Chandigarh,Chandigarh,North
C02511,Arjun Patel,arjun.patel2511@example.com,Kolkata,West Bengal,East
C02512,Rohan Gupta,rohan.gupta2512@example.com,Kanpur,Uttar Pradesh,North
C02513,Priya Sharma,priya.sharma2513@example.com,Chandigarh,Chandigarh,North
C02514,Kavya Gupta,kavya.gupta2514@example.com,Hyderabad,Telangana,South
C02515,Pooja Gupta,pooja.gupta2515@example.com,Surat,Gujarat,West
C02516,Aditi Gupta,aditi.gupta2516@example.com,Chennai,Tamil Nadu,South
C02517,Pooja Kumar,pooja.kumar2517@example.com,Chennai,Tamil Nadu,South
C02518,Kavya Kumar,kavya.kumar2518@example.com,Bhubaneswar,Odisha,East
C02519,Aditya Verma,aditya.verma2519@example.com,Chandigarh,Chandigarh,North
C02520,Aditya Verma,aditya.verma2520@example.com,Mumbai,Maharashtra,West
C02521,Aditya Yadav,aditya.yadav2521@example.com,Surat,Gujarat,West
C02522,Vikash Yadav,vikash.yadav2522@example.com,Kolkata,West Bengal,East
C02523,Rahul Yadav,rahul.yadav2523@example.com,Jaipur,Rajasthan,North
C02524,Sneha Patel,sneha.patel2524@example.com,Patna,Bihar,East
C02525,Sneha Yadav,sneha.yadav2525@example.com,Kanpur,Uttar Pradesh,North
C02526,Rohan Singh,rohan.singh2526@example.com,Hyderabad,Telangana,South
C02527,Arjun Verma,arjun.verma2527@example.com,Bengaluru,Karnataka,South
C02528,Vikash Kumar,vikash.kumar2528@example.com,Surat,Gujarat,West
C02529,Simran Agarwal,simran.agarwal2529@example.com,Pune,Maharashtra,West
C02530,Simran Sharma,simran.sharma2530@example.com,Mumbai,Maharashtra,West
C02531,Pooja Singh,pooja.singh2531@example.com,Ahmedabad,Gujarat,West
C02532,Kavya Singh,kavya.singh2532@example.com,Chennai,Tamil Nadu,South
C02533,Aarav Gupta,aarav.gupta2533@example.com,Kanpur,Uttar Pradesh,North
C02534,Neha Patel,neha.patel2534@example.com,Kanpur,Uttar Pradesh,North
C02535,Priya Kumar,priya.kumar2535@example.com,Delhi,Delhi,North
C02536,Arjun Yadav,arjun.yadav2536@example.com,Patna,Bihar,East
C02537,Sneha Gupta,sneha.gupta2537@example.com,Delhi,Delhi,North
C02538,Priya Sharma,priya.sharma2538@example.com,Bhubaneswar,Odisha,East
C02539,Priya Agarwal,priya.agarwal2539@example.com,Chandigarh,Chandigarh,North
C02540,Karan Sharma,karan.sharma2540@example.com,Bengaluru,Karnataka,South
C02541,Priya Sharma,priya.sharma2541@example.com,Lucknow,Uttar Pradesh,North
C02542,Riya Agarwal,riya.agarwal2542@example.com,Kochi,Kerala,South
C02543,Arjun Rajput,arjun.rajput2543@example.com,Surat,Gujarat,West
C02544,Vikash Verma,vikash.verma2544@example.com,Kochi,Kerala,South
C02545,Arjun Sharma,arjun.sharma2545@example.com,Pune,Maharashtra,West
C02546,Vikash Rajput,vikash.rajput2546@example.com,Kochi,Kerala,South
C02547,Sahil Kumar,sahil.kumar2547@example.com,Kanpur,Uttar Pradesh,North
C02548,Sahil Yadav,sahil.yadav2548@example.com,Kolkata,West Bengal,East
C02549,Sahil Agarwal,sahil.agarwal2549@example.com,Chandigarh,Chandigarh,North
C02550,Ananya Singh,ananya.singh2550@example.com,Hyderabad,Telangana,South
C02551,Isha Verma,isha.verma2551@example.com,Patna,Bihar,East
C02552,Sneha Rajput,sneha.rajput2552@example.com,Patna,Bihar,East
C02553,Ankit Agarwal,ankit.agarwal2553@example.com,Kolkata,West Bengal,East
C02554,Arjun Rajput,arjun.rajput2554@example.com,Hyderabad,Telangana,South
C02555,Aditi Kumar,aditi.kumar2555@example.com,Kolkata,West Bengal,East
C02556,Pooja Singh,pooja.singh2556@example.com,Jaipur,Rajasthan,North
C02557,Isha Patel,isha.patel2557@example.com,Bhubaneswar,Odisha,East
C02558,Aman Kumar,aman.kumar2558@example.com,Patna,Bihar,East
C02559,Isha Mishra,isha.mishra2559@example.com,Lucknow,Uttar Pradesh,North
C02560,Sahil Yadav,sahil.yadav2560@example.com,Kolkata,West Bengal,East
C02561,Arjun Yadav,arjun.yadav2561@example.com,Bengaluru,Karnataka,South
C02562,Rohan Kumar,rohan.kumar2562@example.com,Bengaluru,Karnataka,South
C02563,Aman Mishra,aman.mishra2563@example.com,Kolkata,West Bengal,East
C02564,Sahil Agarwal,sahil.agarwal2564@example.com,Jaipur,Rajasthan,North
C02565,Riya Singh,riya.singh2565@example.com,Jaipur,Rajasthan,North
C02566,Isha Singh,isha.singh2566@example.com,Kolkata,West Bengal,East
C02567,Pooja Singh,pooja.singh2567@example.com,Bhubaneswar,Odisha,East
C02568,Simran Gupta,simran.gupta2568@example.com,Hyderabad,Telangana,South
C02569,Ankit Agarwal,ankit.agarwal2569@example.com,Lucknow,Uttar Pradesh,North
C02570,Isha Sharma,isha.sharma2570@example.com,Kanpur,Uttar Pradesh,North
C02571,Sneha Kumar,sneha.kumar2571@example.com,Mumbai,Maharashtra,West
C02572,Neha Sharma,neha.sharma2572@example.com,Lucknow,Uttar Pradesh,North
C02573,Pooja Gupta,pooja.gupta2573@example.com,Chennai,Tamil Nadu,South
C02574,Simran Yadav,simran.yadav2574@example.com,Bhubaneswar,Odisha,East
C02575,Aditi Gupta,aditi.gupta2575@example.com,Chennai,Tamil Nadu,South
C02576,Vikash Verma,vikash.verma2576@example.com,Mumbai,Maharashtra,West
C02577,Arjun Agarwal,arjun.agarwal2577@example.com,Surat,Gujarat,West
C02578,Rahul Rajput,rahul.rajput2578@example.com,Delhi,Delhi,North
C02579,Aarav Rajput,aarav.rajput2579@example.com,Kanpur,Uttar Pradesh,North
C02580,Aarav Kumar,aarav.kumar2580@example.com,Patna,Bihar,East
C02581,Sneha Rajput,sneha.rajput2581@example.com,Patna,Bihar,East
C02582,Sahil Agarwal,sahil.agarwal2582@example.com,Hyderabad,Telangana,South
C02583,Neha Gupta,neha.gupta2583@example.com,Lucknow,Uttar Pradesh,North
C02584,Rohan Kumar,rohan.kumar2584@example.com,Delhi,Delhi,North
C02585,Karan Singh,karan.singh2585@example.com,Delhi,Delhi,North
C02586,Karan Sharma,karan.sharma2586@example.com,Pune,Maharashtra,West
C02587,Kavya Kumar,kavya.kumar2587@example.com,Ahmedabad,Gujarat,West
C02588,Pooja Mishra,pooja.mishra2588@example.com,Pune,Maharashtra,West
C02589,Arjun Gupta,arjun.gupta2589@example.com,Bhubaneswar,Odisha,East
C02590,Rohan Yadav,rohan.yadav2590@example.com,Kolkata,West Bengal,East
C02591,Aarav Singh,aarav.singh2591@example.com,Mumbai,Maharashtra,West
C02592,Rohan Yadav,rohan.yadav2592@example.com,Patna,Bihar,East
C02593,Kavya Sharma,kavya.sharma2593@example.com,Bhubaneswar,Odisha,East
C02594,Simran Verma,simran.verma2594@example.com,Pune,Maharashtra,West
C02595,Sahil Agarwal,sahil.agarwal2595@example.com,Kochi,Kerala,South
C02596,Aditya Patel,aditya.patel2596@example.com,Delhi,Delhi,North
C02597,Rahul Rajput,rahul.rajput2597@example.com,Kolkata,West Bengal,East
C02598,Kavya Agarwal,kavya.agarwal2598@example.com,Bengaluru,Karnataka,South
C02599,Aditya Yadav,aditya.yadav2599@example.com,Kochi,Kerala,South
C02600,Kavya Mishra,kavya.mishra2600@example.com,Patna,Bihar,East
C02601,Aman Sharma,aman.sharma2601@example.com,Delhi,Delhi,North
C02602,Pooja Agarwal,pooja.agarwal2602@example.com,Chennai,Tamil Nadu,South
C02603,Riya Singh,riya.singh2603@example.com,Surat,Gujarat,West
C02604,Pooja Yadav,pooja.yadav2604@example.com,Kanpur,Uttar Pradesh,North
C02605,Kavya Agarwal,kavya.agarwal2605@example.com,Hyderabad,Telangana,South
C02606,Sneha Rajput,sneha.rajput2606@example.com,Delhi,Delhi,North
C02607,Vikash Gupta,vikash.gupta2607@example.com,Pune,Maharashtra,West
C02608,Kavya Patel,kavya.patel2608@example.com,Bhubaneswar,Odisha,East
C02609,Aman Mishra,aman.mishra2609@example.com,Ahmedabad,Gujarat,West
C02610,Simran Patel,simran.patel2610@example.com,Bhubaneswar,Odisha,East
C02611,Rohan Gupta,rohan.gupta2611@example.com,Kochi,Kerala,South
C02612,Pooja Patel,pooja.patel2612@example.com,Patna,Bihar,East
C02613,Vikash Agarwal,vikash.agarwal2613@example.com,Pune,Maharashtra,West
C02614,Sahil Singh,sahil.singh2614@example.com,Patna,Bihar,East
C02615,Rohan Kumar,rohan.kumar2615@example.com,Pune,Maharashtra,West
C02616,Vikash Agarwal,vikash.agarwal2616@example.com,Patna,Bihar,East
C02617,Rahul Rajput,rahul.rajput2617@example.com,Patna,Bihar,East
C02618,Sahil Verma,sahil.verma2618@example.com,Pune,Maharashtra,West
C02619,Riya Sharma,riya.sharma2619@example.com,Delhi,Delhi,North
C02620,Ananya Gupta,ananya.gupta2620@example.com,Hyderabad,Telangana,South
C02621,Vikash Kumar,vikash.kumar2621@example.com,Jaipur,Rajasthan,North
C02622,Arjun Patel,arjun.patel2622@example.com,Kolkata,West Bengal,East
C02623,Rahul Agarwal,rahul.agarwal2623@example.com,Ahmedabad,Gujarat,West
C02624,Rahul Mishra,rahul.mishra2624@example.com,Ahmedabad,Gujarat,West
C02625,Kavya Gupta,kavya.gupta2625@example.com,Chennai,Tamil Nadu,South
C02626,Ananya Sharma,ananya.sharma2626@example.com,Surat,Gujarat,West
C02627,Rohan Mishra,rohan.mishra2627@example.com,Kanpur,Uttar Pradesh,North
C02628,Aditya Yadav,aditya.yadav2628@example.com,Bhubaneswar,Odisha,East
C02629,Rahul Singh,rahul.singh2629@example.com,Kanpur,Uttar Pradesh,North
C02630,Riya Sharma,riya.sharma2630@example.com,Kanpur,Uttar Pradesh,North
C02631,Vikash Singh,vikash.singh2631@example.com,Pune,Maharashtra,West
C02632,Ananya Kumar,ananya.kumar2632@example.com,Bengaluru,Karnataka,South
C02633,Sneha Mishra,sneha.mishra2633@example.com,Patna,Bihar,East
C02634,Rahul Kumar,rahul.kumar2634@example.com,Hyderabad,Telangana,South
C02635,Priya Kumar,priya.kumar2635@example.com,Kanpur,Uttar Pradesh,North
C02636,Karan Yadav,karan.yadav2636@example.com,Kolkata,West Bengal,East
C02637,Aarav Verma,aarav.verma2637@example.com,Patna,Bihar,East
C02638,Priya Gupta,priya.gupta2638@example.com,Mumbai,Maharashtra,West
C02639,Arjun Gupta,arjun.gupta2639@example.com,Hyderabad,Telangana,South
C02640,Pooja Patel,pooja.patel2640@example.com,Ahmedabad,Gujarat,West
C02641,Rohan Mishra,rohan.mishra2641@example.com,Kolkata,West Bengal,East
C02642,Aman Kumar,aman.kumar2642@example.com,Kolkata,West Bengal,East
C02643,Pooja Rajput,pooja.rajput2643@example.com,Bhubaneswar,Odisha,East
C02644,Isha Patel,isha.patel2644@example.com,Delhi,Delhi,North
C02645,Sneha Kumar,sneha.kumar2645@example.com,Delhi,Delhi,North
C02646,Isha Singh,isha.singh2646@example.com,Lucknow,Uttar Pradesh,North
C02647,Priya Patel,priya.patel2647@example.com,Kochi,Kerala,South
C02648,Vikash Rajput,vikash.rajput2648@example.com,Jaipur,Rajasthan,North
C02649,Neha Sharma,neha.sharma2649@example.com,Chandigarh,Chandigarh,North
C02650,Simran Sharma,simran.sharma2650@example.com,Bengaluru,Karnataka,South
C02651,Pooja Rajput,pooja.rajput2651@example.com,Bengaluru,Karnataka,South
C02652,Priya Patel,priya.patel2652@example.com,Delhi,Delhi,North
C02653,Ankit Mishra,ankit.mishra2653@example.com,Chandigarh,Chandigarh,North
C02654,Neha Yadav,neha.yadav2654@example.com,Pune,Maharashtra,West
C02655,Riya Agarwal,riya.agarwal2655@example.com,Bhubaneswar,Odisha,East
C02656,Ananya Rajput,ananya.rajput2656@example.com,Pune,Maharashtra,West
C02657,Sahil Singh,sahil.singh2657@example.com,Jaipur,Rajasthan,North
C02658,Riya Patel,riya.patel2658@example.com,Kochi,Kerala,South
C02659,Rohan Mishra,rohan.mishra2659@example.com,Bengaluru,Karnataka,South
C02660,Karan Singh,karan.singh2660@example.com,Bengaluru,Karnataka,South
C02661,Isha Patel,isha.patel2661@example.com,Mumbai,Maharashtra,West
C02662,Aarav Sharma,aarav.sharma2662@example.com,Surat,Gujarat,West
C02663,Aman Gupta,aman.gupta2663@example.com,Kolkata,West Bengal,East
C02664,Isha Singh,isha.singh2664@example.com,Jaipur,Rajasthan,North
C02665,Ananya Gupta,ananya.gupta2665@example.com,Hyderabad,Telangana,South
C02666,Rahul Sharma,rahul.sharma2666@example.com,Kanpur,Uttar Pradesh,North
C02667,Sneha Gupta,sneha.gupta2667@example.com,Delhi,Delhi,North
C02668,Sneha Patel,sneha.patel2668@example.com,Ahmedabad,Gujarat,West
C02669,Simran Agarwal,simran.agarwal2669@example.com,Ahmedabad,Gujarat,West
C02670,Ananya Gupta,ananya.gupta2670@example.com,Bengaluru,Karnataka,South
C02671,Simran Kumar,simran.kumar2671@example.com,Kochi,Kerala,South
C02672,Isha Verma,isha.verma2672@example.com,Kanpur,Uttar Pradesh,North
C02673,Priya Mishra,priya.mishra2673@example.com,Pune,Maharashtra,West
C02674,Ananya Yadav,ananya.yadav2674@example.com,Kanpur,Uttar Pradesh,North
C02675,Rohan Rajput,rohan.rajput2675@example.com,Kolkata,West Bengal,East
C02676,Arjun Singh,arjun.singh2676@example.com,Jaipur,Rajasthan,North
C02677,Pooja Kumar,pooja.kumar2677@example.com,Patna,Bihar,East
C02678,Karan Yadav,karan.yadav2678@example.com,Lucknow,Uttar Pradesh,North
C02679,Ananya Mishra,ananya.mishra2679@example.com,Kochi,Kerala,South
C02680,Simran Mishra,simran.mishra2680@example.com,Kochi,Kerala,South
C02681,Ankit Agarwal,ankit.agarwal2681@example.com,Patna,Bihar,East
C02682,Pooja Yadav,pooja.yadav2682@example.com,Patna,Bihar,East
C02683,Pooja Kumar,pooja.kumar2683@example.com,Chandigarh,Chandigarh,North
C02684,Isha Kumar,isha.kumar2684@example.com,Patna,Bihar,East
C02685,Sneha Kumar,sneha.kumar2685@example.com,Kanpur,Uttar Pradesh,North
C02686,Karan Yadav,karan.yadav2686@example.com,Patna,Bihar,East
C02687,Aditya Kumar,aditya.kumar2687@example.com,Hyderabad,Telangana,South
C02688,Rahul Agarwal,rahul.agarwal2688@example.com,Kolkata,West Bengal,East
C02689,Rahul Singh,rahul.singh2689@example.com,Hyderabad,Telangana,South
C02690,Simran Gupta,simran.gupta2690@example.com,Jaipur,Rajasthan,North
C02691,Isha Kumar,isha.kumar2691@example.com,Kanpur,Uttar Pradesh,North
C02692,Ananya Gupta,ananya.gupta2692@example.com,Hyderabad,Telangana,South
C02693,Sahil Gupta,sahil.gupta2693@example.com,Patna,Bihar,East
C02694,Aarav Kumar,aarav.kumar2694@example.com,Chandigarh,Chandigarh,North
C02695,Simran Rajput,simran.rajput2695@example.com,Jaipur,Rajasthan,North
C02696,Sahil Gupta,sahil.gupta2696@example.com,Pune,Maharashtra,West
C02697,Vikash Yadav,vikash.yadav2697@example.com,Delhi,Delhi,North
C02698,Rahul Mishra,rahul.mishra2698@example.com,Hyderabad,Telangana,South
C02699,Arjun Sharma,arjun.sharma2699@example.com,Kolkata,West Bengal,East
C02700,Kavya Agarwal,kavya.agarwal2700@example.com,Bengaluru,Karnataka,South
C02701,Simran Yadav,simran.yadav2701@example.com,Chennai,Tamil Nadu,South
C02702,Neha Yadav,neha.yadav2702@example.com,Chandigarh,Chandigarh,North
C02703,Rohan Mishra,rohan.mishra2703@example.com,Bhubaneswar,Odisha,East
C02704,Sneha Yadav,sneha.yadav2704@example.com,Chandigarh,Chandigarh,North
C02705,Priya Singh,priya.singh2705@example.com,Kolkata,West Bengal,East
C02706,Neha Verma,neha.verma2706@example.com,Kochi,Kerala,South
C02707,Priya Mishra,priya.mishra2707@example.com,Jaipur,Rajasthan,North
C02708,Sneha Gupta,sneha.gupta2708@example.com,Lucknow,Uttar Pradesh,North
C02709,Vikash Sharma,vikash.sharma2709@example.com,Bengaluru,Karnataka,South
C02710,Riya Singh,riya.singh2710@example.com,Lucknow,Uttar Pradesh,North
C02711,Karan Agarwal,karan.agarwal2711@example.com,Jaipur,Rajasthan,North
C02712,Simran Mishra,simran.mishra2712@example.com,Pune,Maharashtra,West
C02713,Kavya Mishra,kavya.mishra2713@example.com,Delhi,Delhi,North
C02714,Rahul Mishra,rahul.mishra2714@example.com,Mumbai,Maharashtra,West
C02715,Aarav Gupta,aarav.gupta2715@example.com,Pune,Maharashtra,West
C02716,Aman Agarwal,aman.agarwal2716@example.com,Bhubaneswar,Odisha,East
C02717,Arjun Mishra,arjun.mishra2717@example.com,Chennai,Tamil Nadu,South
C02718,Neha Agarwal,neha.agarwal2718@example.com,Jaipur,Rajasthan,North
C02719,Kavya Sharma,kavya.sharma2719@example.com,Chennai,Tamil Nadu,South
C02720,Pooja Kumar,pooja.kumar2720@example.com,Kolkata,West Bengal,East
C02721,Aarav Mishra,aarav.mishra2721@example.com,Chennai,Tamil Nadu,South
C02722,Neha Gupta,neha.gupta2722@example.com,Lucknow,Uttar Pradesh,North
C02723,Rahul Singh,rahul.singh2723@example.com,Mumbai,Maharashtra,West
C02724,Sahil Kumar,sahil.kumar2724@example.com,Mumbai,Maharashtra,West
C02725,Ankit Singh,ankit.singh2725@example.com,Chandigarh,Chandigarh,North
C02726,Sahil Rajput,sahil.rajput2726@example.com,Mumbai,Maharashtra,West
C02727,Aditya Agarwal,aditya.agarwal2727@example.com,Chennai,Tamil Nadu,South
C02728,Vikash Sharma,vikash.sharma2728@example.com,Jaipur,Rajasthan,North
C02729,Sahil Rajput,sahil.rajput2729@example.com,Kanpur,Uttar Pradesh,North
C02730,Priya Kumar,priya.kumar2730@example.com,Kolkata,West Bengal,East
C02731,Priya Gupta,priya.gupta2731@example.com,Kochi,Kerala,South
C02732,Rahul Sharma,rahul.sharma2732@example.com,Pune,Maharashtra,West
C02733,Aman Agarwal,aman.agarwal2733@example.com,Ahmedabad,Gujarat,West
C02734,Kavya Mishra,kavya.mishra2734@example.com,Kochi,Kerala,South
C02735,Rahul Gupta,rahul.gupta2735@example.com,Jaipur,Rajasthan,North
C02736,Priya Yadav,priya.yadav2736@example.com,Kolkata,West Bengal,East
C02737,Arjun Yadav,arjun.yadav2737@example.com,Delhi,Delhi,North
C02738,Pooja Verma,pooja.verma2738@example.com,Delhi,Delhi,North
C02739,Ankit Mishra,ankit.mishra2739@example.com,Kanpur,Uttar Pradesh,North
C02740,Aman Mishra,aman.mishra2740@example.com,Chandigarh,Chandigarh,North
C02741,Sahil Agarwal,sahil.agarwal2741@example.com,Kolkata,West Bengal,East
C02742,Sneha Singh,sneha.singh2742@example.com,Pune,Maharashtra,West
C02743,Rohan Patel,rohan.patel2743@example.com,Mumbai,Maharashtra,West
C02744,Aman Mishra,aman.mishra2744@example.com,Kolkata,West Bengal,East
C02745,Riya Yadav,riya.yadav2745@example.com,Jaipur,Rajasthan,North
C02746,Aarav Yadav,aarav.yadav2746@example.com,Bengaluru,Karnataka,South
C02747,Vikash Sharma,vikash.sharma2747@example.com,Jaipur,Rajasthan,North
C02748,Kavya Gupta,kavya.gupta2748@example.com,Surat,Gujarat,West
C02749,Neha Patel,neha.patel2749@example.com,Pune,Maharashtra,West
C02750,Simran Mishra,simran.mishra2750@example.com,Bengaluru,Karnataka,South
C02751,Aditya Kumar,aditya.kumar2751@example.com,Lucknow,Uttar Pradesh,North
C02752,Sahil Singh,sahil.singh2752@example.com,Kochi,Kerala,South
C02753,Rahul Kumar,rahul.kumar2753@example.com,Surat,Gujarat,West
C02754,Pooja Verma,pooja.verma2754@example.com,Chennai,Tamil Nadu,South
C02755,Priya Gupta,priya.gupta2755@example.com,Bhubaneswar,Odisha,East
C02756,Ankit Verma,ankit.verma2756@example.com,Chennai,Tamil Nadu,South
C02757,Priya Verma,priya.verma2757@example.com,Bhubaneswar,Odisha,East
C02758,Aditi Patel,aditi.patel2758@example.com,Delhi,Delhi,North
C02759,Rohan Sharma,rohan.sharma2759@example.com,Patna,Bihar,East
C02760,Aarav Sharma,aarav.sharma2760@example.com,Mumbai,Maharashtra,West
C02761,Pooja Mishra,pooja.mishra2761@example.com,Patna,Bihar,East
C02762,Neha Mishra,neha.mishra2762@example.com,Lucknow,Uttar Pradesh,North
C02763,Arjun Mishra,arjun.mishra2763@example.com,Delhi,Delhi,North
C02764,Sneha Singh,sneha.singh2764@example.com,Hyderabad,Telangana,South
C02765,Neha Agarwal,neha.agarwal2765@example.com,Hyderabad,Telangana,South
C02766,Neha Kumar,neha.kumar2766@example.com,Delhi,Delhi,North
C02767,Rahul Yadav,rahul.yadav2767@example.com,Hyderabad,Telangana,South
C02768,Karan Yadav,karan.yadav2768@example.com,Delhi,Delhi,North
C02769,Aman Sharma,aman.sharma2769@example.com,Surat,Gujarat,West
C02770,Ananya Verma,ananya.verma2770@example.com,Lucknow,Uttar Pradesh,North
C02771,Aditi Gupta,aditi.gupta2771@example.com,Ahmedabad,Gujarat,West
C02772,Aman Yadav,aman.yadav2772@example.com,Hyderabad,Telangana,South
C02773,Aditya Gupta,aditya.gupta2773@example.com,Patna,Bihar,East
C02774,Aditi Verma,aditi.verma2774@example.com,Delhi,Delhi,North
C02775,Karan Rajput,karan.rajput2775@example.com,Kanpur,Uttar Pradesh,North
C02776,Ankit Agarwal,ankit.agarwal2776@example.com,Patna,Bihar,East
C02777,Vikash Mishra,vikash.mishra2777@example.com,Pune,Maharashtra,West
C02778,Simran Agarwal,simran.agarwal2778@example.com,Mumbai,Maharashtra,West
C02779,Arjun Agarwal,arjun.agarwal2779@example.com,Chandigarh,Chandigarh,North
C02780,Arjun Kumar,arjun.kumar2780@example.com,Surat,Gujarat,West
C02781,Simran Verma,simran.verma2781@example.com,Surat,Gujarat,West
C02782,Karan Sharma,karan.sharma2782@example.com,Surat,Gujarat,West
C02783,Riya Yadav,riya.yadav2783@example.com,Delhi,Delhi,North
C02784,Pooja Sharma,pooja.sharma2784@example.com,Chennai,Tamil Nadu,South
C02785,Pooja Rajput,pooja.rajput2785@example.com,Surat,Gujarat,West
C02786,Rahul Mishra,rahul.mishra2786@example.com,Bhubaneswar,Odisha,East
C02787,Kavya Patel,kavya.patel2787@example.com,Jaipur,Rajasthan,North
C02788,Aman Sharma,aman.sharma2788@example.com,Surat,Gujarat,West
C02789,Pooja Mishra,pooja.mishra2789@example.com,Bhubaneswar,Odisha,East
C02790,Priya Sharma,priya.sharma2790@example.com,Kochi,Kerala,South
C02791,Karan Patel,karan.patel2791@example.com,Lucknow,Uttar Pradesh,North
C02792,Simran Sharma,simran.sharma2792@example.com,Ahmedabad,Gujarat,West
C02793,Pooja Singh,pooja.singh2793@example.com,Ahmedabad,Gujarat,West
C02794,Karan Kumar,karan.kumar2794@example.com,Chennai,Tamil Nadu,South
C02795,Sahil Singh,sahil.singh2795@example.com,Kanpur,Uttar Pradesh,North
C02796,Aarav Yadav,aarav.yadav2796@example.com,Kolkata,West Bengal,East
C02797,Aarav Agarwal,aarav.agarwal2797@example.com,Chennai,Tamil Nadu,South
C02798,Ankit Verma,ankit.verma2798@example.com,Kanpur,Uttar Pradesh,North
C02799,Kavya Verma,kavya.verma2799@example.com,Chennai,Tamil Nadu,South
C02800,Aditya Patel,aditya.patel2800@example.com,Ahmedabad,Gujarat,West
C02801,Arjun Agarwal,arjun.agarwal2801@example.com,Bhubaneswar,Odisha,East
C02802,Rahul Yadav,rahul.yadav2802@example.com,Kanpur,Uttar Pradesh,North
C02803,Arjun Sharma,arjun.sharma2803@example.com,Jaipur,Rajasthan,North
C02804,Neha Patel,neha.patel2804@example.com,Lucknow,Uttar Pradesh,North
C02805,Rohan Sharma,rohan.sharma2805@example.com,Bhubaneswar,Odisha,East
C02806,Aditya Gupta,aditya.gupta2806@example.com,Kolkata,West Bengal,East
C02807,Arjun Singh,arjun.singh2807@example.com,Jaipur,Rajasthan,North
C02808,Riya Sharma,riya.sharma2808@example.com,Bengaluru,Karnataka,South
C02809,Neha Rajput,neha.rajput2809@example.com,Kanpur,Uttar Pradesh,North
C02810,Aditi Rajput,aditi.rajput2810@example.com,Ahmedabad,Gujarat,West
C02811,Aditi Agarwal,aditi.agarwal2811@example.com,Delhi,Delhi,North
C02812,Sneha Rajput,sneha.rajput2812@example.com,Bhubaneswar,Odisha,East
C02813,Pooja Agarwal,pooja.agarwal2813@example.com,Kanpur,Uttar Pradesh,North
C02814,Priya Sharma,priya.sharma2814@example.com,Bhubaneswar,Odisha,East
C02815,Isha Patel,isha.patel2815@example.com,Pune,Maharashtra,West
C02816,Rahul Singh,rahul.singh2816@example.com,Delhi,Delhi,North
C02817,Aditi Singh,aditi.singh2817@example.com,Pune,Maharashtra,West
C02818,Simran Kumar,simran.kumar2818@example.com,Surat,Gujarat,West
C02819,Ananya Rajput,ananya.rajput2819@example.com,Patna,Bihar,East
C02820,Aditi Yadav,aditi.yadav2820@example.com,Mumbai,Maharashtra,West
C02821,Aman Kumar,aman.kumar2821@example.com,Jaipur,Rajasthan,North
C02822,Aditya Kumar,aditya.kumar2822@example.com,Bengaluru,Karnataka,South
C02823,Simran Rajput,simran.rajput2823@example.com,Hyderabad,Telangana,South
C02824,Sahil Agarwal,sahil.agarwal2824@example.com,Chandigarh,Chandigarh,North
C02825,Rohan Yadav,rohan.yadav2825@example.com,Bengaluru,Karnataka,South
C02826,Aditi Patel,aditi.patel2826@example.com,Bengaluru,Karnataka,South
C02827,Ananya Sharma,ananya.sharma2827@example.com,Chandigarh,Chandigarh,North
C02828,Aditya Verma,aditya.verma2828@example.com,Jaipur,Rajasthan,North
C02829,Pooja Patel,pooja.patel2829@example.com,Pune,Maharashtra,West
C02830,Karan Verma,karan.verma2830@example.com,Lucknow,Uttar Pradesh,North
C02831,Priya Verma,priya.verma2831@example.com,Patna,Bihar,East
C02832,Sneha Agarwal,sneha.agarwal2832@example.com,Chennai,Tamil Nadu,South
C02833,Simran Agarwal,simran.agarwal2833@example.com,Chennai,Tamil Nadu,South
C02834,Aditi Gupta,aditi.gupta2834@example.com,Kolkata,West Bengal,East
C02835,Priya Kumar,priya.kumar2835@example.com,Kanpur,Uttar Pradesh,North
C02836,Sneha Sharma,sneha.sharma2836@example.com,Patna,Bihar,East
C02837,Aman Sharma,aman.sharma2837@example.com,Ahmedabad,Gujarat,West
C02838,Aman Yadav,aman.yadav2838@example.com,Pune,Maharashtra,West
C02839,Aman Yadav,aman.yadav2839@example.com,Chennai,Tamil Nadu,South
C02840,Neha Verma,neha.verma2840@example.com,Kochi,Kerala,South
C02841,Vikash Sharma,vikash.sharma2841@example.com,Hyderabad,Telangana,South
C02842,Aarav Singh,aarav.singh2842@example.com,Hyderabad,Telangana,South
C02843,Aarav Mishra,aarav.mishra2843@example.com,Kanpur,Uttar Pradesh,North
C02844,Rohan Gupta,rohan.gupta2844@example.com,Bhubaneswar,Odisha,East
C02845,Karan Agarwal,karan.agarwal2845@example.com,Hyderabad,Telangana,South
C02846,Aditya Sharma,aditya.sharma2846@example.com,Pune,Maharashtra,West
C02847,Karan Gupta,karan.gupta2847@example.com,Mumbai,Maharashtra,West
C02848,Aman Gupta,aman.gupta2848@example.com,Mumbai,Maharashtra,West
C02849,Priya Mishra,priya.mishra2849@example.com,Ahmedabad,Gujarat,West
C02850,Vikash Verma,vikash.verma2850@example.com,Delhi,Delhi,North
C02851,Vikash Gupta,vikash.gupta2851@example.com,Kanpur,Uttar Pradesh,North
C02852,Aarav Kumar,aarav.kumar2852@example.com,Kochi,Kerala,South
C02853,Rahul Patel,rahul.patel2853@example.com,Pune,Maharashtra,West
C02854,Sahil Yadav,sahil.yadav2854@example.com,Ahmedabad,Gujarat,West
C02855,Ananya Patel,ananya.patel2855@example.com,Mumbai,Maharashtra,West
C02856,Isha Agarwal,isha.agarwal2856@example.com,Kolkata,West Bengal,East
C02857,Arjun Singh,arjun.singh2857@example.com,Chandigarh,Chandigarh,North
C02858,Rohan Verma,rohan.verma2858@example.com,Pune,Maharashtra,West
C02859,Riya Rajput,riya.rajput2859@example.com,Hyderabad,Telangana,South
C02860,Priya Agarwal,priya.agarwal2860@example.com,Kolkata,West Bengal,East
C02861,Aman Sharma,aman.sharma2861@example.com,Pune,Maharashtra,West
C02862,Riya Gupta,riya.gupta2862@example.com,Chandigarh,Chandigarh,North
C02863,Priya Verma,priya.verma2863@example.com,Jaipur,Rajasthan,North
C02864,Ankit Kumar,ankit.kumar2864@example.com,Patna,Bihar,East
C02865,Karan Singh,karan.singh2865@example.com,Patna,Bihar,East
C02866,Aditi Singh,aditi.singh2866@example.com,Mumbai,Maharashtra,West
C02867,Isha Rajput,isha.rajput2867@example.com,Hyderabad,Telangana,South
C02868,Kavya Mishra,kavya.mishra2868@example.com,Bhubaneswar,Odisha,East
C02869,Vikash Patel,vikash.patel2869@example.com,Hyderabad,Telangana,South
C02870,Isha Yadav,isha.yadav2870@example.com,Patna,Bihar,East
C02871,Kavya Gupta,kavya.gupta2871@example.com,Kochi,Kerala,South
C02872,Simran Sharma,simran.sharma2872@example.com,Pune,Maharashtra,West
C02873,Aman Verma,aman.verma2873@example.com,Bhubaneswar,Odisha,East
C02874,Aman Rajput,aman.rajput2874@example.com,Pune,Maharashtra,West
C02875,Sahil Rajput,sahil.rajput2875@example.com,Kochi,Kerala,South
C02876,Simran Kumar,simran.kumar2876@example.com,Hyderabad,Telangana,South
C02877,Ankit Mishra,ankit.mishra2877@example.com,Lucknow,Uttar Pradesh,North
C02878,Rohan Singh,rohan.singh2878@example.com,Bengaluru,Karnataka,South
C02879,Sneha Mishra,sneha.mishra2879@example.com,Hyderabad,Telangana,South
C02880,Aman Agarwal,aman.agarwal2880@example.com,Jaipur,Rajasthan,North
C02881,Sneha Mishra,sneha.mishra2881@example.com,Chennai,Tamil Nadu,South
C02882,Pooja Yadav,pooja.yadav2882@example.com,Bhubaneswar,Odisha,East
C02883,Pooja Rajput,pooja.rajput2883@example.com,Hyderabad,Telangana,South
C02884,Kavya Patel,kavya.patel2884@example.com,Surat,Gujarat,West
C02885,Neha Sharma,neha.sharma2885@example.com,Mumbai,Maharashtra,West
C02886,Sneha Verma,sneha.verma2886@example.com,Surat,Gujarat,West
C02887,Arjun Patel,arjun.patel2887@example.com,Lucknow,Uttar Pradesh,North
C02888,Sahil Mishra,sahil.mishra2888@example.com,Lucknow,Uttar Pradesh,North
C02889,Ankit Verma,ankit.verma2889@example.com,Kanpur,Uttar Pradesh,North
C02890,Rahul Singh,rahul.singh2890@example.com,Hyderabad,Telangana,South
C02891,Aditya Mishra,aditya.mishra2891@example.com,Pune,Maharashtra,West
C02892,Priya Verma,priya.verma2892@example.com,Chennai,Tamil Nadu,South
C02893,Ankit Gupta,ankit.gupta2893@example.com,Surat,Gujarat,West
C02894,Karan Agarwal,karan.agarwal2894@example.com,Chandigarh,Chandigarh,North
C02895,Riya Gupta,riya.gupta2895@example.com,Delhi,Delhi,North
C02896,Sahil Gupta,sahil.gupta2896@example.com,Hyderabad,Telangana,South
C02897,Neha Rajput,neha.rajput2897@example.com,Delhi,Delhi,North
C02898,Kavya Mishra,kavya.mishra2898@example.com,Chandigarh,Chandigarh,North
C02899,Neha Verma,neha.verma2899@example.com,Ahmedabad,Gujarat,West
C02900,Karan Yadav,karan.yadav2900@example.com,Ahmedabad,Gujarat,West
C02901,Isha Agarwal,isha.agarwal2901@example.com,Bhubaneswar,Odisha,East
C02902,Sneha Patel,sneha.patel2902@example.com,Lucknow,Uttar Pradesh,North
C02903,Priya Verma,priya.verma2903@example.com,Kolkata,West Bengal,East
C02904,Pooja Verma,pooja.verma2904@example.com,Bhubaneswar,Odisha,East
C02905,Sneha Mishra,sneha.mishra2905@example.com,Delhi,Delhi,North
C02906,Ananya Kumar,ananya.kumar2906@example.com,Chandigarh,Chandigarh,North
C02907,Sahil Sharma,sahil.sharma2907@example.com,Patna,Bihar,East
C02908,Ananya Patel,ananya.patel2908@example.com,Ahmedabad,Gujarat,West
C02909,Pooja Rajput,pooja.rajput2909@example.com,Kochi,Kerala,South
C02910,Riya Gupta,riya.gupta2910@example.com,Chennai,Tamil Nadu,South
C02911,Simran Sharma,simran.sharma2911@example.com,Jaipur,Rajasthan,North
C02912,Rohan Kumar,rohan.kumar2912@example.com,Chennai,Tamil Nadu,South
C02913,Simran Agarwal,simran.agarwal2913@example.com,Kochi,Kerala,South
C02914,Neha Verma,neha.verma2914@example.com,Kochi,Kerala,South
C02915,Arjun Mishra,arjun.mishra2915@example.com,Kochi,Kerala,South
C02916,Karan Yadav,karan.yadav2916@example.com,Kanpur,Uttar Pradesh,North
C02917,Priya Agarwal,priya.agarwal2917@example.com,Bhubaneswar,Odisha,East
C02918,Sahil Singh,sahil.singh2918@example.com,Mumbai,Maharashtra,West
C02919,Rahul Mishra,rahul.mishra2919@example.com,Mumbai,Maharashtra,West
C02920,Aditya Agarwal,aditya.agarwal2920@example.com,Patna,Bihar,East
C02921,Aarav Kumar,aarav.kumar2921@example.com,Pune,Maharashtra,West
C02922,Arjun Rajput,arjun.rajput2922@example.com,Bengaluru,Karnataka,South
C02923,Karan Verma,karan.verma2923@example.com,Bengaluru,Karnataka,South
C02924,Isha Singh,isha.singh2924@example.com,Bhubaneswar,Odisha,East
C02925,Aditya Patel,aditya.patel2925@example.com,Delhi,Delhi,North
C02926,Vikash Patel,vikash.patel2926@example.com,Kolkata,West Bengal,East
C02927,Neha Kumar,neha.kumar2927@example.com,Kanpur,Uttar Pradesh,North
C02928,Rohan Mishra,rohan.mishra2928@example.com,Kolkata,West Bengal,East
C02929,Kavya Singh,kavya.singh2929@example.com,Kochi,Kerala,South
C02930,Karan Kumar,karan.kumar2930@example.com,Pune,Maharashtra,West
C02931,Sahil Rajput,sahil.rajput2931@example.com,Patna,Bihar,East
C02932,Vikash Agarwal,vikash.agarwal2932@example.com,Bengaluru,Karnataka,South
C02933,Simran Verma,simran.verma2933@example.com,Bhubaneswar,Odisha,East
C02934,Ankit Verma,ankit.verma2934@example.com,Delhi,Delhi,North
C02935,Rohan Yadav,rohan.yadav2935@example.com,Lucknow,Uttar Pradesh,North
C02936,Neha Agarwal,neha.agarwal2936@example.com,Ahmedabad,Gujarat,West
C02937,Isha Patel,isha.patel2937@example.com,Patna,Bihar,East
C02938,Sneha Yadav,sneha.yadav2938@example.com,Jaipur,Rajasthan,North
C02939,Arjun Gupta,arjun.gupta2939@example.com,Bhubaneswar,Odisha,East
C02940,Ananya Gupta,ananya.gupta2940@example.com,Kochi,Kerala,South
C02941,Aditi Kumar,aditi.kumar2941@example.com,Kolkata,West Bengal,East
C02942,Aman Kumar,aman.kumar2942@example.com,Kolkata,West Bengal,East
C02943,Sneha Rajput,sneha.rajput2943@example.com,Mumbai,Maharashtra,West
C02944,Simran Singh,simran.singh2944@example.com,Kochi,Kerala,South
C02945,Aditya Verma,aditya.verma2945@example.com,Mumbai,Maharashtra,West
C02946,Ankit Mishra,ankit.mishra2946@example.com,Bengaluru,Karnataka,South
C02947,Arjun Verma,arjun.verma2947@example.com,Patna,Bihar,East
C02948,Pooja Mishra,pooja.mishra2948@example.com,Kanpur,Uttar Pradesh,North
C02949,Ananya Singh,ananya.singh2949@example.com,Kanpur,Uttar Pradesh,North
C02950,Isha Patel,isha.patel2950@example.com,Kolkata,West Bengal,East
C02951,Sneha Kumar,sneha.kumar2951@example.com,Surat,Gujarat,West
C02952,Karan Mishra,karan.mishra2952@example.com,Jaipur,Rajasthan,North
C02953,Sneha Sharma,sneha.sharma2953@example.com,Lucknow,Uttar Pradesh,North
C02954,Sneha Rajput,sneha.rajput2954@example.com,Chennai,Tamil Nadu,South
C02955,Neha Verma,neha.verma2955@example.com,Kochi,Kerala,South
C02956,Aditya Sharma,aditya.sharma2956@example.com,Surat,Gujarat,West
C02957,Rahul Kumar,rahul.kumar2957@example.com,Chennai,Tamil Nadu,South
C02958,Sneha Yadav,sneha.yadav2958@example.com,Bhubaneswar,Odisha,East
C02959,Arjun Singh,arjun.singh2959@example.com,Ahmedabad,Gujarat,West
C02960,Sneha Kumar,sneha.kumar2960@example.com,Patna,Bihar,East
C02961,Ankit Kumar,ankit.kumar2961@example.com,Mumbai,Maharashtra,West
C02962,Aarav Agarwal,aarav.agarwal2962@example.com,Kanpur,Uttar Pradesh,North
C02963,Vikash Gupta,vikash.gupta2963@example.com,Kanpur,Uttar Pradesh,North
C02964,Riya Rajput,riya.rajput2964@example.com,Mumbai,Maharashtra,West
C02965,Arjun Sharma,arjun.sharma2965@example.com,Surat,Gujarat,West
C02966,Rohan Yadav,rohan.yadav2966@example.com,Hyderabad,Telangana,South
C02967,Vikash Verma,vikash.verma2967@example.com,Jaipur,Rajasthan,North
C02968,Riya Verma,riya.verma2968@example.com,Bhubaneswar,Odisha,East
C02969,Aditya Mishra,aditya.mishra2969@example.com,Kanpur,Uttar Pradesh,North
C02970,Neha Gupta,neha.gupta2970@example.com,Bhubaneswar,Odisha,East
C02971,Aditya Agarwal,aditya.agarwal2971@example.com,Delhi,Delhi,North
C02972,Aditya Rajput,aditya.rajput2972@example.com,Pune,Maharashtra,West
C02973,Aman Patel,aman.patel2973@example.com,Ahmedabad,Gujarat,West
C02974,Karan Singh,karan.singh2974@example.com,Delhi,Delhi,North
C02975,Pooja Sharma,pooja.sharma2975@example.com,Delhi,Delhi,North
C02976,Priya Verma,priya.verma2976@example.com,Lucknow,Uttar Pradesh,North
C02977,Aman Singh,aman.singh2977@example.com,Mumbai,Maharashtra,West
C02978,Vikash Sharma,vikash.sharma2978@example.com,Kolkata,West Bengal,East
C02979,Isha Singh,isha.singh2979@example.com,Chennai,Tamil Nadu,South
C02980,Priya Mishra,priya.mishra2980@example.com,Pune,Maharashtra,West
C02981,Aditi Verma,aditi.verma2981@example.com,Kochi,Kerala,South
C02982,Pooja Singh,pooja.singh2982@example.com,Ahmedabad,Gujarat,West
C02983,Karan Singh,karan.singh2983@example.com,Hyderabad,Telangana,South
C02984,Priya Kumar,priya.kumar2984@example.com,Delhi,Delhi,North
C02985,Neha Patel,neha.patel2985@example.com,Delhi,Delhi,North
C02986,Neha Verma,neha.verma2986@example.com,Bhubaneswar,Odisha,East
C02987,Aman Singh,aman.singh2987@example.com,Surat,Gujarat,West
C02988,Aditi Patel,aditi.patel2988@example.com,Jaipur,Rajasthan,North
C02989,Arjun Verma,arjun.verma2989@example.com,Kolkata,West Bengal,East
C02990,Sahil Agarwal,sahil.agarwal2990@example.com,Patna,Bihar,East
C02991,Rahul Mishra,rahul.mishra2991@example.com,Mumbai,Maharashtra,West
C02992,Ankit Singh,ankit.singh2992@example.com,Chennai,Tamil Nadu,South
C02993,Neha Kumar,neha.kumar2993@example.com,Chennai,Tamil Nadu,South
C02994,Vikash Patel,vikash.patel2994@example.com,Patna,Bihar,East
C02995,Arjun Patel,arjun.patel2995@example.com,Delhi,Delhi,North
C02996,Aditi Agarwal,aditi.agarwal2996@example.com,Bhubaneswar,Odisha,East
C02997,Neha Mishra,neha.mishra2997@example.com,Ahmedabad,Gujarat,West
C02998,Isha Agarwal,isha.agarwal2998@example.com,Delhi,Delhi,North
C02999,Aman Sharma,aman.sharma2999@example.com,Kanpur,Uttar Pradesh,North
C03000,Sahil Verma,sahil.verma3000@example.com,Kolkata,West Bengal,East
C03001,Aman Agarwal,aman.agarwal3001@example.com,Lucknow,Uttar Pradesh,North
C03002,Aditya Kumar,aditya.kumar3002@example.com,Hyderabad,Telangana,South
C03003,Kavya Gupta,kavya.gupta3003@example.com,Pune,Maharashtra,West
C03004,Rohan Rajput,rohan.rajput3004@example.com,Pune,Maharashtra,West
C03005,Aditya Verma,aditya.verma3005@example.com,Bhubaneswar,Odisha,East
C03006,Priya Kumar,priya.kumar3006@example.com,Surat,Gujarat,West
C03007,Priya Sharma,priya.sharma3007@example.com,Kolkata,West Bengal,East
C03008,Sahil Sharma,sahil.sharma3008@example.com,Ahmedabad,Gujarat,West
C03009,Priya Patel,priya.patel3009@example.com,Ahmedabad,Gujarat,West
C03010,Karan Mishra,karan.mishra3010@example.com,Jaipur,Rajasthan,North
C03011,Aman Verma,aman.verma3011@example.com,Kochi,Kerala,South
C03012,Isha Patel,isha.patel3012@example.com,Mumbai,Maharashtra,West
C03013,Sneha Sharma,sneha.sharma3013@example.com,Lucknow,Uttar Pradesh,North
C03014,Kavya Singh,kavya.singh3014@example.com,Pune,Maharashtra,West
C03015,Aditya Kumar,aditya.kumar3015@example.com,Pune,Maharashtra,West
C03016,Rohan Singh,rohan.singh3016@example.com,Mumbai,Maharashtra,West
C03017,Simran Mishra,simran.mishra3017@example.com,Pune,Maharashtra,West
C03018,Aman Mishra,aman.mishra3018@example.com,Lucknow,Uttar Pradesh,North
C03019,Pooja Yadav,pooja.yadav3019@example.com,Bengaluru,Karnataka,South
C03020,Vikash Verma,vikash.verma3020@example.com,Ahmedabad,Gujarat,West
C03021,Pooja Kumar,pooja.kumar3021@example.com,Ahmedabad,Gujarat,West
C03022,Sahil Gupta,sahil.gupta3022@example.com,Bhubaneswar,Odisha,East
C03023,Karan Gupta,karan.gupta3023@example.com,Patna,Bihar,East
C03024,Arjun Patel,arjun.patel3024@example.com,Kochi,Kerala,South
C03025,Neha Kumar,neha.kumar3025@example.com,Patna,Bihar,East
C03026,Sneha Rajput,sneha.rajput3026@example.com,Kolkata,West Bengal,East
C03027,Rohan Yadav,rohan.yadav3027@example.com,Delhi,Delhi,North
C03028,Neha Rajput,neha.rajput3028@example.com,Lucknow,Uttar Pradesh,North
C03029,Sahil Agarwal,sahil.agarwal3029@example.com,Chandigarh,Chandigarh,North
C03030,Riya Kumar,riya.kumar3030@example.com,Surat,Gujarat,West
C03031,Neha Yadav,neha.yadav3031@example.com,Bengaluru,Karnataka,South
C03032,Sneha Gupta,sneha.gupta3032@example.com,Kochi,Kerala,South
C03033,Riya Agarwal,riya.agarwal3033@example.com,Patna,Bihar,East
C03034,Arjun Patel,arjun.patel3034@example.com,Chandigarh,Chandigarh,North
C03035,Kavya Verma,kavya.verma3035@example.com,Chandigarh,Chandigarh,North
C03036,Karan Sharma,karan.sharma3036@example.com,Delhi,Delhi,North
C03037,Isha Patel,isha.patel3037@example.com,Patna,Bihar,East
C03038,Neha Rajput,neha.rajput3038@example.com,Kochi,Kerala,South
C03039,Ananya Rajput,ananya.rajput3039@example.com,Patna,Bihar,East
C03040,Sahil Agarwal,sahil.agarwal3040@example.com,Lucknow,Uttar Pradesh,North
C03041,Pooja Sharma,pooja.sharma3041@example.com,Kanpur,Uttar Pradesh,North
C03042,Neha Agarwal,neha.agarwal3042@example.com,Mumbai,Maharashtra,West
C03043,Karan Rajput,karan.rajput3043@example.com,Surat,Gujarat,West
C03044,Ananya Mishra,ananya.mishra3044@example.com,Patna,Bihar,East
C03045,Ananya Sharma,ananya.sharma3045@example.com,Kochi,Kerala,South
C03046,Pooja Verma,pooja.verma3046@example.com,Ahmedabad,Gujarat,West
C03047,Kavya Sharma,kavya.sharma3047@example.com,Hyderabad,Telangana,South
C03048,Aarav Kumar,aarav.kumar3048@example.com,Surat,Gujarat,West
C03049,Aditi Yadav,aditi.yadav3049@example.com,Chandigarh,Chandigarh,North
C03050,Ankit Verma,ankit.verma3050@example.com,Mumbai,Maharashtra,West
C03051,Aarav Singh,aarav.singh3051@example.com,Lucknow,Uttar Pradesh,North
C03052,Neha Rajput,neha.rajput3052@example.com,Lucknow,Uttar Pradesh,North
C03053,Isha Verma,isha.verma3053@example.com,Kolkata,West Bengal,East
C03054,Vikash Rajput,vikash.rajput3054@example.com,Surat,Gujarat,West
C03055,Sahil Mishra,sahil.mishra3055@example.com,Kochi,Kerala,South
C03056,Simran Gupta,simran.gupta3056@example.com,Kolkata,West Bengal,East
C03057,Arjun Singh,arjun.singh3057@example.com,Hyderabad,Telangana,South
C03058,Rohan Gupta,rohan.gupta3058@example.com,Pune,Maharashtra,West
C03059,Neha Gupta,neha.gupta3059@example.com,Delhi,Delhi,North
C03060,Vikash Yadav,vikash.yadav3060@example.com,Delhi,Delhi,North
C03061,Rahul Singh,rahul.singh3061@example.com,Kolkata,West Bengal,East
C03062,Isha Rajput,isha.rajput3062@example.com,Bengaluru,Karnataka,South
C03063,Pooja Kumar,pooja.kumar3063@example.com,Mumbai,Maharashtra,West
C03064,Ananya Kumar,ananya.kumar3064@example.com,Chandigarh,Chandigarh,North
C03065,Karan Yadav,karan.yadav3065@example.com,Mumbai,Maharashtra,West
C03066,Isha Singh,isha.singh3066@example.com,Bhubaneswar,Odisha,East
C03067,Simran Verma,simran.verma3067@example.com,Mumbai,Maharashtra,West
C03068,Karan Sharma,karan.sharma3068@example.com,Mumbai,Maharashtra,West
C03069,Karan Gupta,karan.gupta3069@example.com,Kolkata,West Bengal,East
C03070,Sneha Agarwal,sneha.agarwal3070@example.com,Kanpur,Uttar Pradesh,North
C03071,Vikash Singh,vikash.singh3071@example.com,Bengaluru,Karnataka,South
C03072,Arjun Rajput,arjun.rajput3072@example.com,Kanpur,Uttar Pradesh,North
C03073,Ankit Singh,ankit.singh3073@example.com,Chennai,Tamil Nadu,South
C03074,Aarav Agarwal,aarav.agarwal3074@example.com,Ahmedabad,Gujarat,West
C03075,Kavya Yadav,kavya.yadav3075@example.com,Kanpur,Uttar Pradesh,North
C03076,Aarav Sharma,aarav.sharma3076@example.com,Surat,Gujarat,West
C03077,Aarav Agarwal,aarav.agarwal3077@example.com,Jaipur,Rajasthan,North
C03078,Rahul Verma,rahul.verma3078@example.com,Delhi,Delhi,North
C03079,Neha Agarwal,neha.agarwal3079@example.com,Surat,Gujarat,West
C03080,Kavya Yadav,kavya.yadav3080@example.com,Chennai,Tamil Nadu,South
C03081,Aditi Rajput,aditi.rajput3081@example.com,Chennai,Tamil Nadu,South
C03082,Ananya Patel,ananya.patel3082@example.com,Chennai,Tamil Nadu,South
C03083,Aman Patel,aman.patel3083@example.com,Kochi,Kerala,South
C03084,Neha Agarwal,neha.agarwal3084@example.com,Jaipur,Rajasthan,North
C03085,Ananya Patel,ananya.patel3085@example.com,Kanpur,Uttar Pradesh,North
C03086,Aarav Yadav,aarav.yadav3086@example.com,Kochi,Kerala,South
C03087,Rohan Sharma,rohan.sharma3087@example.com,Kanpur,Uttar Pradesh,North
C03088,Isha Gupta,isha.gupta3088@example.com,Ahmedabad,Gujarat,West
C03089,Ananya Yadav,ananya.yadav3089@example.com,Patna,Bihar,East
C03090,Isha Rajput,isha.rajput3090@example.com,Pune,Maharashtra,West
C03091,Aarav Patel,aarav.patel3091@example.com,Delhi,Delhi,North
C03092,Ananya Sharma,ananya.sharma3092@example.com,Chennai,Tamil Nadu,South
C03093,Sneha Verma,sneha.verma3093@example.com,Patna,Bihar,East
C03094,Neha Agarwal,neha.agarwal3094@example.com,Lucknow,Uttar Pradesh,North
C03095,Ananya Rajput,ananya.rajput3095@example.com,Patna,Bihar,East
C03096,Rahul Rajput,rahul.rajput3096@example.com,Bengaluru,Karnataka,South
C03097,Aditi Verma,aditi.verma3097@example.com,Chandigarh,Chandigarh,North
C03098,Isha Agarwal,isha.agarwal3098@example.com,Jaipur,Rajasthan,North
C03099,Rohan Yadav,rohan.yadav3099@example.com,Lucknow,Uttar Pradesh,North
C03100,Sahil Mishra,sahil.mishra3100@example.com,Bhubaneswar,Odisha,East
C03101,Vikash Yadav,vikash.yadav3101@example.com,Kanpur,Uttar Pradesh,North
C03102,Kavya Mishra,kavya.mishra3102@example.com,Ahmedabad,Gujarat,West
C03103,Aman Verma,aman.verma3103@example.com,Mumbai,Maharashtra,West
C03104,Arjun Singh,arjun.singh3104@example.com,Kolkata,West Bengal,East
C03105,Aarav Kumar,aarav.kumar3105@example.com,Chennai,Tamil Nadu,South
C03106,Neha Gupta,neha.gupta3106@example.com,Ahmedabad,Gujarat,West
C03107,Ankit Yadav,ankit.yadav3107@example.com,Kanpur,Uttar Pradesh,North
C03108,Rohan Mishra,rohan.mishra3108@example.com,Patna,Bihar,East
C03109,Arjun Patel,arjun.patel3109@example.com,Ahmedabad,Gujarat,West
C03110,Simran Agarwal,simran.agarwal3110@example.com,Lucknow,Uttar Pradesh,North
C03111,Priya Rajput,priya.rajput3111@example.com,Kochi,Kerala,South
C03112,Riya Rajput,riya.rajput3112@example.com,Ahmedabad,Gujarat,West
C03113,Aman Gupta,aman.gupta3113@example.com,Kanpur,Uttar Pradesh,North
C03114,Sahil Singh,sahil.singh3114@example.com,Kanpur,Uttar Pradesh,North
C03115,Arjun Patel,arjun.patel3115@example.com,Pune,Maharashtra,West
C03116,Rahul Agarwal,rahul.agarwal3116@example.com,Hyderabad,Telangana,South
C03117,Rohan Patel,rohan.patel3117@example.com,Kochi,Kerala,South
C03118,Simran Sharma,simran.sharma3118@example.com,Bengaluru,Karnataka,South
C03119,Aditya Agarwal,aditya.agarwal3119@example.com,Pune,Maharashtra,West
C03120,Neha Rajput,neha.rajput3120@example.com,Chennai,Tamil Nadu,South
C03121,Ananya Kumar,ananya.kumar3121@example.com,Ahmedabad,Gujarat,West
C03122,Rahul Rajput,rahul.rajput3122@example.com,Delhi,Delhi,North
C03123,Riya Yadav,riya.yadav3123@example.com,Chennai,Tamil Nadu,South
C03124,Rohan Gupta,rohan.gupta3124@example.com,Ahmedabad,Gujarat,West
C03125,Kavya Yadav,kavya.yadav3125@example.com,Chandigarh,Chandigarh,North
C03126,Aditi Gupta,aditi.gupta3126@example.com,Chandigarh,Chandigarh,North
C03127,Aditya Agarwal,aditya.agarwal3127@example.com,Chennai,Tamil Nadu,South
C03128,Sahil Mishra,sahil.mishra3128@example.com,Kanpur,Uttar Pradesh,North
C03129,Ankit Agarwal,ankit.agarwal3129@example.com,Patna,Bihar,East
C03130,Karan Yadav,karan.yadav3130@example.com,Bengaluru,Karnataka,South
C03131,Neha Sharma,neha.sharma3131@example.com,Chennai,Tamil Nadu,South
C03132,Rohan Verma,rohan.verma3132@example.com,Ahmedabad,Gujarat,West
C03133,Aditya Kumar,aditya.kumar3133@example.com,Patna,Bihar,East
C03134,Neha Gupta,neha.gupta3134@example.com,Mumbai,Maharashtra,West
C03135,Aarav Mishra,aarav.mishra3135@example.com,Kochi,Kerala,South
C03136,Priya Rajput,priya.rajput3136@example.com,Patna,Bihar,East
C03137,Ananya Rajput,ananya.rajput3137@example.com,Kochi,Kerala,South
C03138,Arjun Mishra,arjun.mishra3138@example.com,Bengaluru,Karnataka,South
C03139,Sahil Verma,sahil.verma3139@example.com,Kochi,Kerala,South
C03140,Rahul Kumar,rahul.kumar3140@example.com,Chennai,Tamil Nadu,South
C03141,Simran Sharma,simran.sharma3141@example.com,Bengaluru,Karnataka,South
C03142,Sneha Kumar,sneha.kumar3142@example.com,Chandigarh,Chandigarh,North
C03143,Sneha Yadav,sneha.yadav3143@example.com,Bengaluru,Karnataka,South
C03144,Rohan Verma,rohan.verma3144@example.com,Pune,Maharashtra,West
C03145,Karan Sharma,karan.sharma3145@example.com,Hyderabad,Telangana,South
C03146,Simran Singh,simran.singh3146@example.com,Chandigarh,Chandigarh,North
C03147,Neha Rajput,neha.rajput3147@example.com,Mumbai,Maharashtra,West
C03148,Aditya Singh,aditya.singh3148@example.com,Hyderabad,Telangana,South
C03149,Kavya Kumar,kavya.kumar3149@example.com,Jaipur,Rajasthan,North
C03150,Rahul Mishra,rahul.mishra3150@example.com,Chennai,Tamil Nadu,South
C03151,Simran Rajput,simran.rajput3151@example.com,Chandigarh,Chandigarh,North
C03152,Neha Verma,neha.verma3152@example.com,Jaipur,Rajasthan,North
C03153,Rahul Verma,rahul.verma3153@example.com,Kochi,Kerala,South
C03154,Kavya Gupta,kavya.gupta3154@example.com,Mumbai,Maharashtra,West
C03155,Neha Singh,neha.singh3155@example.com,Bhubaneswar,Odisha,East
C03156,Neha Gupta,neha.gupta3156@example.com,Bhubaneswar,Odisha,East
C03157,Ananya Sharma,ananya.sharma3157@example.com,Kanpur,Uttar Pradesh,North
C03158,Rahul Singh,rahul.singh3158@example.com,Kanpur,Uttar Pradesh,North
C03159,Kavya Mishra,kavya.mishra3159@example.com,Ahmedabad,Gujarat,West
C03160,Aarav Agarwal,aarav.agarwal3160@example.com,Patna,Bihar,East
C03161,Ankit Singh,ankit.singh3161@example.com,Mumbai,Maharashtra,West
C03162,Neha Yadav,neha.yadav3162@example.com,Kolkata,West Bengal,East
C03163,Sahil Agarwal,sahil.agarwal3163@example.com,Chandigarh,Chandigarh,North
C03164,Rahul Patel,rahul.patel3164@example.com,Lucknow,Uttar Pradesh,North
C03165,Riya Kumar,riya.kumar3165@example.com,Kochi,Kerala,South
C03166,Aarav Rajput,aarav.rajput3166@example.com,Patna,Bihar,East
C03167,Arjun Mishra,arjun.mishra3167@example.com,Kanpur,Uttar Pradesh,North
C03168,Karan Singh,karan.singh3168@example.com,Mumbai,Maharashtra,West
C03169,Aditi Kumar,aditi.kumar3169@example.com,Delhi,Delhi,North
C03170,Riya Yadav,riya.yadav3170@example.com,Chennai,Tamil Nadu,South
C03171,Rahul Sharma,rahul.sharma3171@example.com,Chandigarh,Chandigarh,North
C03172,Simran Verma,simran.verma3172@example.com,Mumbai,Maharashtra,West
C03173,Arjun Mishra,arjun.mishra3173@example.com,Surat,Gujarat,West
C03174,Aditya Singh,aditya.singh3174@example.com,Kanpur,Uttar Pradesh,North
C03175,Isha Gupta,isha.gupta3175@example.com,Hyderabad,Telangana,South
C03176,Riya Kumar,riya.kumar3176@example.com,Kolkata,West Bengal,East
C03177,Aarav Verma,aarav.verma3177@example.com,Bengaluru,Karnataka,South
C03178,Aditya Mishra,aditya.mishra3178@example.com,Bengaluru,Karnataka,South
C03179,Riya Yadav,riya.yadav3179@example.com,Chandigarh,Chandigarh,North
C03180,Simran Yadav,simran.yadav3180@example.com,Chennai,Tamil Nadu,South
C03181,Isha Patel,isha.patel3181@example.com,Pune,Maharashtra,West
C03182,Rahul Sharma,rahul.sharma3182@example.com,Ahmedabad,Gujarat,West
C03183,Aditya Verma,aditya.verma3183@example.com,Chandigarh,Chandigarh,North
C03184,Sahil Verma,sahil.verma3184@example.com,Chandigarh,Chandigarh,North
C03185,Aditi Mishra,aditi.mishra3185@example.com,Pune,Maharashtra,West
C03186,Simran Patel,simran.patel3186@example.com,Surat,Gujarat,West
C03187,Rohan Agarwal,rohan.agarwal3187@example.com,Kolkata,West Bengal,East
C03188,Arjun Mishra,arjun.mishra3188@example.com,Surat,Gujarat,West
C03189,Ankit Rajput,ankit.rajput3189@example.com,Mumbai,Maharashtra,West
C03190,Neha Yadav,neha.yadav3190@example.com,Lucknow,Uttar Pradesh,North
C03191,Ankit Rajput,ankit.rajput3191@example.com,Chandigarh,Chandigarh,North
C03192,Riya Verma,riya.verma3192@example.com,Lucknow,Uttar Pradesh,North
C03193,Ankit Verma,ankit.verma3193@example.com,Hyderabad,Telangana,South
C03194,Simran Mishra,simran.mishra3194@example.com,Mumbai,Maharashtra,West
C03195,Pooja Kumar,pooja.kumar3195@example.com,Chennai,Tamil Nadu,South
C03196,Pooja Rajput,pooja.rajput3196@example.com,Delhi,Delhi,North
C03197,Aditi Verma,aditi.verma3197@example.com,Lucknow,Uttar Pradesh,North
C03198,Ankit Singh,ankit.singh3198@example.com,Kanpur,Uttar Pradesh,North
C03199,Riya Rajput,riya.rajput3199@example.com,Lucknow,Uttar Pradesh,North
C03200,Priya Singh,priya.singh3200@example.com,Hyderabad,Telangana,South
C03201,Priya Gupta,priya.gupta3201@example.com,Chandigarh,Chandigarh,North
C03202,Aman Gupta,aman.gupta3202@example.com,Delhi,Delhi,North
C03203,Rahul Rajput,rahul.rajput3203@example.com,Ahmedabad,Gujarat,West
C03204,Neha Singh,neha.singh3204@example.com,Kanpur,Uttar Pradesh,North
C03205,Vikash Mishra,vikash.mishra3205@example.com,Bengaluru,Karnataka,South
C03206,Simran Yadav,simran.yadav3206@example.com,Kanpur,Uttar Pradesh,North
C03207,Isha Patel,isha.patel3207@example.com,Bengaluru,Karnataka,South
C03208,Riya Gupta,riya.gupta3208@example.com,Kanpur,Uttar Pradesh,North
C03209,Aditya Kumar,aditya.kumar3209@example.com,Chennai,Tamil Nadu,South
C03210,Neha Kumar,neha.kumar3210@example.com,Hyderabad,Telangana,South
C03211,Riya Mishra,riya.mishra3211@example.com,Kochi,Kerala,South
C03212,Kavya Agarwal,kavya.agarwal3212@example.com,Chandigarh,Chandigarh,North
C03213,Ankit Sharma,ankit.sharma3213@example.com,Chandigarh,Chandigarh,North
C03214,Rohan Kumar,rohan.kumar3214@example.com,Kochi,Kerala,South
C03215,Simran Gupta,simran.gupta3215@example.com,Jaipur,Rajasthan,North
C03216,Ananya Verma,ananya.verma3216@example.com,Kolkata,West Bengal,East
C03217,Sneha Kumar,sneha.kumar3217@example.com,Bhubaneswar,Odisha,East
C03218,Ananya Yadav,ananya.yadav3218@example.com,Bengaluru,Karnataka,South
C03219,Ankit Rajput,ankit.rajput3219@example.com,Ahmedabad,Gujarat,West
C03220,Sahil Singh,sahil.singh3220@example.com,Bengaluru,Karnataka,South
C03221,Pooja Patel,pooja.patel3221@example.com,Lucknow,Uttar Pradesh,North
C03222,Arjun Singh,arjun.singh3222@example.com,Ahmedabad,Gujarat,West
C03223,Arjun Kumar,arjun.kumar3223@example.com,Jaipur,Rajasthan,North
C03224,Arjun Gupta,arjun.gupta3224@example.com,Patna,Bihar,East
C03225,Aarav Rajput,aarav.rajput3225@example.com,Chandigarh,Chandigarh,North
C03226,Kavya Yadav,kavya.yadav3226@example.com,Kanpur,Uttar Pradesh,North
C03227,Neha Sharma,neha.sharma3227@example.com,Pune,Maharashtra,West
C03228,Aarav Rajput,aarav.rajput3228@example.com,Hyderabad,Telangana,South
C03229,Aman Mishra,aman.mishra3229@example.com,Jaipur,Rajasthan,North
C03230,Aditi Yadav,aditi.yadav3230@example.com,Mumbai,Maharashtra,West
C03231,Isha Verma,isha.verma3231@example.com,Mumbai,Maharashtra,West
C03232,Arjun Patel,arjun.patel3232@example.com,Chandigarh,Chandigarh,North
C03233,Isha Patel,isha.patel3233@example.com,Jaipur,Rajasthan,North
C03234,Pooja Yadav,pooja.yadav3234@example.com,Kochi,Kerala,South
C03235,Vikash Patel,vikash.patel3235@example.com,Kanpur,Uttar Pradesh,North
C03236,Priya Verma,priya.verma3236@example.com,Kanpur,Uttar Pradesh,North
C03237,Sahil Gupta,sahil.gupta3237@example.com,Patna,Bihar,East
C03238,Sahil Gupta,sahil.gupta3238@example.com,Pune,Maharashtra,West
C03239,Aarav Agarwal,aarav.agarwal3239@example.com,Kochi,Kerala,South
C03240,Karan Gupta,karan.gupta3240@example.com,Jaipur,Rajasthan,North
C03241,Sneha Agarwal,sneha.agarwal3241@example.com,Patna,Bihar,East
C03242,Aditya Patel,aditya.patel3242@example.com,Delhi,Delhi,North
C03243,Aditi Yadav,aditi.yadav3243@example.com,Chennai,Tamil Nadu,South
C03244,Sahil Patel,sahil.patel3244@example.com,Kanpur,Uttar Pradesh,North
C03245,Aarav Patel,aarav.patel3245@example.com,Mumbai,Maharashtra,West
C03246,Neha Patel,neha.patel3246@example.com,Delhi,Delhi,North
C03247,Rahul Rajput,rahul.rajput3247@example.com,Patna,Bihar,East
C03248,Karan Singh,karan.singh3248@example.com,Chandigarh,Chandigarh,North
C03249,Pooja Singh,pooja.singh3249@example.com,Patna,Bihar,East
C03250,Aarav Kumar,aarav.kumar3250@example.com,Surat,Gujarat,West
C03251,Aman Yadav,aman.yadav3251@example.com,Kochi,Kerala,South
C03252,Ananya Gupta,ananya.gupta3252@example.com,Hyderabad,Telangana,South
C03253,Pooja Kumar,pooja.kumar3253@example.com,Surat,Gujarat,West
C03254,Rahul Yadav,rahul.yadav3254@example.com,Bhubaneswar,Odisha,East
C03255,Vikash Kumar,vikash.kumar3255@example.com,Hyderabad,Telangana,South
C03256,Pooja Sharma,pooja.sharma3256@example.com,Hyderabad,Telangana,South
C03257,Karan Singh,karan.singh3257@example.com,Pune,Maharashtra,West
C03258,Sahil Sharma,sahil.sharma3258@example.com,Chandigarh,Chandigarh,North
C03259,Neha Rajput,neha.rajput3259@example.com,Chennai,Tamil Nadu,South
C03260,Aditya Kumar,aditya.kumar3260@example.com,Pune,Maharashtra,West
C03261,Kavya Gupta,kavya.gupta3261@example.com,Kanpur,Uttar Pradesh,North
C03262,Pooja Yadav,pooja.yadav3262@example.com,Patna,Bihar,East
C03263,Rohan Patel,rohan.patel3263@example.com,Kochi,Kerala,South
C03264,Isha Rajput,isha.rajput3264@example.com,Chandigarh,Chandigarh,North
C03265,Rahul Singh,rahul.singh3265@example.com,Delhi,Delhi,North
C03266,Rohan Kumar,rohan.kumar3266@example.com,Hyderabad,Telangana,South
C03267,Isha Sharma,isha.sharma3267@example.com,Ahmedabad,Gujarat,West
C03268,Aditya Patel,aditya.patel3268@example.com,Kolkata,West Bengal,East
C03269,Aditi Sharma,aditi.sharma3269@example.com,Kolkata,West Bengal,East
C03270,Kavya Gupta,kavya.gupta3270@example.com,Bengaluru,Karnataka,South
C03271,Kavya Singh,kavya.singh3271@example.com,Kolkata,West Bengal,East
C03272,Aman Agarwal,aman.agarwal3272@example.com,Chandigarh,Chandigarh,North
C03273,Isha Kumar,isha.kumar3273@example.com,Ahmedabad,Gujarat,West
C03274,Ankit Singh,ankit.singh3274@example.com,Surat,Gujarat,West
C03275,Aman Rajput,aman.rajput3275@example.com,Pune,Maharashtra,West
C03276,Kavya Singh,kavya.singh3276@example.com,Mumbai,Maharashtra,West
C03277,Karan Agarwal,karan.agarwal3277@example.com,Chandigarh,Chandigarh,North
C03278,Aman Singh,aman.singh3278@example.com,Chandigarh,Chandigarh,North
C03279,Neha Sharma,neha.sharma3279@example.com,Surat,Gujarat,West
C03280,Karan Kumar,karan.kumar3280@example.com,Kolkata,West Bengal,East
C03281,Aarav Agarwal,aarav.agarwal3281@example.com,Pune,Maharashtra,West
C03282,Arjun Sharma,arjun.sharma3282@example.com,Kochi,Kerala,South
C03283,Pooja Mishra,pooja.mishra3283@example.com,Bengaluru,Karnataka,South
C03284,Aman Verma,aman.verma3284@example.com,Chennai,Tamil Nadu,South
C03285,Pooja Yadav,pooja.yadav3285@example.com,Jaipur,Rajasthan,North
C03286,Isha Rajput,isha.rajput3286@example.com,Jaipur,Rajasthan,North
C03287,Sahil Singh,sahil.singh3287@example.com,Surat,Gujarat,West
C03288,Ananya Gupta,ananya.gupta3288@example.com,Hyderabad,Telangana,South
C03289,Pooja Verma,pooja.verma3289@example.com,Chennai,Tamil Nadu,South
C03290,Aditya Kumar,aditya.kumar3290@example.com,Jaipur,Rajasthan,North
C03291,Aarav Sharma,aarav.sharma3291@example.com,Chennai,Tamil Nadu,South
C03292,Karan Gupta,karan.gupta3292@example.com,Patna,Bihar,East
C03293,Ankit Agarwal,ankit.agarwal3293@example.com,Kanpur,Uttar Pradesh,North
C03294,Pooja Kumar,pooja.kumar3294@example.com,Surat,Gujarat,West
C03295,Kavya Patel,kavya.patel3295@example.com,Chennai,Tamil Nadu,South
C03296,Sahil Singh,sahil.singh3296@example.com,Kanpur,Uttar Pradesh,North
C03297,Aarav Mishra,aarav.mishra3297@example.com,Chandigarh,Chandigarh,North
C03298,Priya Patel,priya.patel3298@example.com,Hyderabad,Telangana,South
C03299,Simran Mishra,simran.mishra3299@example.com,Hyderabad,Telangana,South
C03300,Aman Gupta,aman.gupta3300@example.com,Pune,Maharashtra,West
C03301,Simran Rajput,simran.rajput3301@example.com,Lucknow,Uttar Pradesh,North
C03302,Rahul Kumar,rahul.kumar3302@example.com,Kanpur,Uttar Pradesh,North
C03303,Aditya Agarwal,aditya.agarwal3303@example.com,Pune,Maharashtra,West
C03304,Karan Yadav,karan.yadav3304@example.com,Kanpur,Uttar Pradesh,North
C03305,Arjun Mishra,arjun.mishra3305@example.com,Chennai,Tamil Nadu,South
C03306,Sahil Yadav,sahil.yadav3306@example.com,Pune,Maharashtra,West
C03307,Riya Kumar,riya.kumar3307@example.com,Jaipur,Rajasthan,North
C03308,Rohan Verma,rohan.verma3308@example.com,Kolkata,West Bengal,East
C03309,Riya Gupta,riya.gupta3309@example.com,Hyderabad,Telangana,South
C03310,Ananya Yadav,ananya.yadav3310@example.com,Kanpur,Uttar Pradesh,North
C03311,Pooja Singh,pooja.singh3311@example.com,Patna,Bihar,East
C03312,Pooja Mishra,pooja.mishra3312@example.com,Delhi,Delhi,North
C03313,Vikash Agarwal,vikash.agarwal3313@example.com,Surat,Gujarat,West
C03314,Rohan Gupta,rohan.gupta3314@example.com,Jaipur,Rajasthan,North
C03315,Simran Sharma,simran.sharma3315@example.com,Pune,Maharashtra,West
C03316,Neha Yadav,neha.yadav3316@example.com,Lucknow,Uttar Pradesh,North
C03317,Vikash Yadav,vikash.yadav3317@example.com,Kochi,Kerala,South
C03318,Riya Rajput,riya.rajput3318@example.com,Kochi,Kerala,South
C03319,Aditi Gupta,aditi.gupta3319@example.com,Pune,Maharashtra,West
C03320,Vikash Sharma,vikash.sharma3320@example.com,Mumbai,Maharashtra,West
C03321,Simran Verma,simran.verma3321@example.com,Delhi,Delhi,North
C03322,Isha Yadav,isha.yadav3322@example.com,Surat,Gujarat,West
C03323,Sahil Verma,sahil.verma3323@example.com,Bengaluru,Karnataka,South
C03324,Ankit Mishra,ankit.mishra3324@example.com,Kanpur,Uttar Pradesh,North
C03325,Vikash Verma,vikash.verma3325@example.com,Jaipur,Rajasthan,North
C03326,Riya Verma,riya.verma3326@example.com,Bengaluru,Karnataka,South
C03327,Aditya Kumar,aditya.kumar3327@example.com,Surat,Gujarat,West
C03328,Rohan Gupta,rohan.gupta3328@example.com,Jaipur,Rajasthan,North
C03329,Aman Verma,aman.verma3329@example.com,Kanpur,Uttar Pradesh,North
C03330,Aarav Patel,aarav.patel3330@example.com,Hyderabad,Telangana,South
C03331,Priya Singh,priya.singh3331@example.com,Surat,Gujarat,West
C03332,Rohan Rajput,rohan.rajput3332@example.com,Bengaluru,Karnataka,South
C03333,Priya Sharma,priya.sharma3333@example.com,Delhi,Delhi,North
C03334,Ananya Verma,ananya.verma3334@example.com,Surat,Gujarat,West
C03335,Vikash Gupta,vikash.gupta3335@example.com,Delhi,Delhi,North
C03336,Riya Agarwal,riya.agarwal3336@example.com,Kanpur,Uttar Pradesh,North
C03337,Neha Gupta,neha.gupta3337@example.com,Pune,Maharashtra,West
C03338,Sneha Verma,sneha.verma3338@example.com,Chennai,Tamil Nadu,South
C03339,Ankit Verma,ankit.verma3339@example.com,Kochi,Kerala,South
C03340,Rohan Yadav,rohan.yadav3340@example.com,Ahmedabad,Gujarat,West
C03341,Pooja Patel,pooja.patel3341@example.com,Chandigarh,Chandigarh,North
C03342,Kavya Singh,kavya.singh3342@example.com,Patna,Bihar,East
C03343,Vikash Yadav,vikash.yadav3343@example.com,Mumbai,Maharashtra,West
C03344,Vikash Verma,vikash.verma3344@example.com,Patna,Bihar,East
C03345,Vikash Gupta,vikash.gupta3345@example.com,Delhi,Delhi,North
C03346,Sahil Kumar,sahil.kumar3346@example.com,Mumbai,Maharashtra,West
C03347,Neha Agarwal,neha.agarwal3347@example.com,Pune,Maharashtra,West
C03348,Arjun Kumar,arjun.kumar3348@example.com,Lucknow,Uttar Pradesh,North
C03349,Pooja Verma,pooja.verma3349@example.com,Bhubaneswar,Odisha,East
C03350,Neha Singh,neha.singh3350@example.com,Chandigarh,Chandigarh,North
C03351,Aarav Agarwal,aarav.agarwal3351@example.com,Kanpur,Uttar Pradesh,North
C03352,Neha Rajput,neha.rajput3352@example.com,Delhi,Delhi,North
C03353,Rahul Sharma,rahul.sharma3353@example.com,Jaipur,Rajasthan,North
C03354,Rohan Verma,rohan.verma3354@example.com,Lucknow,Uttar Pradesh,North
C03355,Ankit Kumar,ankit.kumar3355@example.com,Delhi,Delhi,North
C03356,Aarav Singh,aarav.singh3356@example.com,Chennai,Tamil Nadu,South
C03357,Arjun Verma,arjun.verma3357@example.com,Chandigarh,Chandigarh,North
C03358,Kavya Agarwal,kavya.agarwal3358@example.com,Bhubaneswar,Odisha,East
C03359,Vikash Gupta,vikash.gupta3359@example.com,Chennai,Tamil Nadu,South
C03360,Kavya Kumar,kavya.kumar3360@example.com,Ahmedabad,Gujarat,West
C03361,Aditya Mishra,aditya.mishra3361@example.com,Surat,Gujarat,West
C03362,Riya Singh,riya.singh3362@example.com,Delhi,Delhi,North
C03363,Aditya Singh,aditya.singh3363@example.com,Bengaluru,Karnataka,South
C03364,Rahul Mishra,rahul.mishra3364@example.com,Kolkata,West Bengal,East
C03365,Rohan Sharma,rohan.sharma3365@example.com,Ahmedabad,Gujarat,West
C03366,Aarav Verma,aarav.verma3366@example.com,Kolkata,West Bengal,East
C03367,Neha Kumar,neha.kumar3367@example.com,Hyderabad,Telangana,South
C03368,Sahil Verma,sahil.verma3368@example.com,Kochi,Kerala,South
C03369,Rahul Yadav,rahul.yadav3369@example.com,Mumbai,Maharashtra,West
C03370,Rahul Verma,rahul.verma3370@example.com,Kanpur,Uttar Pradesh,North
C03371,Sahil Patel,sahil.patel3371@example.com,Lucknow,Uttar Pradesh,North
C03372,Aditi Patel,aditi.patel3372@example.com,Kanpur,Uttar Pradesh,North
C03373,Ananya Singh,ananya.singh3373@example.com,Jaipur,Rajasthan,North
C03374,Aditi Kumar,aditi.kumar3374@example.com,Mumbai,Maharashtra,West
C03375,Pooja Mishra,pooja.mishra3375@example.com,Chennai,Tamil Nadu,South
C03376,Aditi Kumar,aditi.kumar3376@example.com,Kolkata,West Bengal,East
C03377,Rohan Gupta,rohan.gupta3377@example.com,Bengaluru,Karnataka,South
C03378,Ananya Singh,ananya.singh3378@example.com,Surat,Gujarat,West
C03379,Kavya Patel,kavya.patel3379@example.com,Surat,Gujarat,West
C03380,Arjun Sharma,arjun.sharma3380@example.com,Chandigarh,Chandigarh,North
C03381,Rohan Patel,rohan.patel3381@example.com,Chandigarh,Chandigarh,North
C03382,Neha Yadav,neha.yadav3382@example.com,Patna,Bihar,East
C03383,Arjun Singh,arjun.singh3383@example.com,Kolkata,West Bengal,East
C03384,Ankit Kumar,ankit.kumar3384@example.com,Lucknow,Uttar Pradesh,North
C03385,Priya Kumar,priya.kumar3385@example.com,Mumbai,Maharashtra,West
C03386,Neha Patel,neha.patel3386@example.com,Chennai,Tamil Nadu,South
C03387,Kavya Rajput,kavya.rajput3387@example.com,Patna,Bihar,East
C03388,Pooja Agarwal,pooja.agarwal3388@example.com,Chennai,Tamil Nadu,South
C03389,Rohan Verma,rohan.verma3389@example.com,Kochi,Kerala,South
C03390,Pooja Mishra,pooja.mishra3390@example.com,Patna,Bihar,East
C03391,Riya Mishra,riya.mishra3391@example.com,Patna,Bihar,East
C03392,Riya Mishra,riya.mishra3392@example.com,Ahmedabad,Gujarat,West
C03393,Neha Singh,neha.singh3393@example.com,Kolkata,West Bengal,East
C03394,Isha Agarwal,isha.agarwal3394@example.com,Ahmedabad,Gujarat,West
C03395,Arjun Verma,arjun.verma3395@example.com,Hyderabad,Telangana,South
C03396,Aarav Verma,aarav.verma3396@example.com,Delhi,Delhi,North
C03397,Ananya Mishra,ananya.mishra3397@example.com,Patna,Bihar,East
C03398,Rohan Singh,rohan.singh3398@example.com,Jaipur,Rajasthan,North
C03399,Ananya Patel,ananya.patel3399@example.com,Chandigarh,Chandigarh,North
C03400,Sahil Yadav,sahil.yadav3400@example.com,Chandigarh,Chandigarh,North
C03401,Riya Rajput,riya.rajput3401@example.com,Ahmedabad,Gujarat,West
C03402,Karan Verma,karan.verma3402@example.com,Jaipur,Rajasthan,North
C03403,Rohan Singh,rohan.singh3403@example.com,Chandigarh,Chandigarh,North
C03404,Neha Sharma,neha.sharma3404@example.com,Kolkata,West Bengal,East
C03405,Ananya Sharma,ananya.sharma3405@example.com,Kanpur,Uttar Pradesh,North
C03406,Simran Singh,simran.singh3406@example.com,Patna,Bihar,East
C03407,Aditi Kumar,aditi.kumar3407@example.com,Delhi,Delhi,North
C03408,Rohan Patel,rohan.patel3408@example.com,Chandigarh,Chandigarh,North
C03409,Arjun Verma,arjun.verma3409@example.com,Lucknow,Uttar Pradesh,North
C03410,Aarav Agarwal,aarav.agarwal3410@example.com,Kolkata,West Bengal,East
C03411,Rohan Kumar,rohan.kumar3411@example.com,Patna,Bihar,East
C03412,Rohan Mishra,rohan.mishra3412@example.com,Bengaluru,Karnataka,South
C03413,Kavya Rajput,kavya.rajput3413@example.com,Chennai,Tamil Nadu,South
C03414,Sneha Sharma,sneha.sharma3414@example.com,Bengaluru,Karnataka,South
C03415,Rahul Kumar,rahul.kumar3415@example.com,Jaipur,Rajasthan,North
C03416,Aditya Agarwal,aditya.agarwal3416@example.com,Mumbai,Maharashtra,West
C03417,Isha Kumar,isha.kumar3417@example.com,Delhi,Delhi,North
C03418,Neha Rajput,neha.rajput3418@example.com,Bhubaneswar,Odisha,East
C03419,Riya Gupta,riya.gupta3419@example.com,Bengaluru,Karnataka,South
C03420,Aman Rajput,aman.rajput3420@example.com,Mumbai,Maharashtra,West
C03421,Ankit Singh,ankit.singh3421@example.com,Kochi,Kerala,South
C03422,Rohan Verma,rohan.verma3422@example.com,Kochi,Kerala,South
C03423,Aditi Sharma,aditi.sharma3423@example.com,Ahmedabad,Gujarat,West
C03424,Neha Kumar,neha.kumar3424@example.com,Lucknow,Uttar Pradesh,North
C03425,Sneha Yadav,sneha.yadav3425@example.com,Chennai,Tamil Nadu,South
C03426,Neha Rajput,neha.rajput3426@example.com,Mumbai,Maharashtra,West
C03427,Aditya Patel,aditya.patel3427@example.com,Kolkata,West Bengal,East
C03428,Karan Gupta,karan.gupta3428@example.com,Kanpur,Uttar Pradesh,North
C03429,Rahul Singh,rahul.singh3429@example.com,Hyderabad,Telangana,South
C03430,Aditi Patel,aditi.patel3430@example.com,Delhi,Delhi,North
C03431,Aman Gupta,aman.gupta3431@example.com,Mumbai,Maharashtra,West
C03432,Riya Singh,riya.singh3432@example.com,Lucknow,Uttar Pradesh,North
C03433,Karan Agarwal,karan.agarwal3433@example.com,Delhi,Delhi,North
C03434,Sahil Verma,sahil.verma3434@example.com,Pune,Maharashtra,West
C03435,Aditya Verma,aditya.verma3435@example.com,Surat,Gujarat,West
C03436,Arjun Agarwal,arjun.agarwal3436@example.com,Jaipur,Rajasthan,North
C03437,Simran Yadav,simran.yadav3437@example.com,Jaipur,Rajasthan,North
C03438,Aditya Patel,aditya.patel3438@example.com,Lucknow,Uttar Pradesh,North
C03439,Sahil Sharma,sahil.sharma3439@example.com,Hyderabad,Telangana,South
C03440,Sahil Rajput,sahil.rajput3440@example.com,Pune,Maharashtra,West
C03441,Priya Rajput,priya.rajput3441@example.com,Hyderabad,Telangana,South
C03442,Rohan Singh,rohan.singh3442@example.com,Chennai,Tamil Nadu,South
C03443,Pooja Mishra,pooja.mishra3443@example.com,Kanpur,Uttar Pradesh,North
C03444,Isha Kumar,isha.kumar3444@example.com,Delhi,Delhi,North
C03445,Simran Rajput,simran.rajput3445@example.com,Patna,Bihar,East
C03446,Simran Sharma,simran.sharma3446@example.com,Bengaluru,Karnataka,South
C03447,Vikash Kumar,vikash.kumar3447@example.com,Bhubaneswar,Odisha,East
C03448,Arjun Singh,arjun.singh3448@example.com,Ahmedabad,Gujarat,West
C03449,Karan Kumar,karan.kumar3449@example.com,Mumbai,Maharashtra,West
C03450,Isha Mishra,isha.mishra3450@example.com,Chennai,Tamil Nadu,South
C03451,Sneha Kumar,sneha.kumar3451@example.com,Chennai,Tamil Nadu,South
C03452,Sahil Patel,sahil.patel3452@example.com,Kolkata,West Bengal,East
C03453,Aditya Rajput,aditya.rajput3453@example.com,Ahmedabad,Gujarat,West
C03454,Karan Agarwal,karan.agarwal3454@example.com,Lucknow,Uttar Pradesh,North
C03455,Rohan Agarwal,rohan.agarwal3455@example.com,Patna,Bihar,East
C03456,Rahul Sharma,rahul.sharma3456@example.com,Chandigarh,Chandigarh,North
C03457,Sahil Mishra,sahil.mishra3457@example.com,Lucknow,Uttar Pradesh,North
C03458,Kavya Singh,kavya.singh3458@example.com,Bhubaneswar,Odisha,East
C03459,Priya Kumar,priya.kumar3459@example.com,Bengaluru,Karnataka,South
C03460,Vikash Singh,vikash.singh3460@example.com,Surat,Gujarat,West
C03461,Simran Patel,simran.patel3461@example.com,Hyderabad,Telangana,South
C03462,Arjun Singh,arjun.singh3462@example.com,Mumbai,Maharashtra,West
C03463,Sneha Gupta,sneha.gupta3463@example.com,Patna,Bihar,East
C03464,Ankit Yadav,ankit.yadav3464@example.com,Chandigarh,Chandigarh,North
C03465,Rahul Agarwal,rahul.agarwal3465@example.com,Patna,Bihar,East
C03466,Aditya Patel,aditya.patel3466@example.com,Bengaluru,Karnataka,South
C03467,Neha Rajput,neha.rajput3467@example.com,Chandigarh,Chandigarh,North
C03468,Sneha Patel,sneha.patel3468@example.com,Chennai,Tamil Nadu,South
C03469,Ananya Singh,ananya.singh3469@example.com,Kolkata,West Bengal,East
C03470,Isha Yadav,isha.yadav3470@example.com,Surat,Gujarat,West
C03471,Aditya Agarwal,aditya.agarwal3471@example.com,Jaipur,Rajasthan,North
C03472,Aman Mishra,aman.mishra3472@example.com,Delhi,Delhi,North
C03473,Rohan Singh,rohan.singh3473@example.com,Bengaluru,Karnataka,South
C03474,Neha Kumar,neha.kumar3474@example.com,Kochi,Kerala,South
C03475,Arjun Verma,arjun.verma3475@example.com,Kochi,Kerala,South
C03476,Sneha Singh,sneha.singh3476@example.com,Hyderabad,Telangana,South
C03477,Sneha Yadav,sneha.yadav3477@example.com,Bhubaneswar,Odisha,East
C03478,Rahul Singh,rahul.singh3478@example.com,Mumbai,Maharashtra,West
C03479,Rahul Rajput,rahul.rajput3479@example.com,Kolkata,West Bengal,East
C03480,Karan Rajput,karan.rajput3480@example.com,Chennai,Tamil Nadu,South
C03481,Arjun Patel,arjun.patel3481@example.com,Chennai,Tamil Nadu,South
C03482,Aditi Yadav,aditi.yadav3482@example.com,Pune,Maharashtra,West
C03483,Kavya Singh,kavya.singh3483@example.com,Surat,Gujarat,West
C03484,Sneha Sharma,sneha.sharma3484@example.com,Chandigarh,Chandigarh,North
C03485,Kavya Kumar,kavya.kumar3485@example.com,Pune,Maharashtra,West
C03486,Priya Agarwal,priya.agarwal3486@example.com,Jaipur,Rajasthan,North
C03487,Aditi Rajput,aditi.rajput3487@example.com,Jaipur,Rajasthan,North
C03488,Ananya Rajput,ananya.rajput3488@example.com,Patna,Bihar,East
C03489,Karan Sharma,karan.sharma3489@example.com,Pune,Maharashtra,West
C03490,Aarav Rajput,aarav.rajput3490@example.com,Surat,Gujarat,West
C03491,Ankit Kumar,ankit.kumar3491@example.com,Lucknow,Uttar Pradesh,North
C03492,Rohan Singh,rohan.singh3492@example.com,Surat,Gujarat,West
C03493,Neha Singh,neha.singh3493@example.com,Bengaluru,Karnataka,South
C03494,Sneha Rajput,sneha.rajput3494@example.com,Pune,Maharashtra,West
C03495,Ankit Kumar,ankit.kumar3495@example.com,Jaipur,Rajasthan,North
C03496,Arjun Rajput,arjun.rajput3496@example.com,Chennai,Tamil Nadu,South
C03497,Sahil Kumar,sahil.kumar3497@example.com,Pune,Maharashtra,West
C03498,Ananya Rajput,ananya.rajput3498@example.com,Patna,Bihar,East
C03499,Kavya Mishra,kavya.mishra3499@example.com,Mumbai,Maharashtra,West
C03500,Pooja Patel,pooja.patel3500@example.com,Kochi,Kerala,South
C03501,Aarav Mishra,aarav.mishra3501@example.com,Pune,Maharashtra,West
C03502,Arjun Agarwal,arjun.agarwal3502@example.com,Chandigarh,Chandigarh,North
C03503,Priya Patel,priya.patel3503@example.com,Delhi,Delhi,North
C03504,Rohan Yadav,rohan.yadav3504@example.com,Chandigarh,Chandigarh,North
C03505,Kavya Patel,kavya.patel3505@example.com,Kanpur,Uttar Pradesh,North
C03506,Pooja Gupta,pooja.gupta3506@example.com,Delhi,Delhi,North
C03507,Sneha Kumar,sneha.kumar3507@example.com,Bhubaneswar,Odisha,East
C03508,Simran Singh,simran.singh3508@example.com,Jaipur,Rajasthan,North
C03509,Karan Verma,karan.verma3509@example.com,Kolkata,West Bengal,East
C03510,Riya Kumar,riya.kumar3510@example.com,Kochi,Kerala,South
C03511,Karan Patel,karan.patel3511@example.com,Pune,Maharashtra,West
C03512,Karan Agarwal,karan.agarwal3512@example.com,Delhi,Delhi,North
C03513,Ananya Patel,ananya.patel3513@example.com,Delhi,Delhi,North
C03514,Sahil Gupta,sahil.gupta3514@example.com,Kanpur,Uttar Pradesh,North
C03515,Kavya Yadav,kavya.yadav3515@example.com,Kolkata,West Bengal,East
C03516,Pooja Patel,pooja.patel3516@example.com,Hyderabad,Telangana,South
C03517,Riya Rajput,riya.rajput3517@example.com,Chennai,Tamil Nadu,South
C03518,Rahul Kumar,rahul.kumar3518@example.com,Bhubaneswar,Odisha,East
C03519,Pooja Patel,pooja.patel3519@example.com,Mumbai,Maharashtra,West
C03520,Riya Agarwal,riya.agarwal3520@example.com,Mumbai,Maharashtra,West
C03521,Riya Rajput,riya.rajput3521@example.com,Kochi,Kerala,South
C03522,Sahil Rajput,sahil.rajput3522@example.com,Bengaluru,Karnataka,South
C03523,Aditi Singh,aditi.singh3523@example.com,Lucknow,Uttar Pradesh,North
C03524,Rahul Singh,rahul.singh3524@example.com,Delhi,Delhi,North
C03525,Aditi Rajput,aditi.rajput3525@example.com,Kanpur,Uttar Pradesh,North
C03526,Kavya Agarwal,kavya.agarwal3526@example.com,Kanpur,Uttar Pradesh,North
C03527,Sneha Mishra,sneha.mishra3527@example.com,Jaipur,Rajasthan,North
C03528,Sahil Rajput,sahil.rajput3528@example.com,Pune,Maharashtra,West
C03529,Aman Yadav,aman.yadav3529@example.com,Kochi,Kerala,South
C03530,Rahul Verma,rahul.verma3530@example.com,Patna,Bihar,East
C03531,Rahul Patel,rahul.patel3531@example.com,Bhubaneswar,Odisha,East
C03532,Pooja Rajput,pooja.rajput3532@example.com,Delhi,Delhi,North
C03533,Ananya Verma,ananya.verma3533@example.com,Bengaluru,Karnataka,South
C03534,Ankit Gupta,ankit.gupta3534@example.com,Bengaluru,Karnataka,South
C03535,Pooja Verma,pooja.verma3535@example.com,Delhi,Delhi,North
C03536,Pooja Sharma,pooja.sharma3536@example.com,Delhi,Delhi,North
C03537,Aarav Kumar,aarav.kumar3537@example.com,Hyderabad,Telangana,South
C03538,Isha Agarwal,isha.agarwal3538@example.com,Chennai,Tamil Nadu,South
C03539,Priya Kumar,priya.kumar3539@example.com,Kolkata,West Bengal,East
C03540,Aman Mishra,aman.mishra3540@example.com,Kochi,Kerala,South
C03541,Karan Agarwal,karan.agarwal3541@example.com,Kochi,Kerala,South
C03542,Aditya Agarwal,aditya.agarwal3542@example.com,Kolkata,West Bengal,East
C03543,Rohan Rajput,rohan.rajput3543@example.com,Mumbai,Maharashtra,West
C03544,Neha Patel,neha.patel3544@example.com,Mumbai,Maharashtra,West
C03545,Pooja Verma,pooja.verma3545@example.com,Kanpur,Uttar Pradesh,North
C03546,Rohan Mishra,rohan.mishra3546@example.com,Kanpur,Uttar Pradesh,North
C03547,Simran Rajput,simran.rajput3547@example.com,Surat,Gujarat,West
C03548,Riya Kumar,riya.kumar3548@example.com,Chennai,Tamil Nadu,South
C03549,Karan Singh,karan.singh3549@example.com,Lucknow,Uttar Pradesh,North
C03550,Aarav Rajput,aarav.rajput3550@example.com,Delhi,Delhi,North
C03551,Simran Kumar,simran.kumar3551@example.com,Delhi,Delhi,North
C03552,Aditi Mishra,aditi.mishra3552@example.com,Lucknow,Uttar Pradesh,North
C03553,Simran Rajput,simran.rajput3553@example.com,Delhi,Delhi,North
C03554,Rohan Yadav,rohan.yadav3554@example.com,Hyderabad,Telangana,South
C03555,Vikash Verma,vikash.verma3555@example.com,Ahmedabad,Gujarat,West
C03556,Sahil Verma,sahil.verma3556@example.com,Ahmedabad,Gujarat,West
C03557,Neha Gupta,neha.gupta3557@example.com,Jaipur,Rajasthan,North
C03558,Ankit Singh,ankit.singh3558@example.com,Chandigarh,Chandigarh,North
C03559,Aarav Agarwal,aarav.agarwal3559@example.com,Kanpur,Uttar Pradesh,North
C03560,Rahul Yadav,rahul.yadav3560@example.com,Kanpur,Uttar Pradesh,North
C03561,Rahul Kumar,rahul.kumar3561@example.com,Bengaluru,Karnataka,South
C03562,Ankit Kumar,ankit.kumar3562@example.com,Lucknow,Uttar Pradesh,North
C03563,Arjun Yadav,arjun.yadav3563@example.com,Hyderabad,Telangana,South
C03564,Karan Rajput,karan.rajput3564@example.com,Kanpur,Uttar Pradesh,North
C03565,Kavya Sharma,kavya.sharma3565@example.com,Kolkata,West Bengal,East
C03566,Arjun Yadav,arjun.yadav3566@example.com,Lucknow,Uttar Pradesh,North
C03567,Karan Rajput,karan.rajput3567@example.com,Kochi,Kerala,South
C03568,Priya Yadav,priya.yadav3568@example.com,Mumbai,Maharashtra,West
C03569,Vikash Gupta,vikash.gupta3569@example.com,Delhi,Delhi,North
C03570,Vikash Agarwal,vikash.agarwal3570@example.com,Jaipur,Rajasthan,North
C03571,Rahul Patel,rahul.patel3571@example.com,Hyderabad,Telangana,South
C03572,Kavya Agarwal,kavya.agarwal3572@example.com,Delhi,Delhi,North
C03573,Vikash Mishra,vikash.mishra3573@example.com,Surat,Gujarat,West
C03574,Rahul Verma,rahul.verma3574@example.com,Delhi,Delhi,North
C03575,Riya Sharma,riya.sharma3575@example.com,Chandigarh,Chandigarh,North
C03576,Karan Patel,karan.patel3576@example.com,Kanpur,Uttar Pradesh,North
C03577,Karan Sharma,karan.sharma3577@example.com,Chennai,Tamil Nadu,South
C03578,Rohan Verma,rohan.verma3578@example.com,Lucknow,Uttar Pradesh,North
C03579,Rohan Gupta,rohan.gupta3579@example.com,Surat,Gujarat,West
C03580,Kavya Verma,kavya.verma3580@example.com,Lucknow,Uttar Pradesh,North
C03581,Ananya Mishra,ananya.mishra3581@example.com,Bengaluru,Karnataka,South
C03582,Sneha Yadav,sneha.yadav3582@example.com,Kolkata,West Bengal,East
C03583,Isha Rajput,isha.rajput3583@example.com,Pune,Maharashtra,West
C03584,Ankit Kumar,ankit.kumar3584@example.com,Pune,Maharashtra,West
C03585,Ankit Rajput,ankit.rajput3585@example.com,Kanpur,Uttar Pradesh,North
C03586,Simran Agarwal,simran.agarwal3586@example.com,Bengaluru,Karnataka,South
C03587,Vikash Verma,vikash.verma3587@example.com,Patna,Bihar,East
C03588,Pooja Yadav,pooja.yadav3588@example.com,Kolkata,West Bengal,East
C03589,Aditi Gupta,aditi.gupta3589@example.com,Chennai,Tamil Nadu,South
C03590,Aditi Singh,aditi.singh3590@example.com,Kochi,Kerala,South
C03591,Pooja Verma,pooja.verma3591@example.com,Hyderabad,Telangana,South
C03592,Ananya Singh,ananya.singh3592@example.com,Bhubaneswar,Odisha,East
C03593,Vikash Sharma,vikash.sharma3593@example.com,Surat,Gujarat,West
C03594,Simran Rajput,simran.rajput3594@example.com,Bengaluru,Karnataka,South
C03595,Aditi Mishra,aditi.mishra3595@example.com,Hyderabad,Telangana,South
C03596,Neha Sharma,neha.sharma3596@example.com,Kanpur,Uttar Pradesh,North
C03597,Vikash Patel,vikash.patel3597@example.com,Kolkata,West Bengal,East
C03598,Vikash Patel,vikash.patel3598@example.com,Ahmedabad,Gujarat,West
C03599,Arjun Verma,arjun.verma3599@example.com,Hyderabad,Telangana,South
C03600,Ananya Kumar,ananya.kumar3600@example.com,Chennai,Tamil Nadu,South
C03601,Rahul Sharma,rahul.sharma3601@example.com,Chennai,Tamil Nadu,South
C03602,Aarav Patel,aarav.patel3602@example.com,Pune,Maharashtra,West
C03603,Sneha Agarwal,sneha.agarwal3603@example.com,Chennai,Tamil Nadu,South
C03604,Aman Mishra,aman.mishra3604@example.com,Lucknow,Uttar Pradesh,North
C03605,Neha Gupta,neha.gupta3605@example.com,Pune,Maharashtra,West
C03606,Isha Verma,isha.verma3606@example.com,Kanpur,Uttar Pradesh,North
C03607,Riya Gupta,riya.gupta3607@example.com,Lucknow,Uttar Pradesh,North
C03608,Simran Rajput,simran.rajput3608@example.com,Kolkata,West Bengal,East
C03609,Priya Patel,priya.patel3609@example.com,Pune,Maharashtra,West
C03610,Karan Sharma,karan.sharma3610@example.com,Patna,Bihar,East
C03611,Kavya Sharma,kavya.sharma3611@example.com,Surat,Gujarat,West
C03612,Pooja Singh,pooja.singh3612@example.com,Kanpur,Uttar Pradesh,North
C03613,Sneha Kumar,sneha.kumar3613@example.com,Chennai,Tamil Nadu,South
C03614,Simran Rajput,simran.rajput3614@example.com,Ahmedabad,Gujarat,West
C03615,Simran Sharma,simran.sharma3615@example.com,Bengaluru,Karnataka,South
C03616,Aarav Agarwal,aarav.agarwal3616@example.com,Delhi,Delhi,North
C03617,Sneha Gupta,sneha.gupta3617@example.com,Chandigarh,Chandigarh,North
C03618,Neha Sharma,neha.sharma3618@example.com,Jaipur,Rajasthan,North
C03619,Priya Sharma,priya.sharma3619@example.com,Lucknow,Uttar Pradesh,North
C03620,Kavya Singh,kavya.singh3620@example.com,Kolkata,West Bengal,East
C03621,Sahil Gupta,sahil.gupta3621@example.com,Chennai,Tamil Nadu,South
C03622,Ananya Rajput,ananya.rajput3622@example.com,Lucknow,Uttar Pradesh,North
C03623,Riya Patel,riya.patel3623@example.com,Patna,Bihar,East
C03624,Aditi Sharma,aditi.sharma3624@example.com,Kochi,Kerala,South
C03625,Sahil Yadav,sahil.yadav3625@example.com,Patna,Bihar,East
C03626,Rahul Patel,rahul.patel3626@example.com,Kanpur,Uttar Pradesh,North
C03627,Aarav Verma,aarav.verma3627@example.com,Jaipur,Rajasthan,North
C03628,Aarav Kumar,aarav.kumar3628@example.com,Kanpur,Uttar Pradesh,North
C03629,Priya Rajput,priya.rajput3629@example.com,Ahmedabad,Gujarat,West
C03630,Vikash Singh,vikash.singh3630@example.com,Pune,Maharashtra,West
C03631,Ananya Mishra,ananya.mishra3631@example.com,Delhi,Delhi,North
C03632,Aditya Gupta,aditya.gupta3632@example.com,Jaipur,Rajasthan,North
C03633,Rahul Sharma,rahul.sharma3633@example.com,Bengaluru,Karnataka,South
C03634,Arjun Gupta,arjun.gupta3634@example.com,Chennai,Tamil Nadu,South
C03635,Aditi Rajput,aditi.rajput3635@example.com,Surat,Gujarat,West
C03636,Vikash Kumar,vikash.kumar3636@example.com,Bhubaneswar,Odisha,East
C03637,Rahul Kumar,rahul.kumar3637@example.com,Chennai,Tamil Nadu,South
C03638,Rohan Agarwal,rohan.agarwal3638@example.com,Kolkata,West Bengal,East
C03639,Sneha Singh,sneha.singh3639@example.com,Ahmedabad,Gujarat,West
C03640,Simran Yadav,simran.yadav3640@example.com,Patna,Bihar,East
C03641,Ankit Patel,ankit.patel3641@example.com,Patna,Bihar,East
C03642,Aman Singh,aman.singh3642@example.com,Surat,Gujarat,West
C03643,Sahil Singh,sahil.singh3643@example.com,Hyderabad,Telangana,South
C03644,Riya Verma,riya.verma3644@example.com,Pune,Maharashtra,West
C03645,Arjun Singh,arjun.singh3645@example.com,Patna,Bihar,East
C03646,Aditya Verma,aditya.verma3646@example.com,Delhi,Delhi,North
C03647,Karan Yadav,karan.yadav3647@example.com,Kochi,Kerala,South
C03648,Karan Yadav,karan.yadav3648@example.com,Kanpur,Uttar Pradesh,North
C03649,Priya Verma,priya.verma3649@example.com,Chennai,Tamil Nadu,South
C03650,Sahil Yadav,sahil.yadav3650@example.com,Chandigarh,Chandigarh,North
C03651,Isha Singh,isha.singh3651@example.com,Chandigarh,Chandigarh,North
C03652,Aman Patel,aman.patel3652@example.com,Kochi,Kerala,South
C03653,Sneha Agarwal,sneha.agarwal3653@example.com,Pune,Maharashtra,West
C03654,Neha Verma,neha.verma3654@example.com,Lucknow,Uttar Pradesh,North
C03655,Ankit Rajput,ankit.rajput3655@example.com,Mumbai,Maharashtra,West
C03656,Sahil Agarwal,sahil.agarwal3656@example.com,Kanpur,Uttar Pradesh,North
C03657,Rohan Yadav,rohan.yadav3657@example.com,Kanpur,Uttar Pradesh,North
C03658,Rahul Verma,rahul.verma3658@example.com,Delhi,Delhi,North
C03659,Sneha Kumar,sneha.kumar3659@example.com,Surat,Gujarat,West
C03660,Aarav Yadav,aarav.yadav3660@example.com,Bhubaneswar,Odisha,East
C03661,Ananya Gupta,ananya.gupta3661@example.com,Kanpur,Uttar Pradesh,North
C03662,Riya Singh,riya.singh3662@example.com,Hyderabad,Telangana,South
C03663,Pooja Verma,pooja.verma3663@example.com,Chandigarh,Chandigarh,North
C03664,Neha Mishra,neha.mishra3664@example.com,Kolkata,West Bengal,East
C03665,Isha Patel,isha.patel3665@example.com,Jaipur,Rajasthan,North
C03666,Sneha Gupta,sneha.gupta3666@example.com,Hyderabad,Telangana,South
C03667,Rahul Sharma,rahul.sharma3667@example.com,Kochi,Kerala,South
C03668,Pooja Verma,pooja.verma3668@example.com,Bengaluru,Karnataka,South
C03669,Karan Rajput,karan.rajput3669@example.com,Mumbai,Maharashtra,West
C03670,Aditi Gupta,aditi.gupta3670@example.com,Patna,Bihar,East
C03671,Isha Rajput,isha.rajput3671@example.com,Kanpur,Uttar Pradesh,North
C03672,Aditya Verma,aditya.verma3672@example.com,Kanpur,Uttar Pradesh,North
C03673,Aman Singh,aman.singh3673@example.com,Jaipur,Rajasthan,North
C03674,Aditya Agarwal,aditya.agarwal3674@example.com,Surat,Gujarat,West
C03675,Aman Singh,aman.singh3675@example.com,Kanpur,Uttar Pradesh,North
C03676,Ankit Verma,ankit.verma3676@example.com,Kochi,Kerala,South
C03677,Neha Rajput,neha.rajput3677@example.com,Kanpur,Uttar Pradesh,North
C03678,Aman Gupta,aman.gupta3678@example.com,Patna,Bihar,East
C03679,Karan Kumar,karan.kumar3679@example.com,Pune,Maharashtra,West
C03680,Ananya Gupta,ananya.gupta3680@example.com,Bengaluru,Karnataka,South
C03681,Aarav Singh,aarav.singh3681@example.com,Mumbai,Maharashtra,West
C03682,Isha Agarwal,isha.agarwal3682@example.com,Patna,Bihar,East
C03683,Sahil Verma,sahil.verma3683@example.com,Mumbai,Maharashtra,West
C03684,Priya Singh,priya.singh3684@example.com,Mumbai,Maharashtra,West
C03685,Vikash Patel,vikash.patel3685@example.com,Bhubaneswar,Odisha,East
C03686,Rohan Sharma,rohan.sharma3686@example.com,Patna,Bihar,East
C03687,Pooja Patel,pooja.patel3687@example.com,Delhi,Delhi,North
C03688,Vikash Gupta,vikash.gupta3688@example.com,Lucknow,Uttar Pradesh,North
C03689,Vikash Sharma,vikash.sharma3689@example.com,Hyderabad,Telangana,South
C03690,Kavya Agarwal,kavya.agarwal3690@example.com,Delhi,Delhi,North
C03691,Kavya Verma,kavya.verma3691@example.com,Patna,Bihar,East
C03692,Rahul Sharma,rahul.sharma3692@example.com,Delhi,Delhi,North
C03693,Simran Gupta,simran.gupta3693@example.com,Ahmedabad,Gujarat,West
C03694,Isha Mishra,isha.mishra3694@example.com,Mumbai,Maharashtra,West
C03695,Rohan Singh,rohan.singh3695@example.com,Kanpur,Uttar Pradesh,North
C03696,Sahil Patel,sahil.patel3696@example.com,Bhubaneswar,Odisha,East
C03697,Kavya Patel,kavya.patel3697@example.com,Surat,Gujarat,West
C03698,Kavya Gupta,kavya.gupta3698@example.com,Hyderabad,Telangana,South
C03699,Sneha Sharma,sneha.sharma3699@example.com,Hyderabad,Telangana,South
C03700,Sahil Patel,sahil.patel3700@example.com,Patna,Bihar,East
C03701,Rahul Gupta,rahul.gupta3701@example.com,Delhi,Delhi,North
C03702,Rohan Rajput,rohan.rajput3702@example.com,Ahmedabad,Gujarat,West
C03703,Rohan Patel,rohan.patel3703@example.com,Patna,Bihar,East
C03704,Aarav Verma,aarav.verma3704@example.com,Kolkata,West Bengal,East
C03705,Ananya Verma,ananya.verma3705@example.com,Lucknow,Uttar Pradesh,North
C03706,Karan Rajput,karan.rajput3706@example.com,Kanpur,Uttar Pradesh,North
C03707,Ankit Mishra,ankit.mishra3707@example.com,Bhubaneswar,Odisha,East
C03708,Isha Kumar,isha.kumar3708@example.com,Surat,Gujarat,West
C03709,Ananya Patel,ananya.patel3709@example.com,Kochi,Kerala,South
C03710,Simran Rajput,simran.rajput3710@example.com,Surat,Gujarat,West
C03711,Sahil Verma,sahil.verma3711@example.com,Jaipur,Rajasthan,North
C03712,Simran Mishra,simran.mishra3712@example.com,Chennai,Tamil Nadu,South
C03713,Aditi Singh,aditi.singh3713@example.com,Kolkata,West Bengal,East
C03714,Sneha Agarwal,sneha.agarwal3714@example.com,Hyderabad,Telangana,South
C03715,Sahil Singh,sahil.singh3715@example.com,Delhi,Delhi,North
C03716,Kavya Kumar,kavya.kumar3716@example.com,Bhubaneswar,Odisha,East
C03717,Rohan Mishra,rohan.mishra3717@example.com,Bengaluru,Karnataka,South
C03718,Aditi Mishra,aditi.mishra3718@example.com,Mumbai,Maharashtra,West
C03719,Sahil Yadav,sahil.yadav3719@example.com,Bengaluru,Karnataka,South
C03720,Arjun Gupta,arjun.gupta3720@example.com,Delhi,Delhi,North
C03721,Sneha Sharma,sneha.sharma3721@example.com,Pune,Maharashtra,West
C03722,Sahil Agarwal,sahil.agarwal3722@example.com,Kanpur,Uttar Pradesh,North
C03723,Aditya Yadav,aditya.yadav3723@example.com,Bengaluru,Karnataka,South
C03724,Aarav Rajput,aarav.rajput3724@example.com,Hyderabad,Telangana,South
C03725,Aarav Sharma,aarav.sharma3725@example.com,Surat,Gujarat,West
C03726,Rohan Patel,rohan.patel3726@example.com,Bengaluru,Karnataka,South
C03727,Isha Mishra,isha.mishra3727@example.com,Chandigarh,Chandigarh,North
C03728,Arjun Gupta,arjun.gupta3728@example.com,Chandigarh,Chandigarh,North
C03729,Karan Rajput,karan.rajput3729@example.com,Lucknow,Uttar Pradesh,North
C03730,Sahil Verma,sahil.verma3730@example.com,Jaipur,Rajasthan,North
C03731,Kavya Patel,kavya.patel3731@example.com,Ahmedabad,Gujarat,West
C03732,Neha Rajput,neha.rajput3732@example.com,Kochi,Kerala,South
C03733,Rahul Gupta,rahul.gupta3733@example.com,Bengaluru,Karnataka,South
C03734,Aditi Gupta,aditi.gupta3734@example.com,Mumbai,Maharashtra,West
C03735,Simran Rajput,simran.rajput3735@example.com,Chennai,Tamil Nadu,South
C03736,Simran Kumar,simran.kumar3736@example.com,Pune,Maharashtra,West
C03737,Ankit Kumar,ankit.kumar3737@example.com,Kolkata,West Bengal,East
C03738,Riya Verma,riya.verma3738@example.com,Bengaluru,Karnataka,South
C03739,Sahil Singh,sahil.singh3739@example.com,Bengaluru,Karnataka,South
C03740,Simran Yadav,simran.yadav3740@example.com,Mumbai,Maharashtra,West
C03741,Neha Rajput,neha.rajput3741@example.com,Kanpur,Uttar Pradesh,North
C03742,Rohan Mishra,rohan.mishra3742@example.com,Bhubaneswar,Odisha,East
C03743,Priya Mishra,priya.mishra3743@example.com,Hyderabad,Telangana,South
C03744,Sneha Patel,sneha.patel3744@example.com,Kolkata,West Bengal,East
C03745,Sneha Rajput,sneha.rajput3745@example.com,Kolkata,West Bengal,East
C03746,Sneha Sharma,sneha.sharma3746@example.com,Delhi,Delhi,North
C03747,Pooja Singh,pooja.singh3747@example.com,Chandigarh,Chandigarh,North
C03748,Aditi Gupta,aditi.gupta3748@example.com,Ahmedabad,Gujarat,West
C03749,Simran Mishra,simran.mishra3749@example.com,Hyderabad,Telangana,South
C03750,Rohan Agarwal,rohan.agarwal3750@example.com,Bengaluru,Karnataka,South
C03751,Aditya Rajput,aditya.rajput3751@example.com,Chandigarh,Chandigarh,North
C03752,Neha Sharma,neha.sharma3752@example.com,Bhubaneswar,Odisha,East
C03753,Isha Yadav,isha.yadav3753@example.com,Jaipur,Rajasthan,North
C03754,Arjun Sharma,arjun.sharma3754@example.com,Surat,Gujarat,West
C03755,Rahul Patel,rahul.patel3755@example.com,Kanpur,Uttar Pradesh,North
C03756,Sahil Agarwal,sahil.agarwal3756@example.com,Patna,Bihar,East
C03757,Priya Sharma,priya.sharma3757@example.com,Kanpur,Uttar Pradesh,North
C03758,Simran Mishra,simran.mishra3758@example.com,Jaipur,Rajasthan,North
C03759,Karan Mishra,karan.mishra3759@example.com,Chandigarh,Chandigarh,North
C03760,Riya Yadav,riya.yadav3760@example.com,Chandigarh,Chandigarh,North
C03761,Aman Kumar,aman.kumar3761@example.com,Bengaluru,Karnataka,South
C03762,Sahil Sharma,sahil.sharma3762@example.com,Patna,Bihar,East
C03763,Aditi Verma,aditi.verma3763@example.com,Kanpur,Uttar Pradesh,North
C03764,Arjun Sharma,arjun.sharma3764@example.com,Chandigarh,Chandigarh,North
C03765,Aditi Singh,aditi.singh3765@example.com,Kanpur,Uttar Pradesh,North
C03766,Aman Verma,aman.verma3766@example.com,Kanpur,Uttar Pradesh,North
C03767,Kavya Sharma,kavya.sharma3767@example.com,Bhubaneswar,Odisha,East
C03768,Neha Sharma,neha.sharma3768@example.com,Kanpur,Uttar Pradesh,North
C03769,Sahil Rajput,sahil.rajput3769@example.com,Patna,Bihar,East
C03770,Vikash Verma,vikash.verma3770@example.com,Surat,Gujarat,West
C03771,Aditi Yadav,aditi.yadav3771@example.com,Kanpur,Uttar Pradesh,North
C03772,Pooja Kumar,pooja.kumar3772@example.com,Delhi,Delhi,North
C03773,Vikash Kumar,vikash.kumar3773@example.com,Ahmedabad,Gujarat,West
C03774,Vikash Mishra,vikash.mishra3774@example.com,Pune,Maharashtra,West
C03775,Kavya Yadav,kavya.yadav3775@example.com,Bengaluru,Karnataka,South
C03776,Sahil Singh,sahil.singh3776@example.com,Patna,Bihar,East
C03777,Ananya Gupta,ananya.gupta3777@example.com,Kochi,Kerala,South
C03778,Neha Singh,neha.singh3778@example.com,Bhubaneswar,Odisha,East
C03779,Pooja Rajput,pooja.rajput3779@example.com,Chandigarh,Chandigarh,North
C03780,Aarav Gupta,aarav.gupta3780@example.com,Bhubaneswar,Odisha,East
C03781,Rahul Agarwal,rahul.agarwal3781@example.com,Kochi,Kerala,South
C03782,Aarav Agarwal,aarav.agarwal3782@example.com,Bengaluru,Karnataka,South
C03783,Aditya Agarwal,aditya.agarwal3783@example.com,Bhubaneswar,Odisha,East
C03784,Aditya Patel,aditya.patel3784@example.com,Chandigarh,Chandigarh,North
C03785,Sneha Yadav,sneha.yadav3785@example.com,Surat,Gujarat,West
C03786,Aarav Kumar,aarav.kumar3786@example.com,Hyderabad,Telangana,South
C03787,Isha Mishra,isha.mishra3787@example.com,Pune,Maharashtra,West
C03788,Ananya Mishra,ananya.mishra3788@example.com,Kochi,Kerala,South
C03789,Isha Singh,isha.singh3789@example.com,Mumbai,Maharashtra,West
C03790,Rohan Patel,rohan.patel3790@example.com,Chennai,Tamil Nadu,South
C03791,Sneha Kumar,sneha.kumar3791@example.com,Surat,Gujarat,West
C03792,Sahil Rajput,sahil.rajput3792@example.com,Lucknow,Uttar Pradesh,North
C03793,Kavya Rajput,kavya.rajput3793@example.com,Patna,Bihar,East
C03794,Aditi Kumar,aditi.kumar3794@example.com,Surat,Gujarat,West
C03795,Rohan Patel,rohan.patel3795@example.com,Hyderabad,Telangana,South
C03796,Simran Agarwal,simran.agarwal3796@example.com,Kochi,Kerala,South
C03797,Arjun Sharma,arjun.sharma3797@example.com,Delhi,Delhi,North
C03798,Vikash Verma,vikash.verma3798@example.com,Kanpur,Uttar Pradesh,North
C03799,Rahul Yadav,rahul.yadav3799@example.com,Patna,Bihar,East
C03800,Priya Verma,priya.verma3800@example.com,Ahmedabad,Gujarat,West
C03801,Rahul Kumar,rahul.kumar3801@example.com,Kochi,Kerala,South
C03802,Pooja Singh,pooja.singh3802@example.com,Jaipur,Rajasthan,North
C03803,Aditi Gupta,aditi.gupta3803@example.com,Kanpur,Uttar Pradesh,North
C03804,Aditya Singh,aditya.singh3804@example.com,Bhubaneswar,Odisha,East
C03805,Ananya Agarwal,ananya.agarwal3805@example.com,Delhi,Delhi,North
C03806,Vikash Patel,vikash.patel3806@example.com,Kanpur,Uttar Pradesh,North
C03807,Sneha Rajput,sneha.rajput3807@example.com,Chandigarh,Chandigarh,North
C03808,Simran Mishra,simran.mishra3808@example.com,Pune,Maharashtra,West
C03809,Karan Gupta,karan.gupta3809@example.com,Patna,Bihar,East
C03810,Sneha Gupta,sneha.gupta3810@example.com,Ahmedabad,Gujarat,West
C03811,Karan Kumar,karan.kumar3811@example.com,Kolkata,West Bengal,East
C03812,Isha Verma,isha.verma3812@example.com,Lucknow,Uttar Pradesh,North
C03813,Simran Sharma,simran.sharma3813@example.com,Kanpur,Uttar Pradesh,North
C03814,Karan Sharma,karan.sharma3814@example.com,Chandigarh,Chandigarh,North
C03815,Aarav Patel,aarav.patel3815@example.com,Kolkata,West Bengal,East
C03816,Simran Mishra,simran.mishra3816@example.com,Lucknow,Uttar Pradesh,North
C03817,Priya Kumar,priya.kumar3817@example.com,Patna,Bihar,East
C03818,Karan Verma,karan.verma3818@example.com,Patna,Bihar,East
C03819,Isha Patel,isha.patel3819@example.com,Hyderabad,Telangana,South
C03820,Aditi Mishra,aditi.mishra3820@example.com,Chandigarh,Chandigarh,North
C03821,Arjun Yadav,arjun.yadav3821@example.com,Kolkata,West Bengal,East
C03822,Neha Singh,neha.singh3822@example.com,Lucknow,Uttar Pradesh,North
C03823,Rohan Mishra,rohan.mishra3823@example.com,Bengaluru,Karnataka,South
C03824,Rahul Singh,rahul.singh3824@example.com,Patna,Bihar,East
C03825,Aman Sharma,aman.sharma3825@example.com,Chennai,Tamil Nadu,South
C03826,Aarav Verma,aarav.verma3826@example.com,Bengaluru,Karnataka,South
C03827,Ankit Rajput,ankit.rajput3827@example.com,Hyderabad,Telangana,South
C03828,Arjun Kumar,arjun.kumar3828@example.com,Bengaluru,Karnataka,South
C03829,Arjun Mishra,arjun.mishra3829@example.com,Ahmedabad,Gujarat,West
C03830,Isha Agarwal,isha.agarwal3830@example.com,Bengaluru,Karnataka,South
C03831,Neha Agarwal,neha.agarwal3831@example.com,Jaipur,Rajasthan,North
C03832,Riya Singh,riya.singh3832@example.com,Patna,Bihar,East
C03833,Ankit Sharma,ankit.sharma3833@example.com,Jaipur,Rajasthan,North
C03834,Priya Rajput,priya.rajput3834@example.com,Surat,Gujarat,West
C03835,Karan Patel,karan.patel3835@example.com,Jaipur,Rajasthan,North
C03836,Rohan Verma,rohan.verma3836@example.com,Chennai,Tamil Nadu,South
C03837,Aditya Verma,aditya.verma3837@example.com,Patna,Bihar,East
C03838,Arjun Agarwal,arjun.agarwal3838@example.com,Jaipur,Rajasthan,North
C03839,Ananya Singh,ananya.singh3839@example.com,Kolkata,West Bengal,East
C03840,Aditi Agarwal,aditi.agarwal3840@example.com,Lucknow,Uttar Pradesh,North
C03841,Riya Yadav,riya.yadav3841@example.com,Chandigarh,Chandigarh,North
C03842,Ankit Sharma,ankit.sharma3842@example.com,Kanpur,Uttar Pradesh,North
C03843,Aditya Yadav,aditya.yadav3843@example.com,Ahmedabad,Gujarat,West
C03844,Ananya Rajput,ananya.rajput3844@example.com,Patna,Bihar,East
C03845,Sahil Verma,sahil.verma3845@example.com,Delhi,Delhi,North
C03846,Aditya Sharma,aditya.sharma3846@example.com,Pune,Maharashtra,West
C03847,Riya Agarwal,riya.agarwal3847@example.com,Kochi,Kerala,South
C03848,Aarav Mishra,aarav.mishra3848@example.com,Patna,Bihar,East
C03849,Aditya Rajput,aditya.rajput3849@example.com,Kochi,Kerala,South
C03850,Rohan Rajput,rohan.rajput3850@example.com,Kolkata,West Bengal,East
C03851,Riya Kumar,riya.kumar3851@example.com,Kanpur,Uttar Pradesh,North
C03852,Sneha Singh,sneha.singh3852@example.com,Hyderabad,Telangana,South
C03853,Ananya Verma,ananya.verma3853@example.com,Chennai,Tamil Nadu,South
C03854,Pooja Sharma,pooja.sharma3854@example.com,Ahmedabad,Gujarat,West
C03855,Aman Singh,aman.singh3855@example.com,Delhi,Delhi,North
C03856,Aman Rajput,aman.rajput3856@example.com,Jaipur,Rajasthan,North
C03857,Aarav Verma,aarav.verma3857@example.com,Jaipur,Rajasthan,North
C03858,Arjun Sharma,arjun.sharma3858@example.com,Chandigarh,Chandigarh,North
C03859,Sneha Kumar,sneha.kumar3859@example.com,Bengaluru,Karnataka,South
C03860,Aditya Patel,aditya.patel3860@example.com,Hyderabad,Telangana,South
C03861,Aditi Verma,aditi.verma3861@example.com,Bengaluru,Karnataka,South
C03862,Rohan Agarwal,rohan.agarwal3862@example.com,Kochi,Kerala,South
C03863,Kavya Singh,kavya.singh3863@example.com,Lucknow,Uttar Pradesh,North
C03864,Arjun Gupta,arjun.gupta3864@example.com,Pune,Maharashtra,West
C03865,Kavya Patel,kavya.patel3865@example.com,Ahmedabad,Gujarat,West
C03866,Sneha Gupta,sneha.gupta3866@example.com,Hyderabad,Telangana,South
C03867,Riya Gupta,riya.gupta3867@example.com,Ahmedabad,Gujarat,West
C03868,Isha Gupta,isha.gupta3868@example.com,Chennai,Tamil Nadu,South
C03869,Riya Mishra,riya.mishra3869@example.com,Kanpur,Uttar Pradesh,North
C03870,Aditya Patel,aditya.patel3870@example.com,Kolkata,West Bengal,East
C03871,Aditi Yadav,aditi.yadav3871@example.com,Surat,Gujarat,West
C03872,Arjun Verma,arjun.verma3872@example.com,Chandigarh,Chandigarh,North
C03873,Isha Verma,isha.verma3873@example.com,Bengaluru,Karnataka,South
C03874,Riya Verma,riya.verma3874@example.com,Kanpur,Uttar Pradesh,North
C03875,Ananya Kumar,ananya.kumar3875@example.com,Jaipur,Rajasthan,North
C03876,Aman Yadav,aman.yadav3876@example.com,Bhubaneswar,Odisha,East
C03877,Rahul Sharma,rahul.sharma3877@example.com,Patna,Bihar,East
C03878,Aditya Gupta,aditya.gupta3878@example.com,Surat,Gujarat,West
C03879,Simran Rajput,simran.rajput3879@example.com,Bengaluru,Karnataka,South
C03880,Arjun Sharma,arjun.sharma3880@example.com,Surat,Gujarat,West
C03881,Aditi Rajput,aditi.rajput3881@example.com,Patna,Bihar,East
C03882,Aarav Rajput,aarav.rajput3882@example.com,Kochi,Kerala,South
C03883,Sneha Sharma,sneha.sharma3883@example.com,Ahmedabad,Gujarat,West
C03884,Karan Rajput,karan.rajput3884@example.com,Mumbai,Maharashtra,West
C03885,Pooja Mishra,pooja.mishra3885@example.com,Jaipur,Rajasthan,North
C03886,Sahil Sharma,sahil.sharma3886@example.com,Hyderabad,Telangana,South
C03887,Aarav Agarwal,aarav.agarwal3887@example.com,Chennai,Tamil Nadu,South
C03888,Ankit Agarwal,ankit.agarwal3888@example.com,Pune,Maharashtra,West
C03889,Aarav Patel,aarav.patel3889@example.com,Kolkata,West Bengal,East
C03890,Pooja Sharma,pooja.sharma3890@example.com,Kanpur,Uttar Pradesh,North
C03891,Riya Rajput,riya.rajput3891@example.com,Bengaluru,Karnataka,South
C03892,Riya Yadav,riya.yadav3892@example.com,Kolkata,West Bengal,East
C03893,Simran Agarwal,simran.agarwal3893@example.com,Surat,Gujarat,West
C03894,Vikash Rajput,vikash.rajput3894@example.com,Bhubaneswar,Odisha,East
C03895,Aman Kumar,aman.kumar3895@example.com,Delhi,Delhi,North
C03896,Ankit Gupta,ankit.gupta3896@example.com,Lucknow,Uttar Pradesh,North
C03897,Aman Mishra,aman.mishra3897@example.com,Bengaluru,Karnataka,South
C03898,Priya Agarwal,priya.agarwal3898@example.com,Kochi,Kerala,South
C03899,Aditya Agarwal,aditya.agarwal3899@example.com,Surat,Gujarat,West
C03900,Ananya Gupta,ananya.gupta3900@example.com,Surat,Gujarat,West
C03901,Aditi Sharma,aditi.sharma3901@example.com,Kanpur,Uttar Pradesh,North
C03902,Sahil Agarwal,sahil.agarwal3902@example.com,Chennai,Tamil Nadu,South
C03903,Ankit Kumar,ankit.kumar3903@example.com,Bhubaneswar,Odisha,East
C03904,Sneha Sharma,sneha.sharma3904@example.com,Bhubaneswar,Odisha,East
C03905,Aarav Yadav,aarav.yadav3905@example.com,Jaipur,Rajasthan,North
C03906,Ananya Yadav,ananya.yadav3906@example.com,Pune,Maharashtra,West
C03907,Pooja Sharma,pooja.sharma3907@example.com,Lucknow,Uttar Pradesh,North
C03908,Ankit Agarwal,ankit.agarwal3908@example.com,Chennai,Tamil Nadu,South
C03909,Arjun Yadav,arjun.yadav3909@example.com,Mumbai,Maharashtra,West
C03910,Ankit Gupta,ankit.gupta3910@example.com,Surat,Gujarat,West
C03911,Kavya Kumar,kavya.kumar3911@example.com,Ahmedabad,Gujarat,West
C03912,Vikash Kumar,vikash.kumar3912@example.com,Jaipur,Rajasthan,North
C03913,Aman Singh,aman.singh3913@example.com,Jaipur,Rajasthan,North
C03914,Vikash Mishra,vikash.mishra3914@example.com,Bhubaneswar,Odisha,East
C03915,Simran Patel,simran.patel3915@example.com,Jaipur,Rajasthan,North
C03916,Riya Verma,riya.verma3916@example.com,Jaipur,Rajasthan,North
C03917,Ankit Gupta,ankit.gupta3917@example.com,Delhi,Delhi,North
C03918,Ananya Mishra,ananya.mishra3918@example.com,Jaipur,Rajasthan,North
C03919,Aditi Verma,aditi.verma3919@example.com,Hyderabad,Telangana,South
C03920,Rahul Singh,rahul.singh3920@example.com,Bhubaneswar,Odisha,East
C03921,Rahul Mishra,rahul.mishra3921@example.com,Lucknow,Uttar Pradesh,North
C03922,Aman Verma,aman.verma3922@example.com,Chennai,Tamil Nadu,South
C03923,Simran Patel,simran.patel3923@example.com,Kolkata,West Bengal,East
C03924,Arjun Rajput,arjun.rajput3924@example.com,Bengaluru,Karnataka,South
C03925,Rohan Sharma,rohan.sharma3925@example.com,Chennai,Tamil Nadu,South
C03926,Aditi Patel,aditi.patel3926@example.com,Chennai,Tamil Nadu,South
C03927,Pooja Patel,pooja.patel3927@example.com,Patna,Bihar,East
C03928,Sahil Agarwal,sahil.agarwal3928@example.com,Delhi,Delhi,North
C03929,Vikash Patel,vikash.patel3929@example.com,Jaipur,Rajasthan,North
C03930,Sahil Kumar,sahil.kumar3930@example.com,Delhi,Delhi,North
C03931,Rahul Agarwal,rahul.agarwal3931@example.com,Pune,Maharashtra,West
C03932,Priya Mishra,priya.mishra3932@example.com,Hyderabad,Telangana,South
C03933,Karan Rajput,karan.rajput3933@example.com,Jaipur,Rajasthan,North
C03934,Rohan Rajput,rohan.rajput3934@example.com,Lucknow,Uttar Pradesh,North
C03935,Arjun Verma,arjun.verma3935@example.com,Kolkata,West Bengal,East
C03936,Riya Singh,riya.singh3936@example.com,Jaipur,Rajasthan,North
C03937,Aditi Yadav,aditi.yadav3937@example.com,Bhubaneswar,Odisha,East
C03938,Priya Gupta,priya.gupta3938@example.com,Pune,Maharashtra,West
C03939,Simran Gupta,simran.gupta3939@example.com,Ahmedabad,Gujarat,West
C03940,Priya Verma,priya.verma3940@example.com,Hyderabad,Telangana,South
C03941,Aman Yadav,aman.yadav3941@example.com,Chennai,Tamil Nadu,South
C03942,Rahul Verma,rahul.verma3942@example.com,Bhubaneswar,Odisha,East
C03943,Pooja Patel,pooja.patel3943@example.com,Lucknow,Uttar Pradesh,North
C03944,Ananya Mishra,ananya.mishra3944@example.com,Lucknow,Uttar Pradesh,North
C03945,Ananya Yadav,ananya.yadav3945@example.com,Ahmedabad,Gujarat,West
C03946,Sneha Rajput,sneha.rajput3946@example.com,Ahmedabad,Gujarat,West
C03947,Simran Kumar,simran.kumar3947@example.com,Ahmedabad,Gujarat,West
C03948,Pooja Agarwal,pooja.agarwal3948@example.com,Chandigarh,Chandigarh,North
C03949,Aditi Gupta,aditi.gupta3949@example.com,Bengaluru,Karnataka,South
C03950,Priya Patel,priya.patel3950@example.com,Kanpur,Uttar Pradesh,North
C03951,Arjun Rajput,arjun.rajput3951@example.com,Kolkata,West Bengal,East
C03952,Isha Kumar,isha.kumar3952@example.com,Patna,Bihar,East
C03953,Karan Kumar,karan.kumar3953@example.com,Bhubaneswar,Odisha,East
C03954,Aarav Kumar,aarav.kumar3954@example.com,Kanpur,Uttar Pradesh,North
C03955,Pooja Gupta,pooja.gupta3955@example.com,Patna,Bihar,East
C03956,Rahul Kumar,rahul.kumar3956@example.com,Jaipur,Rajasthan,North
C03957,Pooja Sharma,pooja.sharma3957@example.com,Mumbai,Maharashtra,West
C03958,Arjun Kumar,arjun.kumar3958@example.com,Kochi,Kerala,South
C03959,Pooja Patel,pooja.patel3959@example.com,Chandigarh,Chandigarh,North
C03960,Neha Mishra,neha.mishra3960@example.com,Ahmedabad,Gujarat,West
C03961,Sahil Singh,sahil.singh3961@example.com,Chennai,Tamil Nadu,South
C03962,Priya Agarwal,priya.agarwal3962@example.com,Kanpur,Uttar Pradesh,North
C03963,Aditya Singh,aditya.singh3963@example.com,Hyderabad,Telangana,South
C03964,Sneha Rajput,sneha.rajput3964@example.com,Bhubaneswar,Odisha,East
C03965,Pooja Gupta,pooja.gupta3965@example.com,Patna,Bihar,East
C03966,Rohan Kumar,rohan.kumar3966@example.com,Lucknow,Uttar Pradesh,North
C03967,Rohan Sharma,rohan.sharma3967@example.com,Hyderabad,Telangana,South
C03968,Sneha Rajput,sneha.rajput3968@example.com,Chennai,Tamil Nadu,South
C03969,Sneha Kumar,sneha.kumar3969@example.com,Surat,Gujarat,West
C03970,Rahul Verma,rahul.verma3970@example.com,Bengaluru,Karnataka,South
C03971,Kavya Patel,kavya.patel3971@example.com,Jaipur,Rajasthan,North
C03972,Simran Mishra,simran.mishra3972@example.com,Kolkata,West Bengal,East
C03973,Sahil Patel,sahil.patel3973@example.com,Kochi,Kerala,South
C03974,Priya Kumar,priya.kumar3974@example.com,Chandigarh,Chandigarh,North
C03975,Aditya Verma,aditya.verma3975@example.com,Kolkata,West Bengal,East
C03976,Isha Gupta,isha.gupta3976@example.com,Chennai,Tamil Nadu,South
C03977,Rahul Patel,rahul.patel3977@example.com,Bengaluru,Karnataka,South
C03978,Vikash Singh,vikash.singh3978@example.com,Bengaluru,Karnataka,South
C03979,Ankit Yadav,ankit.yadav3979@example.com,Bhubaneswar,Odisha,East
C03980,Aman Kumar,aman.kumar3980@example.com,Bengaluru,Karnataka,South
C03981,Ankit Agarwal,ankit.agarwal3981@example.com,Kanpur,Uttar Pradesh,North
C03982,Aman Gupta,aman.gupta3982@example.com,Chandigarh,Chandigarh,North
C03983,Rahul Verma,rahul.verma3983@example.com,Mumbai,Maharashtra,West
C03984,Aarav Agarwal,aarav.agarwal3984@example.com,Jaipur,Rajasthan,North
C03985,Riya Mishra,riya.mishra3985@example.com,Pune,Maharashtra,West
C03986,Aarav Yadav,aarav.yadav3986@example.com,Delhi,Delhi,North
C03987,Ananya Verma,ananya.verma3987@example.com,Bengaluru,Karnataka,South
C03988,Simran Rajput,simran.rajput3988@example.com,Bhubaneswar,Odisha,East
C03989,Isha Kumar,isha.kumar3989@example.com,Bhubaneswar,Odisha,East
C03990,Sahil Singh,sahil.singh3990@example.com,Kanpur,Uttar Pradesh,North
C03991,Sneha Rajput,sneha.rajput3991@example.com,Patna,Bihar,East
C03992,Ankit Singh,ankit.singh3992@example.com,Chandigarh,Chandigarh,North
C03993,Ankit Singh,ankit.singh3993@example.com,Hyderabad,Telangana,South
C03994,Arjun Verma,arjun.verma3994@example.com,Lucknow,Uttar Pradesh,North
C03995,Priya Kumar,priya.kumar3995@example.com,Chennai,Tamil Nadu,South
C03996,Ankit Yadav,ankit.yadav3996@example.com,Lucknow,Uttar Pradesh,North
C03997,Priya Sharma,priya.sharma3997@example.com,Kolkata,West Bengal,East
C03998,Rahul Mishra,rahul.mishra3998@example.com,Chennai,Tamil Nadu,South
C03999,Karan Mishra,karan.mishra3999@example.com,Jaipur,Rajasthan,North
C04000,Aarav Verma,aarav.verma4000@example.com,Chandigarh,Chandigarh,North
C04001,Simran Rajput,simran.rajput4001@example.com,Ahmedabad,Gujarat,West
C04002,Karan Gupta,karan.gupta4002@example.com,Patna,Bihar,East
C04003,Rohan Yadav,rohan.yadav4003@example.com,Mumbai,Maharashtra,West
C04004,Kavya Gupta,kavya.gupta4004@example.com,Chandigarh,Chandigarh,North
C04005,Karan Singh,karan.singh4005@example.com,Pune,Maharashtra,West
C04006,Aarav Rajput,aarav.rajput4006@example.com,Lucknow,Uttar Pradesh,North
C04007,Kavya Mishra,kavya.mishra4007@example.com,Pune,Maharashtra,West
C04008,Vikash Sharma,vikash.sharma4008@example.com,Kolkata,West Bengal,East
C04009,Ankit Agarwal,ankit.agarwal4009@example.com,Kochi,Kerala,South
C04010,Simran Verma,simran.verma4010@example.com,Hyderabad,Telangana,South
C04011,Kavya Mishra,kavya.mishra4011@example.com,Mumbai,Maharashtra,West
C04012,Sahil Verma,sahil.verma4012@example.com,Bengaluru,Karnataka,South
C04013,Kavya Yadav,kavya.yadav4013@example.com,Kochi,Kerala,South
C04014,Aditi Patel,aditi.patel4014@example.com,Patna,Bihar,East
C04015,Sahil Singh,sahil.singh4015@example.com,Ahmedabad,Gujarat,West
C04016,Rahul Gupta,rahul.gupta4016@example.com,Kolkata,West Bengal,East
C04017,Sneha Patel,sneha.patel4017@example.com,Ahmedabad,Gujarat,West
C04018,Pooja Singh,pooja.singh4018@example.com,Mumbai,Maharashtra,West
C04019,Sneha Patel,sneha.patel4019@example.com,Kanpur,Uttar Pradesh,North
C04020,Ananya Rajput,ananya.rajput4020@example.com,Chandigarh,Chandigarh,North
C04021,Kavya Yadav,kavya.yadav4021@example.com,Kolkata,West Bengal,East
C04022,Aman Sharma,aman.sharma4022@example.com,Bengaluru,Karnataka,South
C04023,Ankit Mishra,ankit.mishra4023@example.com,Pune,Maharashtra,West
C04024,Pooja Sharma,pooja.sharma4024@example.com,Chennai,Tamil Nadu,South
C04025,Ankit Patel,ankit.patel4025@example.com,Kolkata,West Bengal,East
C04026,Neha Yadav,neha.yadav4026@example.com,Kolkata,West Bengal,East
C04027,Neha Gupta,neha.gupta4027@example.com,Jaipur,Rajasthan,North
C04028,Ankit Yadav,ankit.yadav4028@example.com,Ahmedabad,Gujarat,West
C04029,Priya Sharma,priya.sharma4029@example.com,Bengaluru,Karnataka,South
C04030,Sneha Rajput,sneha.rajput4030@example.com,Ahmedabad,Gujarat,West
C04031,Simran Kumar,simran.kumar4031@example.com,Pune,Maharashtra,West
C04032,Rahul Agarwal,rahul.agarwal4032@example.com,Chennai,Tamil Nadu,South
C04033,Rohan Agarwal,rohan.agarwal4033@example.com,Delhi,Delhi,North
C04034,Aarav Rajput,aarav.rajput4034@example.com,Lucknow,Uttar Pradesh,North
C04035,Priya Patel,priya.patel4035@example.com,Lucknow,Uttar Pradesh,North
C04036,Aditya Mishra,aditya.mishra4036@example.com,Pune,Maharashtra,West
C04037,Ananya Mishra,ananya.mishra4037@example.com,Pune,Maharashtra,West
C04038,Vikash Mishra,vikash.mishra4038@example.com,Kochi,Kerala,South
C04039,Aman Gupta,aman.gupta4039@example.com,Mumbai,Maharashtra,West
C04040,Ananya Patel,ananya.patel4040@example.com,Kolkata,West Bengal,East
C04041,Karan Mishra,karan.mishra4041@example.com,Ahmedabad,Gujarat,West
C04042,Aarav Sharma,aarav.sharma4042@example.com,Delhi,Delhi,North
C04043,Isha Singh,isha.singh4043@example.com,Kochi,Kerala,South
C04044,Kavya Sharma,kavya.sharma4044@example.com,Mumbai,Maharashtra,West
C04045,Sahil Gupta,sahil.gupta4045@example.com,Delhi,Delhi,North
C04046,Aman Verma,aman.verma4046@example.com,Jaipur,Rajasthan,North
C04047,Ankit Singh,ankit.singh4047@example.com,Kochi,Kerala,South
C04048,Neha Kumar,neha.kumar4048@example.com,Surat,Gujarat,West
C04049,Arjun Singh,arjun.singh4049@example.com,Lucknow,Uttar Pradesh,North
C04050,Isha Rajput,isha.rajput4050@example.com,Delhi,Delhi,North
C04051,Aarav Mishra,aarav.mishra4051@example.com,Chandigarh,Chandigarh,North
C04052,Rahul Agarwal,rahul.agarwal4052@example.com,Kochi,Kerala,South
C04053,Karan Agarwal,karan.agarwal4053@example.com,Bengaluru,Karnataka,South
C04054,Priya Rajput,priya.rajput4054@example.com,Delhi,Delhi,North
C04055,Sahil Gupta,sahil.gupta4055@example.com,Bhubaneswar,Odisha,East
C04056,Karan Singh,karan.singh4056@example.com,Surat,Gujarat,West
C04057,Simran Yadav,simran.yadav4057@example.com,Kochi,Kerala,South
C04058,Sahil Rajput,sahil.rajput4058@example.com,Lucknow,Uttar Pradesh,North
C04059,Aman Rajput,aman.rajput4059@example.com,Surat,Gujarat,West
C04060,Kavya Gupta,kavya.gupta4060@example.com,Ahmedabad,Gujarat,West
C04061,Neha Sharma,neha.sharma4061@example.com,Patna,Bihar,East
C04062,Neha Patel,neha.patel4062@example.com,Kanpur,Uttar Pradesh,North
C04063,Sneha Verma,sneha.verma4063@example.com,Delhi,Delhi,North
C04064,Neha Verma,neha.verma4064@example.com,Bhubaneswar,Odisha,East
C04065,Ananya Yadav,ananya.yadav4065@example.com,Kanpur,Uttar Pradesh,North
C04066,Sahil Patel,sahil.patel4066@example.com,Chandigarh,Chandigarh,North
C04067,Arjun Singh,arjun.singh4067@example.com,Mumbai,Maharashtra,West
C04068,Karan Yadav,karan.yadav4068@example.com,Ahmedabad,Gujarat,West
C04069,Arjun Kumar,arjun.kumar4069@example.com,Kochi,Kerala,South
C04070,Aditi Yadav,aditi.yadav4070@example.com,Ahmedabad,Gujarat,West
C04071,Aditya Yadav,aditya.yadav4071@example.com,Surat,Gujarat,West
C04072,Pooja Gupta,pooja.gupta4072@example.com,Chennai,Tamil Nadu,South
C04073,Rohan Sharma,rohan.sharma4073@example.com,Chennai,Tamil Nadu,South
C04074,Simran Agarwal,simran.agarwal4074@example.com,Kolkata,West Bengal,East
C04075,Aarav Gupta,aarav.gupta4075@example.com,Pune,Maharashtra,West
C04076,Riya Yadav,riya.yadav4076@example.com,Patna,Bihar,East
C04077,Priya Verma,priya.verma4077@example.com,Chennai,Tamil Nadu,South
C04078,Sneha Yadav,sneha.yadav4078@example.com,Lucknow,Uttar Pradesh,North
C04079,Rahul Rajput,rahul.rajput4079@example.com,Lucknow,Uttar Pradesh,North
C04080,Neha Kumar,neha.kumar4080@example.com,Delhi,Delhi,North
C04081,Vikash Mishra,vikash.mishra4081@example.com,Kanpur,Uttar Pradesh,North
C04082,Vikash Verma,vikash.verma4082@example.com,Bhubaneswar,Odisha,East
C04083,Rahul Sharma,rahul.sharma4083@example.com,Kolkata,West Bengal,East
C04084,Kavya Kumar,kavya.kumar4084@example.com,Patna,Bihar,East
C04085,Rohan Mishra,rohan.mishra4085@example.com,Kolkata,West Bengal,East
C04086,Neha Sharma,neha.sharma4086@example.com,Bengaluru,Karnataka,South
C04087,Rahul Rajput,rahul.rajput4087@example.com,Bengaluru,Karnataka,South
C04088,Ankit Mishra,ankit.mishra4088@example.com,Chennai,Tamil Nadu,South
C04089,Aditi Patel,aditi.patel4089@example.com,Mumbai,Maharashtra,West
C04090,Rohan Gupta,rohan.gupta4090@example.com,Pune,Maharashtra,West
C04091,Aditi Patel,aditi.patel4091@example.com,Surat,Gujarat,West
C04092,Kavya Yadav,kavya.yadav4092@example.com,Pune,Maharashtra,West
C04093,Priya Kumar,priya.kumar4093@example.com,Mumbai,Maharashtra,West
C04094,Isha Yadav,isha.yadav4094@example.com,Delhi,Delhi,North
C04095,Priya Rajput,priya.rajput4095@example.com,Mumbai,Maharashtra,West
C04096,Rohan Yadav,rohan.yadav4096@example.com,Lucknow,Uttar Pradesh,North
C04097,Aarav Gupta,aarav.gupta4097@example.com,Pune,Maharashtra,West
C04098,Karan Singh,karan.singh4098@example.com,Bhubaneswar,Odisha,East
C04099,Priya Singh,priya.singh4099@example.com,Jaipur,Rajasthan,North
C04100,Aditi Yadav,aditi.yadav4100@example.com,Mumbai,Maharashtra,West
C04101,Arjun Patel,arjun.patel4101@example.com,Ahmedabad,Gujarat,West
C04102,Ananya Sharma,ananya.sharma4102@example.com,Pune,Maharashtra,West
C04103,Ankit Gupta,ankit.gupta4103@example.com,Kolkata,West Bengal,East
C04104,Simran Gupta,simran.gupta4104@example.com,Hyderabad,Telangana,South
C04105,Aditi Rajput,aditi.rajput4105@example.com,Surat,Gujarat,West
C04106,Riya Mishra,riya.mishra4106@example.com,Pune,Maharashtra,West
C04107,Arjun Agarwal,arjun.agarwal4107@example.com,Chandigarh,Chandigarh,North
C04108,Rahul Verma,rahul.verma4108@example.com,Surat,Gujarat,West
C04109,Vikash Gupta,vikash.gupta4109@example.com,Kanpur,Uttar Pradesh,North
C04110,Rohan Mishra,rohan.mishra4110@example.com,Kochi,Kerala,South
C04111,Priya Agarwal,priya.agarwal4111@example.com,Surat,Gujarat,West
C04112,Aditi Yadav,aditi.yadav4112@example.com,Pune,Maharashtra,West
C04113,Vikash Sharma,vikash.sharma4113@example.com,Ahmedabad,Gujarat,West
C04114,Karan Singh,karan.singh4114@example.com,Chandigarh,Chandigarh,North
C04115,Rohan Kumar,rohan.kumar4115@example.com,Patna,Bihar,East
C04116,Aarav Patel,aarav.patel4116@example.com,Lucknow,Uttar Pradesh,North
C04117,Aditya Kumar,aditya.kumar4117@example.com,Bhubaneswar,Odisha,East
C04118,Pooja Yadav,pooja.yadav4118@example.com,Chennai,Tamil Nadu,South
C04119,Sahil Mishra,sahil.mishra4119@example.com,Kanpur,Uttar Pradesh,North
C04120,Aman Mishra,aman.mishra4120@example.com,Kochi,Kerala,South
C04121,Neha Rajput,neha.rajput4121@example.com,Patna,Bihar,East
C04122,Ananya Gupta,ananya.gupta4122@example.com,Chennai,Tamil Nadu,South
C04123,Isha Singh,isha.singh4123@example.com,Pune,Maharashtra,West
C04124,Vikash Gupta,vikash.gupta4124@example.com,Chandigarh,Chandigarh,North
C04125,Pooja Mishra,pooja.mishra4125@example.com,Bhubaneswar,Odisha,East
C04126,Kavya Gupta,kavya.gupta4126@example.com,Kanpur,Uttar Pradesh,North
C04127,Riya Rajput,riya.rajput4127@example.com,Hyderabad,Telangana,South
C04128,Vikash Sharma,vikash.sharma4128@example.com,Hyderabad,Telangana,South
C04129,Sneha Patel,sneha.patel4129@example.com,Kolkata,West Bengal,East
C04130,Karan Agarwal,karan.agarwal4130@example.com,Pune,Maharashtra,West
C04131,Neha Patel,neha.patel4131@example.com,Mumbai,Maharashtra,West
C04132,Aarav Verma,aarav.verma4132@example.com,Bhubaneswar,Odisha,East
C04133,Ananya Mishra,ananya.mishra4133@example.com,Pune,Maharashtra,West
C04134,Aarav Agarwal,aarav.agarwal4134@example.com,Bengaluru,Karnataka,South
C04135,Priya Singh,priya.singh4135@example.com,Hyderabad,Telangana,South
C04136,Ankit Mishra,ankit.mishra4136@example.com,Delhi,Delhi,North
C04137,Aditi Gupta,aditi.gupta4137@example.com,Jaipur,Rajasthan,North
C04138,Ankit Yadav,ankit.yadav4138@example.com,Kochi,Kerala,South
C04139,Aditya Gupta,aditya.gupta4139@example.com,Surat,Gujarat,West
C04140,Aditya Agarwal,aditya.agarwal4140@example.com,Delhi,Delhi,North
C04141,Kavya Agarwal,kavya.agarwal4141@example.com,Bhubaneswar,Odisha,East
C04142,Kavya Kumar,kavya.kumar4142@example.com,Patna,Bihar,East
C04143,Riya Singh,riya.singh4143@example.com,Jaipur,Rajasthan,North
C04144,Ananya Sharma,ananya.sharma4144@example.com,Chandigarh,Chandigarh,North
C04145,Vikash Kumar,vikash.kumar4145@example.com,Lucknow,Uttar Pradesh,North
C04146,Pooja Singh,pooja.singh4146@example.com,Jaipur,Rajasthan,North
C04147,Sneha Sharma,sneha.sharma4147@example.com,Chennai,Tamil Nadu,South
C04148,Rahul Mishra,rahul.mishra4148@example.com,Surat,Gujarat,West
C04149,Karan Agarwal,karan.agarwal4149@example.com,Delhi,Delhi,North
C04150,Priya Patel,priya.patel4150@example.com,Mumbai,Maharashtra,West
C04151,Simran Patel,simran.patel4151@example.com,Delhi,Delhi,North
C04152,Neha Rajput,neha.rajput4152@example.com,Jaipur,Rajasthan,North
C04153,Arjun Verma,arjun.verma4153@example.com,Chandigarh,Chandigarh,North
C04154,Ankit Singh,ankit.singh4154@example.com,Mumbai,Maharashtra,West
C04155,Sneha Sharma,sneha.sharma4155@example.com,Surat,Gujarat,West
C04156,Aditi Verma,aditi.verma4156@example.com,Kolkata,West Bengal,East
C04157,Vikash Sharma,vikash.sharma4157@example.com,Bengaluru,Karnataka,South
C04158,Ankit Mishra,ankit.mishra4158@example.com,Hyderabad,Telangana,South
C04159,Rahul Patel,rahul.patel4159@example.com,Bhubaneswar,Odisha,East
C04160,Simran Singh,simran.singh4160@example.com,Bhubaneswar,Odisha,East
C04161,Arjun Singh,arjun.singh4161@example.com,Lucknow,Uttar Pradesh,North
C04162,Vikash Singh,vikash.singh4162@example.com,Mumbai,Maharashtra,West
C04163,Priya Agarwal,priya.agarwal4163@example.com,Delhi,Delhi,North
C04164,Vikash Sharma,vikash.sharma4164@example.com,Pune,Maharashtra,West
C04165,Ananya Yadav,ananya.yadav4165@example.com,Lucknow,Uttar Pradesh,North
C04166,Aman Gupta,aman.gupta4166@example.com,Pune,Maharashtra,West
C04167,Rohan Gupta,rohan.gupta4167@example.com,Jaipur,Rajasthan,North
C04168,Neha Gupta,neha.gupta4168@example.com,Mumbai,Maharashtra,West
C04169,Ankit Kumar,ankit.kumar4169@example.com,Chennai,Tamil Nadu,South
C04170,Pooja Verma,pooja.verma4170@example.com,Pune,Maharashtra,West
C04171,Ankit Verma,ankit.verma4171@example.com,Mumbai,Maharashtra,West
C04172,Sahil Gupta,sahil.gupta4172@example.com,Bhubaneswar,Odisha,East
C04173,Ankit Singh,ankit.singh4173@example.com,Patna,Bihar,East
C04174,Ananya Agarwal,ananya.agarwal4174@example.com,Hyderabad,Telangana,South
C04175,Ananya Mishra,ananya.mishra4175@example.com,Bhubaneswar,Odisha,East
C04176,Vikash Sharma,vikash.sharma4176@example.com,Kochi,Kerala,South
C04177,Rohan Mishra,rohan.mishra4177@example.com,Pune,Maharashtra,West
C04178,Pooja Patel,pooja.patel4178@example.com,Bengaluru,Karnataka,South
C04179,Karan Patel,karan.patel4179@example.com,Surat,Gujarat,West
C04180,Arjun Mishra,arjun.mishra4180@example.com,Pune,Maharashtra,West
C04181,Ankit Verma,ankit.verma4181@example.com,Bhubaneswar,Odisha,East
C04182,Ankit Sharma,ankit.sharma4182@example.com,Kanpur,Uttar Pradesh,North
C04183,Isha Kumar,isha.kumar4183@example.com,Patna,Bihar,East
C04184,Rohan Yadav,rohan.yadav4184@example.com,Chennai,Tamil Nadu,South
C04185,Ananya Agarwal,ananya.agarwal4185@example.com,Kochi,Kerala,South
C04186,Simran Sharma,simran.sharma4186@example.com,Chennai,Tamil Nadu,South
C04187,Rahul Patel,rahul.patel4187@example.com,Delhi,Delhi,North
C04188,Vikash Rajput,vikash.rajput4188@example.com,Patna,Bihar,East
C04189,Priya Patel,priya.patel4189@example.com,Kanpur,Uttar Pradesh,North
C04190,Vikash Patel,vikash.patel4190@example.com,Bengaluru,Karnataka,South
C04191,Vikash Yadav,vikash.yadav4191@example.com,Mumbai,Maharashtra,West
C04192,Aarav Yadav,aarav.yadav4192@example.com,Bhubaneswar,Odisha,East
C04193,Simran Agarwal,simran.agarwal4193@example.com,Kolkata,West Bengal,East
C04194,Neha Yadav,neha.yadav4194@example.com,Ahmedabad,Gujarat,West
C04195,Ankit Patel,ankit.patel4195@example.com,Chennai,Tamil Nadu,South
C04196,Kavya Rajput,kavya.rajput4196@example.com,Bengaluru,Karnataka,South
C04197,Aditya Verma,aditya.verma4197@example.com,Kanpur,Uttar Pradesh,North
C04198,Pooja Rajput,pooja.rajput4198@example.com,Surat,Gujarat,West
C04199,Simran Rajput,simran.rajput4199@example.com,Delhi,Delhi,North
C04200,Vikash Mishra,vikash.mishra4200@example.com,Mumbai,Maharashtra,West
C04201,Sahil Agarwal,sahil.agarwal4201@example.com,Pune,Maharashtra,West
C04202,Simran Kumar,simran.kumar4202@example.com,Chandigarh,Chandigarh,North
C04203,Priya Sharma,priya.sharma4203@example.com,Lucknow,Uttar Pradesh,North
C04204,Sahil Kumar,sahil.kumar4204@example.com,Hyderabad,Telangana,South
C04205,Sneha Rajput,sneha.rajput4205@example.com,Mumbai,Maharashtra,West
C04206,Sneha Sharma,sneha.sharma4206@example.com,Chandigarh,Chandigarh,North
C04207,Karan Kumar,karan.kumar4207@example.com,Bengaluru,Karnataka,South
C04208,Sahil Singh,sahil.singh4208@example.com,Mumbai,Maharashtra,West
C04209,Aman Verma,aman.verma4209@example.com,Kolkata,West Bengal,East
C04210,Arjun Verma,arjun.verma4210@example.com,Chandigarh,Chandigarh,North
C04211,Riya Patel,riya.patel4211@example.com,Delhi,Delhi,North
C04212,Kavya Kumar,kavya.kumar4212@example.com,Hyderabad,Telangana,South
C04213,Rahul Yadav,rahul.yadav4213@example.com,Kochi,Kerala,South
C04214,Karan Yadav,karan.yadav4214@example.com,Kochi,Kerala,South
C04215,Sneha Verma,sneha.verma4215@example.com,Kanpur,Uttar Pradesh,North
C04216,Neha Kumar,neha.kumar4216@example.com,Chennai,Tamil Nadu,South
C04217,Rohan Rajput,rohan.rajput4217@example.com,Chennai,Tamil Nadu,South
C04218,Sahil Rajput,sahil.rajput4218@example.com,Kochi,Kerala,South
C04219,Riya Singh,riya.singh4219@example.com,Hyderabad,Telangana,South
C04220,Kavya Agarwal,kavya.agarwal4220@example.com,Delhi,Delhi,North
C04221,Aman Agarwal,aman.agarwal4221@example.com,Mumbai,Maharashtra,West
C04222,Aman Patel,aman.patel4222@example.com,Hyderabad,Telangana,South
C04223,Priya Mishra,priya.mishra4223@example.com,Delhi,Delhi,North
C04224,Aditi Agarwal,aditi.agarwal4224@example.com,Kochi,Kerala,South
C04225,Arjun Verma,arjun.verma4225@example.com,Chandigarh,Chandigarh,North
C04226,Kavya Verma,kavya.verma4226@example.com,Jaipur,Rajasthan,North
C04227,Karan Gupta,karan.gupta4227@example.com,Kolkata,West Bengal,East
C04228,Arjun Patel,arjun.patel4228@example.com,Kochi,Kerala,South
C04229,Vikash Rajput,vikash.rajput4229@example.com,Chandigarh,Chandigarh,North
C04230,Sahil Gupta,sahil.gupta4230@example.com,Kochi,Kerala,South
C04231,Kavya Sharma,kavya.sharma4231@example.com,Surat,Gujarat,West
C04232,Pooja Kumar,pooja.kumar4232@example.com,Mumbai,Maharashtra,West
C04233,Neha Mishra,neha.mishra4233@example.com,Kanpur,Uttar Pradesh,North
C04234,Sneha Singh,sneha.singh4234@example.com,Hyderabad,Telangana,South
C04235,Rahul Rajput,rahul.rajput4235@example.com,Delhi,Delhi,North
C04236,Vikash Patel,vikash.patel4236@example.com,Chandigarh,Chandigarh,North
C04237,Simran Mishra,simran.mishra4237@example.com,Kochi,Kerala,South
C04238,Sneha Sharma,sneha.sharma4238@example.com,Patna,Bihar,East
C04239,Neha Rajput,neha.rajput4239@example.com,Jaipur,Rajasthan,North
C04240,Sahil Rajput,sahil.rajput4240@example.com,Surat,Gujarat,West
C04241,Rahul Agarwal,rahul.agarwal4241@example.com,Bhubaneswar,Odisha,East
C04242,Isha Patel,isha.patel4242@example.com,Patna,Bihar,East
C04243,Priya Mishra,priya.mishra4243@example.com,Hyderabad,Telangana,South
C04244,Rahul Kumar,rahul.kumar4244@example.com,Kolkata,West Bengal,East
C04245,Riya Rajput,riya.rajput4245@example.com,Lucknow,Uttar Pradesh,North
C04246,Rohan Sharma,rohan.sharma4246@example.com,Chennai,Tamil Nadu,South
C04247,Simran Gupta,simran.gupta4247@example.com,Pune,Maharashtra,West
C04248,Isha Agarwal,isha.agarwal4248@example.com,Bhubaneswar,Odisha,East
C04249,Pooja Sharma,pooja.sharma4249@example.com,Bhubaneswar,Odisha,East
C04250,Sahil Sharma,sahil.sharma4250@example.com,Kanpur,Uttar Pradesh,North
C04251,Kavya Yadav,kavya.yadav4251@example.com,Hyderabad,Telangana,South
C04252,Aditya Agarwal,aditya.agarwal4252@example.com,Hyderabad,Telangana,South
C04253,Ankit Rajput,ankit.rajput4253@example.com,Chennai,Tamil Nadu,South
C04254,Sahil Sharma,sahil.sharma4254@example.com,Surat,Gujarat,West
C04255,Vikash Gupta,vikash.gupta4255@example.com,Hyderabad,Telangana,South
C04256,Pooja Sharma,pooja.sharma4256@example.com,Bhubaneswar,Odisha,East
C04257,Priya Gupta,priya.gupta4257@example.com,Jaipur,Rajasthan,North
C04258,Aditi Singh,aditi.singh4258@example.com,Hyderabad,Telangana,South
C04259,Aditya Mishra,aditya.mishra4259@example.com,Kochi,Kerala,South
C04260,Aman Kumar,aman.kumar4260@example.com,Lucknow,Uttar Pradesh,North
C04261,Riya Singh,riya.singh4261@example.com,Chandigarh,Chandigarh,North
C04262,Rohan Yadav,rohan.yadav4262@example.com,Kolkata,West Bengal,East
C04263,Ankit Patel,ankit.patel4263@example.com,Bhubaneswar,Odisha,East
C04264,Aditi Verma,aditi.verma4264@example.com,Bhubaneswar,Odisha,East
C04265,Aditya Singh,aditya.singh4265@example.com,Chennai,Tamil Nadu,South
C04266,Ananya Sharma,ananya.sharma4266@example.com,Chandigarh,Chandigarh,North
C04267,Aditi Singh,aditi.singh4267@example.com,Kochi,Kerala,South
C04268,Isha Singh,isha.singh4268@example.com,Chennai,Tamil Nadu,South
C04269,Sahil Rajput,sahil.rajput4269@example.com,Kochi,Kerala,South
C04270,Aarav Kumar,aarav.kumar4270@example.com,Surat,Gujarat,West
C04271,Arjun Rajput,arjun.rajput4271@example.com,Kanpur,Uttar Pradesh,North
C04272,Karan Agarwal,karan.agarwal4272@example.com,Surat,Gujarat,West
C04273,Sahil Agarwal,sahil.agarwal4273@example.com,Ahmedabad,Gujarat,West
C04274,Aditya Patel,aditya.patel4274@example.com,Patna,Bihar,East
C04275,Karan Rajput,karan.rajput4275@example.com,Surat,Gujarat,West
C04276,Vikash Gupta,vikash.gupta4276@example.com,Jaipur,Rajasthan,North
C04277,Aditi Rajput,aditi.rajput4277@example.com,Mumbai,Maharashtra,West
C04278,Sahil Gupta,sahil.gupta4278@example.com,Delhi,Delhi,North
C04279,Pooja Verma,pooja.verma4279@example.com,Delhi,Delhi,North
C04280,Pooja Kumar,pooja.kumar4280@example.com,Surat,Gujarat,West
C04281,Ankit Yadav,ankit.yadav4281@example.com,Chennai,Tamil Nadu,South
C04282,Rahul Verma,rahul.verma4282@example.com,Ahmedabad,Gujarat,West
C04283,Aarav Patel,aarav.patel4283@example.com,Ahmedabad,Gujarat,West
C04284,Arjun Agarwal,arjun.agarwal4284@example.com,Bengaluru,Karnataka,South
C04285,Aditi Yadav,aditi.yadav4285@example.com,Kolkata,West Bengal,East
C04286,Aditi Patel,aditi.patel4286@example.com,Kochi,Kerala,South
C04287,Kavya Mishra,kavya.mishra4287@example.com,Delhi,Delhi,North
C04288,Priya Patel,priya.patel4288@example.com,Chennai,Tamil Nadu,South
C04289,Ananya Yadav,ananya.yadav4289@example.com,Chandigarh,Chandigarh,North
C04290,Sneha Yadav,sneha.yadav4290@example.com,Pune,Maharashtra,West
C04291,Riya Kumar,riya.kumar4291@example.com,Kochi,Kerala,South
C04292,Ankit Rajput,ankit.rajput4292@example.com,Jaipur,Rajasthan,North
C04293,Simran Singh,simran.singh4293@example.com,Patna,Bihar,East
C04294,Riya Patel,riya.patel4294@example.com,Lucknow,Uttar Pradesh,North
C04295,Karan Mishra,karan.mishra4295@example.com,Hyderabad,Telangana,South
C04296,Sahil Gupta,sahil.gupta4296@example.com,Chennai,Tamil Nadu,South
C04297,Sneha Yadav,sneha.yadav4297@example.com,Delhi,Delhi,North
C04298,Rohan Agarwal,rohan.agarwal4298@example.com,Mumbai,Maharashtra,West
C04299,Aditi Patel,aditi.patel4299@example.com,Kolkata,West Bengal,East
C04300,Pooja Sharma,pooja.sharma4300@example.com,Bengaluru,Karnataka,South
C04301,Riya Yadav,riya.yadav4301@example.com,Ahmedabad,Gujarat,West
C04302,Neha Mishra,neha.mishra4302@example.com,Chandigarh,Chandigarh,North
C04303,Neha Agarwal,neha.agarwal4303@example.com,Kanpur,Uttar Pradesh,North
C04304,Rahul Rajput,rahul.rajput4304@example.com,Pune,Maharashtra,West
C04305,Karan Singh,karan.singh4305@example.com,Bengaluru,Karnataka,South
C04306,Vikash Kumar,vikash.kumar4306@example.com,Kochi,Kerala,South
C04307,Riya Rajput,riya.rajput4307@example.com,Hyderabad,Telangana,South
C04308,Karan Rajput,karan.rajput4308@example.com,Surat,Gujarat,West
C04309,Priya Patel,priya.patel4309@example.com,Kanpur,Uttar Pradesh,North
C04310,Priya Mishra,priya.mishra4310@example.com,Kochi,Kerala,South
C04311,Aman Rajput,aman.rajput4311@example.com,Patna,Bihar,East
C04312,Sneha Gupta,sneha.gupta4312@example.com,Bhubaneswar,Odisha,East
C04313,Vikash Kumar,vikash.kumar4313@example.com,Kochi,Kerala,South
C04314,Sahil Sharma,sahil.sharma4314@example.com,Chennai,Tamil Nadu,South
C04315,Sneha Kumar,sneha.kumar4315@example.com,Kanpur,Uttar Pradesh,North
C04316,Neha Agarwal,neha.agarwal4316@example.com,Kolkata,West Bengal,East
C04317,Pooja Rajput,pooja.rajput4317@example.com,Pune,Maharashtra,West
C04318,Aarav Agarwal,aarav.agarwal4318@example.com,Ahmedabad,Gujarat,West
C04319,Rohan Agarwal,rohan.agarwal4319@example.com,Lucknow,Uttar Pradesh,North
C04320,Aditi Agarwal,aditi.agarwal4320@example.com,Kolkata,West Bengal,East
C04321,Aarav Patel,aarav.patel4321@example.com,Ahmedabad,Gujarat,West
C04322,Vikash Agarwal,vikash.agarwal4322@example.com,Patna,Bihar,East
C04323,Arjun Patel,arjun.patel4323@example.com,Delhi,Delhi,North
C04324,Aditi Rajput,aditi.rajput4324@example.com,Pune,Maharashtra,West
C04325,Vikash Yadav,vikash.yadav4325@example.com,Hyderabad,Telangana,South
C04326,Aman Kumar,aman.kumar4326@example.com,Patna,Bihar,East
C04327,Karan Patel,karan.patel4327@example.com,Chandigarh,Chandigarh,North
C04328,Sahil Singh,sahil.singh4328@example.com,Delhi,Delhi,North
C04329,Karan Agarwal,karan.agarwal4329@example.com,Bhubaneswar,Odisha,East
C04330,Sneha Verma,sneha.verma4330@example.com,Bhubaneswar,Odisha,East
C04331,Aman Kumar,aman.kumar4331@example.com,Bhubaneswar,Odisha,East
C04332,Isha Singh,isha.singh4332@example.com,Chennai,Tamil Nadu,South
C04333,Vikash Verma,vikash.verma4333@example.com,Bhubaneswar,Odisha,East
C04334,Arjun Sharma,arjun.sharma4334@example.com,Jaipur,Rajasthan,North
C04335,Pooja Mishra,pooja.mishra4335@example.com,Patna,Bihar,East
C04336,Neha Singh,neha.singh4336@example.com,Kolkata,West Bengal,East
C04337,Ankit Mishra,ankit.mishra4337@example.com,Kanpur,Uttar Pradesh,North
C04338,Aditi Mishra,aditi.mishra4338@example.com,Delhi,Delhi,North
C04339,Sneha Yadav,sneha.yadav4339@example.com,Jaipur,Rajasthan,North
C04340,Sahil Rajput,sahil.rajput4340@example.com,Jaipur,Rajasthan,North
C04341,Ananya Rajput,ananya.rajput4341@example.com,Bhubaneswar,Odisha,East
C04342,Pooja Singh,pooja.singh4342@example.com,Kanpur,Uttar Pradesh,North
C04343,Rohan Gupta,rohan.gupta4343@example.com,Kanpur,Uttar Pradesh,North
C04344,Vikash Patel,vikash.patel4344@example.com,Kolkata,West Bengal,East
C04345,Priya Kumar,priya.kumar4345@example.com,Ahmedabad,Gujarat,West
C04346,Kavya Verma,kavya.verma4346@example.com,Surat,Gujarat,West
C04347,Rahul Patel,rahul.patel4347@example.com,Lucknow,Uttar Pradesh,North
C04348,Sneha Yadav,sneha.yadav4348@example.com,Ahmedabad,Gujarat,West
C04349,Ankit Patel,ankit.patel4349@example.com,Bengaluru,Karnataka,South
C04350,Sneha Patel,sneha.patel4350@example.com,Bhubaneswar,Odisha,East
C04351,Ankit Agarwal,ankit.agarwal4351@example.com,Surat,Gujarat,West
C04352,Aditi Sharma,aditi.sharma4352@example.com,Chandigarh,Chandigarh,North
C04353,Rohan Mishra,rohan.mishra4353@example.com,Bengaluru,Karnataka,South
C04354,Aarav Verma,aarav.verma4354@example.com,Hyderabad,Telangana,South
C04355,Simran Patel,simran.patel4355@example.com,Bengaluru,Karnataka,South
C04356,Sahil Kumar,sahil.kumar4356@example.com,Bengaluru,Karnataka,South
C04357,Kavya Yadav,kavya.yadav4357@example.com,Bengaluru,Karnataka,South
C04358,Rohan Kumar,rohan.kumar4358@example.com,Chandigarh,Chandigarh,North
C04359,Aditi Gupta,aditi.gupta4359@example.com,Kochi,Kerala,South
C04360,Ankit Verma,ankit.verma4360@example.com,Delhi,Delhi,North
C04361,Karan Agarwal,karan.agarwal4361@example.com,Bengaluru,Karnataka,South
C04362,Rohan Agarwal,rohan.agarwal4362@example.com,Delhi,Delhi,North
C04363,Ankit Patel,ankit.patel4363@example.com,Kochi,Kerala,South
C04364,Kavya Agarwal,kavya.agarwal4364@example.com,Mumbai,Maharashtra,West
C04365,Ananya Kumar,ananya.kumar4365@example.com,Chennai,Tamil Nadu,South
C04366,Isha Patel,isha.patel4366@example.com,Kochi,Kerala,South
C04367,Kavya Kumar,kavya.kumar4367@example.com,Patna,Bihar,East
C04368,Vikash Yadav,vikash.yadav4368@example.com,Kochi,Kerala,South
C04369,Aarav Singh,aarav.singh4369@example.com,Chennai,Tamil Nadu,South
C04370,Aman Gupta,aman.gupta4370@example.com,Pune,Maharashtra,West
C04371,Aman Kumar,aman.kumar4371@example.com,Surat,Gujarat,West
C04372,Aditi Singh,aditi.singh4372@example.com,Pune,Maharashtra,West
C04373,Ananya Yadav,ananya.yadav4373@example.com,Bhubaneswar,Odisha,East
C04374,Simran Sharma,simran.sharma4374@example.com,Ahmedabad,Gujarat,West
C04375,Karan Patel,karan.patel4375@example.com,Jaipur,Rajasthan,North
C04376,Neha Singh,neha.singh4376@example.com,Chennai,Tamil Nadu,South
C04377,Isha Singh,isha.singh4377@example.com,Surat,Gujarat,West
C04378,Riya Mishra,riya.mishra4378@example.com,Lucknow,Uttar Pradesh,North
C04379,Aditya Yadav,aditya.yadav4379@example.com,Ahmedabad,Gujarat,West
C04380,Aman Gupta,aman.gupta4380@example.com,Mumbai,Maharashtra,West
C04381,Aman Verma,aman.verma4381@example.com,Bhubaneswar,Odisha,East
C04382,Vikash Sharma,vikash.sharma4382@example.com,Surat,Gujarat,West
C04383,Riya Gupta,riya.gupta4383@example.com,Lucknow,Uttar Pradesh,North
C04384,Karan Singh,karan.singh4384@example.com,Chandigarh,Chandigarh,North
C04385,Isha Gupta,isha.gupta4385@example.com,Jaipur,Rajasthan,North
C04386,Karan Verma,karan.verma4386@example.com,Ahmedabad,Gujarat,West
C04387,Simran Agarwal,simran.agarwal4387@example.com,Patna,Bihar,East
C04388,Sneha Singh,sneha.singh4388@example.com,Jaipur,Rajasthan,North
C04389,Priya Singh,priya.singh4389@example.com,Pune,Maharashtra,West
C04390,Kavya Singh,kavya.singh4390@example.com,Bhubaneswar,Odisha,East
C04391,Arjun Yadav,arjun.yadav4391@example.com,Pune,Maharashtra,West
C04392,Rahul Mishra,rahul.mishra4392@example.com,Pune,Maharashtra,West
C04393,Aditi Yadav,aditi.yadav4393@example.com,Bengaluru,Karnataka,South
C04394,Simran Sharma,simran.sharma4394@example.com,Kolkata,West Bengal,East
C04395,Rahul Yadav,rahul.yadav4395@example.com,Pune,Maharashtra,West
C04396,Simran Agarwal,simran.agarwal4396@example.com,Bhubaneswar,Odisha,East
C04397,Aarav Gupta,aarav.gupta4397@example.com,Kolkata,West Bengal,East
C04398,Aditi Gupta,aditi.gupta4398@example.com,Patna,Bihar,East
C04399,Vikash Patel,vikash.patel4399@example.com,Patna,Bihar,East
C04400,Isha Gupta,isha.gupta4400@example.com,Bengaluru,Karnataka,South
C04401,Ankit Mishra,ankit.mishra4401@example.com,Ahmedabad,Gujarat,West
C04402,Priya Gupta,priya.gupta4402@example.com,Bengaluru,Karnataka,South
C04403,Sneha Singh,sneha.singh4403@example.com,Mumbai,Maharashtra,West
C04404,Kavya Sharma,kavya.sharma4404@example.com,Chennai,Tamil Nadu,South
C04405,Isha Yadav,isha.yadav4405@example.com,Patna,Bihar,East
C04406,Vikash Kumar,vikash.kumar4406@example.com,Lucknow,Uttar Pradesh,North
C04407,Pooja Gupta,pooja.gupta4407@example.com,Kanpur,Uttar Pradesh,North
C04408,Sneha Patel,sneha.patel4408@example.com,Mumbai,Maharashtra,West
C04409,Karan Singh,karan.singh4409@example.com,Ahmedabad,Gujarat,West
C04410,Karan Gupta,karan.gupta4410@example.com,Bengaluru,Karnataka,South
C04411,Priya Mishra,priya.mishra4411@example.com,Patna,Bihar,East
C04412,Rahul Gupta,rahul.gupta4412@example.com,Pune,Maharashtra,West
C04413,Simran Kumar,simran.kumar4413@example.com,Chennai,Tamil Nadu,South
C04414,Vikash Verma,vikash.verma4414@example.com,Kochi,Kerala,South
C04415,Vikash Kumar,vikash.kumar4415@example.com,Mumbai,Maharashtra,West
C04416,Priya Mishra,priya.mishra4416@example.com,Patna,Bihar,East
C04417,Aditi Rajput,aditi.rajput4417@example.com,Surat,Gujarat,West
C04418,Aman Gupta,aman.gupta4418@example.com,Patna,Bihar,East
C04419,Sahil Patel,sahil.patel4419@example.com,Chandigarh,Chandigarh,North
C04420,Sahil Patel,sahil.patel4420@example.com,Hyderabad,Telangana,South
C04421,Priya Yadav,priya.yadav4421@example.com,Bengaluru,Karnataka,South
C04422,Pooja Agarwal,pooja.agarwal4422@example.com,Kochi,Kerala,South
C04423,Pooja Sharma,pooja.sharma4423@example.com,Kochi,Kerala,South
C04424,Aditya Rajput,aditya.rajput4424@example.com,Hyderabad,Telangana,South
C04425,Rohan Yadav,rohan.yadav4425@example.com,Surat,Gujarat,West
C04426,Aarav Verma,aarav.verma4426@example.com,Pune,Maharashtra,West
C04427,Ankit Gupta,ankit.gupta4427@example.com,Hyderabad,Telangana,South
C04428,Aarav Patel,aarav.patel4428@example.com,Kolkata,West Bengal,East
C04429,Neha Patel,neha.patel4429@example.com,Pune,Maharashtra,West
C04430,Karan Agarwal,karan.agarwal4430@example.com,Bhubaneswar,Odisha,East
C04431,Ankit Singh,ankit.singh4431@example.com,Lucknow,Uttar Pradesh,North
C04432,Aman Kumar,aman.kumar4432@example.com,Chennai,Tamil Nadu,South
C04433,Kavya Agarwal,kavya.agarwal4433@example.com,Patna,Bihar,East
C04434,Aditya Rajput,aditya.rajput4434@example.com,Patna,Bihar,East
C04435,Aman Gupta,aman.gupta4435@example.com,Kochi,Kerala,South
C04436,Aditya Singh,aditya.singh4436@example.com,Jaipur,Rajasthan,North
C04437,Priya Gupta,priya.gupta4437@example.com,Hyderabad,Telangana,South
C04438,Sneha Gupta,sneha.gupta4438@example.com,Kanpur,Uttar Pradesh,North
C04439,Kavya Kumar,kavya.kumar4439@example.com,Lucknow,Uttar Pradesh,North
C04440,Priya Rajput,priya.rajput4440@example.com,Chandigarh,Chandigarh,North
C04441,Rohan Agarwal,rohan.agarwal4441@example.com,Bengaluru,Karnataka,South
C04442,Simran Verma,simran.verma4442@example.com,Lucknow,Uttar Pradesh,North
C04443,Sneha Verma,sneha.verma4443@example.com,Chennai,Tamil Nadu,South
C04444,Simran Mishra,simran.mishra4444@example.com,Surat,Gujarat,West
C04445,Riya Mishra,riya.mishra4445@example.com,Bengaluru,Karnataka,South
C04446,Aarav Kumar,aarav.kumar4446@example.com,Lucknow,Uttar Pradesh,North
C04447,Priya Patel,priya.patel4447@example.com,Bhubaneswar,Odisha,East
C04448,Karan Kumar,karan.kumar4448@example.com,Chennai,Tamil Nadu,South
C04449,Sneha Verma,sneha.verma4449@example.com,Bhubaneswar,Odisha,East
C04450,Ananya Patel,ananya.patel4450@example.com,Pune,Maharashtra,West
C04451,Ankit Gupta,ankit.gupta4451@example.com,Delhi,Delhi,North
C04452,Rohan Singh,rohan.singh4452@example.com,Kolkata,West Bengal,East
C04453,Pooja Rajput,pooja.rajput4453@example.com,Patna,Bihar,East
C04454,Aditya Mishra,aditya.mishra4454@example.com,Jaipur,Rajasthan,North
C04455,Isha Patel,isha.patel4455@example.com,Delhi,Delhi,North
C04456,Simran Rajput,simran.rajput4456@example.com,Jaipur,Rajasthan,North
C04457,Isha Patel,isha.patel4457@example.com,Patna,Bihar,East
C04458,Sahil Agarwal,sahil.agarwal4458@example.com,Chennai,Tamil Nadu,South
C04459,Arjun Singh,arjun.singh4459@example.com,Lucknow,Uttar Pradesh,North
C04460,Riya Singh,riya.singh4460@example.com,Mumbai,Maharashtra,West
C04461,Isha Singh,isha.singh4461@example.com,Bhubaneswar,Odisha,East
C04462,Aditi Verma,aditi.verma4462@example.com,Lucknow,Uttar Pradesh,North
C04463,Pooja Gupta,pooja.gupta4463@example.com,Bhubaneswar,Odisha,East
C04464,Sneha Kumar,sneha.kumar4464@example.com,Chennai,Tamil Nadu,South
C04465,Arjun Kumar,arjun.kumar4465@example.com,Chennai,Tamil Nadu,South
C04466,Sneha Mishra,sneha.mishra4466@example.com,Kolkata,West Bengal,East
C04467,Aarav Rajput,aarav.rajput4467@example.com,Bengaluru,Karnataka,South
C04468,Aarav Agarwal,aarav.agarwal4468@example.com,Kochi,Kerala,South
C04469,Aarav Sharma,aarav.sharma4469@example.com,Ahmedabad,Gujarat,West
C04470,Priya Rajput,priya.rajput4470@example.com,Chandigarh,Chandigarh,North
C04471,Ankit Verma,ankit.verma4471@example.com,Chennai,Tamil Nadu,South
C04472,Riya Yadav,riya.yadav4472@example.com,Pune,Maharashtra,West
C04473,Simran Patel,simran.patel4473@example.com,Chandigarh,Chandigarh,North
C04474,Karan Kumar,karan.kumar4474@example.com,Pune,Maharashtra,West
C04475,Sahil Kumar,sahil.kumar4475@example.com,Kanpur,Uttar Pradesh,North
C04476,Aarav Mishra,aarav.mishra4476@example.com,Jaipur,Rajasthan,North
C04477,Rohan Mishra,rohan.mishra4477@example.com,Hyderabad,Telangana,South
C04478,Arjun Patel,arjun.patel4478@example.com,Chennai,Tamil Nadu,South
C04479,Aman Verma,aman.verma4479@example.com,Pune,Maharashtra,West
C04480,Sahil Kumar,sahil.kumar4480@example.com,Kolkata,West Bengal,East
C04481,Ankit Verma,ankit.verma4481@example.com,Pune,Maharashtra,West
C04482,Ananya Sharma,ananya.sharma4482@example.com,Chandigarh,Chandigarh,North
C04483,Sneha Singh,sneha.singh4483@example.com,Kochi,Kerala,South
C04484,Aarav Yadav,aarav.yadav4484@example.com,Pune,Maharashtra,West
C04485,Neha Sharma,neha.sharma4485@example.com,Bhubaneswar,Odisha,East
C04486,Sneha Rajput,sneha.rajput4486@example.com,Pune,Maharashtra,West
C04487,Karan Rajput,karan.rajput4487@example.com,Kanpur,Uttar Pradesh,North
C04488,Arjun Kumar,arjun.kumar4488@example.com,Kanpur,Uttar Pradesh,North
C04489,Vikash Verma,vikash.verma4489@example.com,Kanpur,Uttar Pradesh,North
C04490,Kavya Agarwal,kavya.agarwal4490@example.com,Hyderabad,Telangana,South
C04491,Priya Rajput,priya.rajput4491@example.com,Pune,Maharashtra,West
C04492,Karan Singh,karan.singh4492@example.com,Hyderabad,Telangana,South
C04493,Kavya Gupta,kavya.gupta4493@example.com,Kanpur,Uttar Pradesh,North
C04494,Sneha Sharma,sneha.sharma4494@example.com,Delhi,Delhi,North
C04495,Neha Rajput,neha.rajput4495@example.com,Kochi,Kerala,South
C04496,Rahul Patel,rahul.patel4496@example.com,Hyderabad,Telangana,South
C04497,Sahil Singh,sahil.singh4497@example.com,Kolkata,West Bengal,East
C04498,Sahil Verma,sahil.verma4498@example.com,Lucknow,Uttar Pradesh,North
C04499,Neha Yadav,neha.yadav4499@example.com,Delhi,Delhi,North
C04500,Ankit Patel,ankit.patel4500@example.com,Jaipur,Rajasthan,North
C04501,Rohan Verma,rohan.verma4501@example.com,Mumbai,Maharashtra,West
C04502,Simran Sharma,simran.sharma4502@example.com,Chandigarh,Chandigarh,North
C04503,Isha Kumar,isha.kumar4503@example.com,Chandigarh,Chandigarh,North
C04504,Kavya Sharma,kavya.sharma4504@example.com,Jaipur,Rajasthan,North
C04505,Aditi Verma,aditi.verma4505@example.com,Bengaluru,Karnataka,South
C04506,Ananya Agarwal,ananya.agarwal4506@example.com,Kolkata,West Bengal,East
C04507,Vikash Rajput,vikash.rajput4507@example.com,Mumbai,Maharashtra,West
C04508,Vikash Mishra,vikash.mishra4508@example.com,Chandigarh,Chandigarh,North
C04509,Vikash Patel,vikash.patel4509@example.com,Kanpur,Uttar Pradesh,North
C04510,Vikash Sharma,vikash.sharma4510@example.com,Patna,Bihar,East
C04511,Karan Gupta,karan.gupta4511@example.com,Kochi,Kerala,South
C04512,Ananya Gupta,ananya.gupta4512@example.com,Chennai,Tamil Nadu,South
C04513,Aarav Sharma,aarav.sharma4513@example.com,Chennai,Tamil Nadu,South
C04514,Aarav Yadav,aarav.yadav4514@example.com,Jaipur,Rajasthan,North
C04515,Rohan Rajput,rohan.rajput4515@example.com,Jaipur,Rajasthan,North
C04516,Riya Rajput,riya.rajput4516@example.com,Mumbai,Maharashtra,West
C04517,Vikash Singh,vikash.singh4517@example.com,Delhi,Delhi,North
C04518,Ananya Verma,ananya.verma4518@example.com,Lucknow,Uttar Pradesh,North
C04519,Pooja Singh,pooja.singh4519@example.com,Kanpur,Uttar Pradesh,North
C04520,Kavya Yadav,kavya.yadav4520@example.com,Kolkata,West Bengal,East
C04521,Riya Yadav,riya.yadav4521@example.com,Chandigarh,Chandigarh,North
C04522,Aditi Sharma,aditi.sharma4522@example.com,Bengaluru,Karnataka,South
C04523,Kavya Yadav,kavya.yadav4523@example.com,Surat,Gujarat,West
C04524,Rohan Patel,rohan.patel4524@example.com,Hyderabad,Telangana,South
C04525,Aditi Singh,aditi.singh4525@example.com,Patna,Bihar,East
C04526,Kavya Agarwal,kavya.agarwal4526@example.com,Pune,Maharashtra,West
C04527,Rohan Verma,rohan.verma4527@example.com,Chandigarh,Chandigarh,North
C04528,Rohan Verma,rohan.verma4528@example.com,Lucknow,Uttar Pradesh,North
C04529,Rahul Rajput,rahul.rajput4529@example.com,Bengaluru,Karnataka,South
C04530,Aditi Singh,aditi.singh4530@example.com,Ahmedabad,Gujarat,West
C04531,Aman Gupta,aman.gupta4531@example.com,Mumbai,Maharashtra,West
C04532,Sahil Patel,sahil.patel4532@example.com,Bhubaneswar,Odisha,East
C04533,Simran Mishra,simran.mishra4533@example.com,Surat,Gujarat,West
C04534,Rohan Patel,rohan.patel4534@example.com,Kolkata,West Bengal,East
C04535,Ananya Kumar,ananya.kumar4535@example.com,Jaipur,Rajasthan,North
C04536,Neha Sharma,neha.sharma4536@example.com,Pune,Maharashtra,West
C04537,Vikash Sharma,vikash.sharma4537@example.com,Chandigarh,Chandigarh,North
C04538,Aditya Verma,aditya.verma4538@example.com,Mumbai,Maharashtra,West
C04539,Neha Patel,neha.patel4539@example.com,Delhi,Delhi,North
C04540,Simran Yadav,simran.yadav4540@example.com,Patna,Bihar,East
C04541,Ananya Verma,ananya.verma4541@example.com,Kochi,Kerala,South
C04542,Sneha Verma,sneha.verma4542@example.com,Bhubaneswar,Odisha,East
C04543,Aditi Gupta,aditi.gupta4543@example.com,Bhubaneswar,Odisha,East
C04544,Rahul Gupta,rahul.gupta4544@example.com,Chennai,Tamil Nadu,South
C04545,Priya Kumar,priya.kumar4545@example.com,Surat,Gujarat,West
C04546,Priya Yadav,priya.yadav4546@example.com,Bhubaneswar,Odisha,East
C04547,Rahul Patel,rahul.patel4547@example.com,Surat,Gujarat,West
C04548,Arjun Patel,arjun.patel4548@example.com,Kolkata,West Bengal,East
C04549,Aarav Mishra,aarav.mishra4549@example.com,Chandigarh,Chandigarh,North
C04550,Rahul Verma,rahul.verma4550@example.com,Bhubaneswar,Odisha,East
C04551,Rahul Singh,rahul.singh4551@example.com,Bengaluru,Karnataka,South
C04552,Rohan Patel,rohan.patel4552@example.com,Bengaluru,Karnataka,South
C04553,Sneha Rajput,sneha.rajput4553@example.com,Lucknow,Uttar Pradesh,North
C04554,Isha Kumar,isha.kumar4554@example.com,Kochi,Kerala,South
C04555,Isha Verma,isha.verma4555@example.com,Chandigarh,Chandigarh,North
C04556,Aman Sharma,aman.sharma4556@example.com,Pune,Maharashtra,West
C04557,Ananya Mishra,ananya.mishra4557@example.com,Chandigarh,Chandigarh,North
C04558,Simran Mishra,simran.mishra4558@example.com,Jaipur,Rajasthan,North
C04559,Riya Patel,riya.patel4559@example.com,Ahmedabad,Gujarat,West
C04560,Isha Kumar,isha.kumar4560@example.com,Hyderabad,Telangana,South
C04561,Vikash Singh,vikash.singh4561@example.com,Mumbai,Maharashtra,West
C04562,Aditi Verma,aditi.verma4562@example.com,Chandigarh,Chandigarh,North
C04563,Riya Agarwal,riya.agarwal4563@example.com,Kolkata,West Bengal,East
C04564,Karan Gupta,karan.gupta4564@example.com,Jaipur,Rajasthan,North
C04565,Neha Gupta,neha.gupta4565@example.com,Kochi,Kerala,South
C04566,Isha Rajput,isha.rajput4566@example.com,Patna,Bihar,East
C04567,Sneha Patel,sneha.patel4567@example.com,Chandigarh,Chandigarh,North
C04568,Sahil Sharma,sahil.sharma4568@example.com,Lucknow,Uttar Pradesh,North
C04569,Ankit Mishra,ankit.mishra4569@example.com,Bengaluru,Karnataka,South
C04570,Karan Agarwal,karan.agarwal4570@example.com,Lucknow,Uttar Pradesh,North
C04571,Aditya Rajput,aditya.rajput4571@example.com,Chandigarh,Chandigarh,North
C04572,Rohan Yadav,rohan.yadav4572@example.com,Mumbai,Maharashtra,West
C04573,Aman Rajput,aman.rajput4573@example.com,Mumbai,Maharashtra,West
C04574,Pooja Rajput,pooja.rajput4574@example.com,Pune,Maharashtra,West
C04575,Aman Patel,aman.patel4575@example.com,Lucknow,Uttar Pradesh,North
C04576,Aman Gupta,aman.gupta4576@example.com,Chandigarh,Chandigarh,North
C04577,Neha Singh,neha.singh4577@example.com,Chandigarh,Chandigarh,North
C04578,Karan Yadav,karan.yadav4578@example.com,Chandigarh,Chandigarh,North
C04579,Ankit Patel,ankit.patel4579@example.com,Delhi,Delhi,North
C04580,Rahul Mishra,rahul.mishra4580@example.com,Bengaluru,Karnataka,South
C04581,Isha Singh,isha.singh4581@example.com,Patna,Bihar,East
C04582,Aman Yadav,aman.yadav4582@example.com,Bengaluru,Karnataka,South
C04583,Rahul Mishra,rahul.mishra4583@example.com,Bhubaneswar,Odisha,East
C04584,Rohan Singh,rohan.singh4584@example.com,Chennai,Tamil Nadu,South
C04585,Ankit Sharma,ankit.sharma4585@example.com,Kochi,Kerala,South
C04586,Ankit Singh,ankit.singh4586@example.com,Bhubaneswar,Odisha,East
C04587,Pooja Agarwal,pooja.agarwal4587@example.com,Mumbai,Maharashtra,West
C04588,Kavya Gupta,kavya.gupta4588@example.com,Ahmedabad,Gujarat,West
C04589,Isha Singh,isha.singh4589@example.com,Lucknow,Uttar Pradesh,North
C04590,Aditi Agarwal,aditi.agarwal4590@example.com,Hyderabad,Telangana,South
C04591,Aman Yadav,aman.yadav4591@example.com,Kolkata,West Bengal,East
C04592,Pooja Sharma,pooja.sharma4592@example.com,Kanpur,Uttar Pradesh,North
C04593,Ankit Gupta,ankit.gupta4593@example.com,Surat,Gujarat,West
C04594,Isha Patel,isha.patel4594@example.com,Kolkata,West Bengal,East
C04595,Ankit Patel,ankit.patel4595@example.com,Lucknow,Uttar Pradesh,North
C04596,Aarav Singh,aarav.singh4596@example.com,Patna,Bihar,East
C04597,Aman Agarwal,aman.agarwal4597@example.com,Patna,Bihar,East
C04598,Aman Agarwal,aman.agarwal4598@example.com,Kolkata,West Bengal,East
C04599,Ankit Singh,ankit.singh4599@example.com,Patna,Bihar,East
C04600,Riya Agarwal,riya.agarwal4600@example.com,Kochi,Kerala,South
C04601,Aditi Mishra,aditi.mishra4601@example.com,Kochi,Kerala,South
C04602,Aditya Agarwal,aditya.agarwal4602@example.com,Kanpur,Uttar Pradesh,North
C04603,Simran Singh,simran.singh4603@example.com,Kanpur,Uttar Pradesh,North
C04604,Rahul Verma,rahul.verma4604@example.com,Hyderabad,Telangana,South
C04605,Simran Agarwal,simran.agarwal4605@example.com,Kolkata,West Bengal,East
C04606,Neha Sharma,neha.sharma4606@example.com,Hyderabad,Telangana,South
C04607,Sneha Yadav,sneha.yadav4607@example.com,Jaipur,Rajasthan,North
C04608,Neha Rajput,neha.rajput4608@example.com,Delhi,Delhi,North
C04609,Karan Agarwal,karan.agarwal4609@example.com,Mumbai,Maharashtra,West
C04610,Aarav Patel,aarav.patel4610@example.com,Kanpur,Uttar Pradesh,North
C04611,Sahil Rajput,sahil.rajput4611@example.com,Delhi,Delhi,North
C04612,Sneha Gupta,sneha.gupta4612@example.com,Hyderabad,Telangana,South
C04613,Ananya Patel,ananya.patel4613@example.com,Ahmedabad,Gujarat,West
C04614,Ankit Yadav,ankit.yadav4614@example.com,Jaipur,Rajasthan,North
C04615,Priya Yadav,priya.yadav4615@example.com,Surat,Gujarat,West
C04616,Vikash Verma,vikash.verma4616@example.com,Chennai,Tamil Nadu,South
C04617,Neha Patel,neha.patel4617@example.com,Mumbai,Maharashtra,West
C04618,Kavya Singh,kavya.singh4618@example.com,Chennai,Tamil Nadu,South
C04619,Ananya Agarwal,ananya.agarwal4619@example.com,Ahmedabad,Gujarat,West
C04620,Priya Gupta,priya.gupta4620@example.com,Kanpur,Uttar Pradesh,North
C04621,Arjun Rajput,arjun.rajput4621@example.com,Chennai,Tamil Nadu,South
C04622,Aditi Yadav,aditi.yadav4622@example.com,Mumbai,Maharashtra,West
C04623,Neha Verma,neha.verma4623@example.com,Surat,Gujarat,West
C04624,Kavya Patel,kavya.patel4624@example.com,Chennai,Tamil Nadu,South
C04625,Sneha Patel,sneha.patel4625@example.com,Mumbai,Maharashtra,West
C04626,Vikash Patel,vikash.patel4626@example.com,Delhi,Delhi,North
C04627,Rahul Verma,rahul.verma4627@example.com,Bengaluru,Karnataka,South
C04628,Isha Mishra,isha.mishra4628@example.com,Bengaluru,Karnataka,South
C04629,Riya Mishra,riya.mishra4629@example.com,Mumbai,Maharashtra,West
C04630,Neha Agarwal,neha.agarwal4630@example.com,Lucknow,Uttar Pradesh,North
C04631,Karan Singh,karan.singh4631@example.com,Lucknow,Uttar Pradesh,North
C04632,Aditi Rajput,aditi.rajput4632@example.com,Surat,Gujarat,West
C04633,Rohan Patel,rohan.patel4633@example.com,Hyderabad,Telangana,South
C04634,Neha Kumar,neha.kumar4634@example.com,Kochi,Kerala,South
C04635,Rahul Gupta,rahul.gupta4635@example.com,Lucknow,Uttar Pradesh,North
C04636,Priya Verma,priya.verma4636@example.com,Bhubaneswar,Odisha,East
C04637,Aditya Verma,aditya.verma4637@example.com,Chandigarh,Chandigarh,North
C04638,Ankit Sharma,ankit.sharma4638@example.com,Patna,Bihar,East
C04639,Aman Verma,aman.verma4639@example.com,Ahmedabad,Gujarat,West
C04640,Aman Yadav,aman.yadav4640@example.com,Pune,Maharashtra,West
C04641,Rohan Sharma,rohan.sharma4641@example.com,Bengaluru,Karnataka,South
C04642,Aman Sharma,aman.sharma4642@example.com,Patna,Bihar,East
C04643,Sneha Rajput,sneha.rajput4643@example.com,Pune,Maharashtra,West
C04644,Pooja Kumar,pooja.kumar4644@example.com,Kochi,Kerala,South
C04645,Simran Rajput,simran.rajput4645@example.com,Surat,Gujarat,West
C04646,Ananya Gupta,ananya.gupta4646@example.com,Kolkata,West Bengal,East
C04647,Ananya Patel,ananya.patel4647@example.com,Ahmedabad,Gujarat,West
C04648,Priya Mishra,priya.mishra4648@example.com,Hyderabad,Telangana,South
C04649,Arjun Kumar,arjun.kumar4649@example.com,Chennai,Tamil Nadu,South
C04650,Aman Mishra,aman.mishra4650@example.com,Chandigarh,Chandigarh,North
C04651,Rahul Mishra,rahul.mishra4651@example.com,Patna,Bihar,East
C04652,Riya Patel,riya.patel4652@example.com,Kanpur,Uttar Pradesh,North
C04653,Aditi Verma,aditi.verma4653@example.com,Hyderabad,Telangana,South
C04654,Riya Verma,riya.verma4654@example.com,Bhubaneswar,Odisha,East
C04655,Ankit Agarwal,ankit.agarwal4655@example.com,Jaipur,Rajasthan,North
C04656,Sneha Agarwal,sneha.agarwal4656@example.com,Bhubaneswar,Odisha,East
C04657,Kavya Agarwal,kavya.agarwal4657@example.com,Kolkata,West Bengal,East
C04658,Arjun Kumar,arjun.kumar4658@example.com,Delhi,Delhi,North
C04659,Riya Yadav,riya.yadav4659@example.com,Jaipur,Rajasthan,North
C04660,Ananya Yadav,ananya.yadav4660@example.com,Chandigarh,Chandigarh,North
C04661,Arjun Patel,arjun.patel4661@example.com,Lucknow,Uttar Pradesh,North
C04662,Ankit Agarwal,ankit.agarwal4662@example.com,Surat,Gujarat,West
C04663,Aarav Agarwal,aarav.agarwal4663@example.com,Patna,Bihar,East
C04664,Pooja Kumar,pooja.kumar4664@example.com,Kochi,Kerala,South
C04665,Karan Yadav,karan.yadav4665@example.com,Bengaluru,Karnataka,South
C04666,Riya Gupta,riya.gupta4666@example.com,Chennai,Tamil Nadu,South
C04667,Aman Agarwal,aman.agarwal4667@example.com,Kolkata,West Bengal,East
C04668,Rohan Mishra,rohan.mishra4668@example.com,Chennai,Tamil Nadu,South
C04669,Aarav Agarwal,aarav.agarwal4669@example.com,Jaipur,Rajasthan,North
C04670,Ananya Agarwal,ananya.agarwal4670@example.com,Kanpur,Uttar Pradesh,North
C04671,Arjun Agarwal,arjun.agarwal4671@example.com,Lucknow,Uttar Pradesh,North
C04672,Isha Rajput,isha.rajput4672@example.com,Mumbai,Maharashtra,West
C04673,Karan Verma,karan.verma4673@example.com,Mumbai,Maharashtra,West
C04674,Vikash Sharma,vikash.sharma4674@example.com,Patna,Bihar,East
C04675,Rahul Patel,rahul.patel4675@example.com,Lucknow,Uttar Pradesh,North
C04676,Rahul Rajput,rahul.rajput4676@example.com,Kochi,Kerala,South
C04677,Pooja Rajput,pooja.rajput4677@example.com,Patna,Bihar,East
C04678,Rohan Patel,rohan.patel4678@example.com,Mumbai,Maharashtra,West
C04679,Rahul Gupta,rahul.gupta4679@example.com,Hyderabad,Telangana,South
C04680,Vikash Rajput,vikash.rajput4680@example.com,Surat,Gujarat,West
C04681,Kavya Singh,kavya.singh4681@example.com,Mumbai,Maharashtra,West
C04682,Ankit Rajput,ankit.rajput4682@example.com,Pune,Maharashtra,West
C04683,Aman Patel,aman.patel4683@example.com,Lucknow,Uttar Pradesh,North
C04684,Priya Yadav,priya.yadav4684@example.com,Kanpur,Uttar Pradesh,North
C04685,Isha Gupta,isha.gupta4685@example.com,Delhi,Delhi,North
C04686,Aditi Sharma,aditi.sharma4686@example.com,Jaipur,Rajasthan,North
C04687,Ananya Singh,ananya.singh4687@example.com,Mumbai,Maharashtra,West
C04688,Aarav Mishra,aarav.mishra4688@example.com,Delhi,Delhi,North
C04689,Aarav Patel,aarav.patel4689@example.com,Kochi,Kerala,South
C04690,Sahil Sharma,sahil.sharma4690@example.com,Hyderabad,Telangana,South
C04691,Arjun Kumar,arjun.kumar4691@example.com,Pune,Maharashtra,West
C04692,Aditi Yadav,aditi.yadav4692@example.com,Mumbai,Maharashtra,West
C04693,Riya Verma,riya.verma4693@example.com,Hyderabad,Telangana,South
C04694,Rahul Kumar,rahul.kumar4694@example.com,Hyderabad,Telangana,South
C04695,Simran Kumar,simran.kumar4695@example.com,Bhubaneswar,Odisha,East
C04696,Vikash Mishra,vikash.mishra4696@example.com,Chandigarh,Chandigarh,North
C04697,Sneha Sharma,sneha.sharma4697@example.com,Jaipur,Rajasthan,North
C04698,Riya Singh,riya.singh4698@example.com,Bengaluru,Karnataka,South
C04699,Sahil Singh,sahil.singh4699@example.com,Hyderabad,Telangana,South
C04700,Vikash Agarwal,vikash.agarwal4700@example.com,Mumbai,Maharashtra,West
C04701,Rahul Yadav,rahul.yadav4701@example.com,Pune,Maharashtra,West
C04702,Aditi Kumar,aditi.kumar4702@example.com,Chennai,Tamil Nadu,South
C04703,Sneha Mishra,sneha.mishra4703@example.com,Kochi,Kerala,South
C04704,Sneha Singh,sneha.singh4704@example.com,Lucknow,Uttar Pradesh,North
C04705,Priya Verma,priya.verma4705@example.com,Hyderabad,Telangana,South
C04706,Rohan Verma,rohan.verma4706@example.com,Patna,Bihar,East
C04707,Karan Rajput,karan.rajput4707@example.com,Jaipur,Rajasthan,North
C04708,Ananya Sharma,ananya.sharma4708@example.com,Patna,Bihar,East
C04709,Simran Singh,simran.singh4709@example.com,Lucknow,Uttar Pradesh,North
C04710,Priya Mishra,priya.mishra4710@example.com,Kochi,Kerala,South
C04711,Riya Verma,riya.verma4711@example.com,Bengaluru,Karnataka,South
C04712,Priya Kumar,priya.kumar4712@example.com,Bhubaneswar,Odisha,East
C04713,Karan Gupta,karan.gupta4713@example.com,Kolkata,West Bengal,East
C04714,Neha Rajput,neha.rajput4714@example.com,Kochi,Kerala,South
C04715,Arjun Yadav,arjun.yadav4715@example.com,Delhi,Delhi,North
C04716,Kavya Singh,kavya.singh4716@example.com,Chennai,Tamil Nadu,South
C04717,Riya Yadav,riya.yadav4717@example.com,Kochi,Kerala,South
C04718,Sahil Yadav,sahil.yadav4718@example.com,Bengaluru,Karnataka,South
C04719,Aditya Mishra,aditya.mishra4719@example.com,Jaipur,Rajasthan,North
C04720,Karan Singh,karan.singh4720@example.com,Bengaluru,Karnataka,South
C04721,Simran Agarwal,simran.agarwal4721@example.com,Mumbai,Maharashtra,West
C04722,Priya Sharma,priya.sharma4722@example.com,Delhi,Delhi,North
C04723,Aditya Gupta,aditya.gupta4723@example.com,Kochi,Kerala,South
C04724,Karan Patel,karan.patel4724@example.com,Jaipur,Rajasthan,North
C04725,Pooja Mishra,pooja.mishra4725@example.com,Mumbai,Maharashtra,West
C04726,Isha Patel,isha.patel4726@example.com,Jaipur,Rajasthan,North
C04727,Karan Singh,karan.singh4727@example.com,Bhubaneswar,Odisha,East
C04728,Vikash Verma,vikash.verma4728@example.com,Chennai,Tamil Nadu,South
C04729,Arjun Verma,arjun.verma4729@example.com,Patna,Bihar,East
C04730,Karan Agarwal,karan.agarwal4730@example.com,Delhi,Delhi,North
C04731,Aditya Rajput,aditya.rajput4731@example.com,Pune,Maharashtra,West
C04732,Rahul Gupta,rahul.gupta4732@example.com,Delhi,Delhi,North
C04733,Aman Patel,aman.patel4733@example.com,Mumbai,Maharashtra,West
C04734,Neha Verma,neha.verma4734@example.com,Hyderabad,Telangana,South
C04735,Neha Sharma,neha.sharma4735@example.com,Chandigarh,Chandigarh,North
C04736,Rohan Agarwal,rohan.agarwal4736@example.com,Ahmedabad,Gujarat,West
C04737,Aditi Gupta,aditi.gupta4737@example.com,Kolkata,West Bengal,East
C04738,Simran Gupta,simran.gupta4738@example.com,Pune,Maharashtra,West
C04739,Ankit Rajput,ankit.rajput4739@example.com,Delhi,Delhi,North
C04740,Pooja Rajput,pooja.rajput4740@example.com,Kochi,Kerala,South
C04741,Ankit Verma,ankit.verma4741@example.com,Patna,Bihar,East
C04742,Ankit Agarwal,ankit.agarwal4742@example.com,Delhi,Delhi,North
C04743,Neha Sharma,neha.sharma4743@example.com,Bhubaneswar,Odisha,East
C04744,Rohan Verma,rohan.verma4744@example.com,Lucknow,Uttar Pradesh,North
C04745,Rahul Singh,rahul.singh4745@example.com,Mumbai,Maharashtra,West
C04746,Kavya Singh,kavya.singh4746@example.com,Mumbai,Maharashtra,West
C04747,Riya Patel,riya.patel4747@example.com,Mumbai,Maharashtra,West
C04748,Ankit Rajput,ankit.rajput4748@example.com,Bengaluru,Karnataka,South
C04749,Riya Gupta,riya.gupta4749@example.com,Bengaluru,Karnataka,South
C04750,Simran Gupta,simran.gupta4750@example.com,Kanpur,Uttar Pradesh,North
C04751,Rahul Rajput,rahul.rajput4751@example.com,Pune,Maharashtra,West
C04752,Arjun Mishra,arjun.mishra4752@example.com,Patna,Bihar,East
C04753,Karan Kumar,karan.kumar4753@example.com,Jaipur,Rajasthan,North
C04754,Kavya Yadav,kavya.yadav4754@example.com,Kanpur,Uttar Pradesh,North
C04755,Rahul Verma,rahul.verma4755@example.com,Jaipur,Rajasthan,North
C04756,Neha Kumar,neha.kumar4756@example.com,Lucknow,Uttar Pradesh,North
C04757,Arjun Verma,arjun.verma4757@example.com,Kolkata,West Bengal,East
C04758,Aditi Patel,aditi.patel4758@example.com,Bhubaneswar,Odisha,East
C04759,Rohan Yadav,rohan.yadav4759@example.com,Jaipur,Rajasthan,North
C04760,Isha Verma,isha.verma4760@example.com,Pune,Maharashtra,West
C04761,Priya Sharma,priya.sharma4761@example.com,Delhi,Delhi,North
C04762,Rohan Patel,rohan.patel4762@example.com,Surat,Gujarat,West
C04763,Vikash Patel,vikash.patel4763@example.com,Bhubaneswar,Odisha,East
C04764,Karan Sharma,karan.sharma4764@example.com,Kochi,Kerala,South
C04765,Neha Kumar,neha.kumar4765@example.com,Bengaluru,Karnataka,South
C04766,Isha Singh,isha.singh4766@example.com,Ahmedabad,Gujarat,West
C04767,Vikash Verma,vikash.verma4767@example.com,Chennai,Tamil Nadu,South
C04768,Sneha Sharma,sneha.sharma4768@example.com,Bhubaneswar,Odisha,East
C04769,Arjun Verma,arjun.verma4769@example.com,Bengaluru,Karnataka,South
C04770,Riya Kumar,riya.kumar4770@example.com,Chandigarh,Chandigarh,North
C04771,Riya Patel,riya.patel4771@example.com,Jaipur,Rajasthan,North
C04772,Rahul Singh,rahul.singh4772@example.com,Kolkata,West Bengal,East
C04773,Isha Mishra,isha.mishra4773@example.com,Delhi,Delhi,North
C04774,Aditi Kumar,aditi.kumar4774@example.com,Chennai,Tamil Nadu,South
C04775,Ananya Sharma,ananya.sharma4775@example.com,Chandigarh,Chandigarh,North
C04776,Rahul Verma,rahul.verma4776@example.com,Delhi,Delhi,North
C04777,Neha Sharma,neha.sharma4777@example.com,Jaipur,Rajasthan,North
C04778,Neha Agarwal,neha.agarwal4778@example.com,Kanpur,Uttar Pradesh,North
C04779,Aman Sharma,aman.sharma4779@example.com,Lucknow,Uttar Pradesh,North
C04780,Aarav Yadav,aarav.yadav4780@example.com,Kochi,Kerala,South
C04781,Sahil Agarwal,sahil.agarwal4781@example.com,Kochi,Kerala,South
C04782,Sneha Verma,sneha.verma4782@example.com,Patna,Bihar,East
C04783,Aditi Gupta,aditi.gupta4783@example.com,Hyderabad,Telangana,South
C04784,Sneha Yadav,sneha.yadav4784@example.com,Chandigarh,Chandigarh,North
C04785,Sneha Mishra,sneha.mishra4785@example.com,Hyderabad,Telangana,South
C04786,Aman Kumar,aman.kumar4786@example.com,Bengaluru,Karnataka,South
C04787,Vikash Rajput,vikash.rajput4787@example.com,Surat,Gujarat,West
C04788,Vikash Patel,vikash.patel4788@example.com,Delhi,Delhi,North
C04789,Pooja Gupta,pooja.gupta4789@example.com,Chandigarh,Chandigarh,North
C04790,Aditya Yadav,aditya.yadav4790@example.com,Kolkata,West Bengal,East
C04791,Riya Verma,riya.verma4791@example.com,Kochi,Kerala,South
C04792,Rohan Patel,rohan.patel4792@example.com,Pune,Maharashtra,West
C04793,Neha Rajput,neha.rajput4793@example.com,Kolkata,West Bengal,East
C04794,Sneha Yadav,sneha.yadav4794@example.com,Bhubaneswar,Odisha,East
C04795,Neha Yadav,neha.yadav4795@example.com,Hyderabad,Telangana,South
C04796,Priya Patel,priya.patel4796@example.com,Kochi,Kerala,South
C04797,Rohan Mishra,rohan.mishra4797@example.com,Pune,Maharashtra,West
C04798,Aman Verma,aman.verma4798@example.com,Pune,Maharashtra,West
C04799,Simran Verma,simran.verma4799@example.com,Hyderabad,Telangana,South
C04800,Sneha Mishra,sneha.mishra4800@example.com,Kolkata,West Bengal,East
C04801,Ananya Gupta,ananya.gupta4801@example.com,Pune,Maharashtra,West
C04802,Neha Kumar,neha.kumar4802@example.com,Patna,Bihar,East
C04803,Rahul Mishra,rahul.mishra4803@example.com,Bhubaneswar,Odisha,East
C04804,Sahil Agarwal,sahil.agarwal4804@example.com,Kolkata,West Bengal,East
C04805,Aditya Verma,aditya.verma4805@example.com,Pune,Maharashtra,West
C04806,Priya Mishra,priya.mishra4806@example.com,Mumbai,Maharashtra,West
C04807,Neha Mishra,neha.mishra4807@example.com,Kolkata,West Bengal,East
C04808,Vikash Yadav,vikash.yadav4808@example.com,Delhi,Delhi,North
C04809,Karan Rajput,karan.rajput4809@example.com,Mumbai,Maharashtra,West
C04810,Ankit Agarwal,ankit.agarwal4810@example.com,Chandigarh,Chandigarh,North
C04811,Neha Agarwal,neha.agarwal4811@example.com,Pune,Maharashtra,West
C04812,Rohan Rajput,rohan.rajput4812@example.com,Chennai,Tamil Nadu,South
C04813,Sneha Verma,sneha.verma4813@example.com,Chandigarh,Chandigarh,North
C04814,Kavya Patel,kavya.patel4814@example.com,Jaipur,Rajasthan,North
C04815,Rahul Singh,rahul.singh4815@example.com,Lucknow,Uttar Pradesh,North
C04816,Aarav Sharma,aarav.sharma4816@example.com,Jaipur,Rajasthan,North
C04817,Priya Singh,priya.singh4817@example.com,Chennai,Tamil Nadu,South
C04818,Ananya Verma,ananya.verma4818@example.com,Chandigarh,Chandigarh,North
C04819,Karan Gupta,karan.gupta4819@example.com,Lucknow,Uttar Pradesh,North
C04820,Ananya Agarwal,ananya.agarwal4820@example.com,Chennai,Tamil Nadu,South
C04821,Simran Yadav,simran.yadav4821@example.com,Patna,Bihar,East
C04822,Priya Kumar,priya.kumar4822@example.com,Bengaluru,Karnataka,South
C04823,Sahil Singh,sahil.singh4823@example.com,Mumbai,Maharashtra,West
C04824,Rohan Kumar,rohan.kumar4824@example.com,Kolkata,West Bengal,East
C04825,Rahul Mishra,rahul.mishra4825@example.com,Kolkata,West Bengal,East
C04826,Vikash Mishra,vikash.mishra4826@example.com,Patna,Bihar,East
C04827,Ankit Verma,ankit.verma4827@example.com,Kanpur,Uttar Pradesh,North
C04828,Rohan Yadav,rohan.yadav4828@example.com,Kanpur,Uttar Pradesh,North
C04829,Aditya Kumar,aditya.kumar4829@example.com,Kochi,Kerala,South
C04830,Kavya Rajput,kavya.rajput4830@example.com,Patna,Bihar,East
C04831,Vikash Sharma,vikash.sharma4831@example.com,Hyderabad,Telangana,South
C04832,Sneha Agarwal,sneha.agarwal4832@example.com,Mumbai,Maharashtra,West
C04833,Sneha Sharma,sneha.sharma4833@example.com,Patna,Bihar,East
C04834,Simran Patel,simran.patel4834@example.com,Chennai,Tamil Nadu,South
C04835,Arjun Patel,arjun.patel4835@example.com,Lucknow,Uttar Pradesh,North
C04836,Vikash Kumar,vikash.kumar4836@example.com,Bengaluru,Karnataka,South
C04837,Neha Kumar,neha.kumar4837@example.com,Kanpur,Uttar Pradesh,North
C04838,Karan Patel,karan.patel4838@example.com,Bengaluru,Karnataka,South
C04839,Arjun Patel,arjun.patel4839@example.com,Patna,Bihar,East
C04840,Aarav Agarwal,aarav.agarwal4840@example.com,Kolkata,West Bengal,East
C04841,Vikash Patel,vikash.patel4841@example.com,Surat,Gujarat,West
C04842,Karan Mishra,karan.mishra4842@example.com,Surat,Gujarat,West
C04843,Isha Sharma,isha.sharma4843@example.com,Patna,Bihar,East
C04844,Priya Kumar,priya.kumar4844@example.com,Jaipur,Rajasthan,North
C04845,Aman Gupta,aman.gupta4845@example.com,Surat,Gujarat,West
C04846,Sneha Rajput,sneha.rajput4846@example.com,Chennai,Tamil Nadu,South
C04847,Aditya Gupta,aditya.gupta4847@example.com,Bhubaneswar,Odisha,East
C04848,Arjun Patel,arjun.patel4848@example.com,Jaipur,Rajasthan,North
C04849,Rohan Agarwal,rohan.agarwal4849@example.com,Delhi,Delhi,North
C04850,Simran Sharma,simran.sharma4850@example.com,Bengaluru,Karnataka,South
C04851,Neha Verma,neha.verma4851@example.com,Patna,Bihar,East
C04852,Neha Rajput,neha.rajput4852@example.com,Jaipur,Rajasthan,North
C04853,Ankit Rajput,ankit.rajput4853@example.com,Chennai,Tamil Nadu,South
C04854,Ananya Mishra,ananya.mishra4854@example.com,Kolkata,West Bengal,East
C04855,Pooja Patel,pooja.patel4855@example.com,Chandigarh,Chandigarh,North
C04856,Ananya Gupta,ananya.gupta4856@example.com,Pune,Maharashtra,West
C04857,Kavya Gupta,kavya.gupta4857@example.com,Surat,Gujarat,West
C04858,Arjun Yadav,arjun.yadav4858@example.com,Lucknow,Uttar Pradesh,North
C04859,Priya Mishra,priya.mishra4859@example.com,Kanpur,Uttar Pradesh,North
C04860,Aarav Kumar,aarav.kumar4860@example.com,Kanpur,Uttar Pradesh,North
C04861,Aman Singh,aman.singh4861@example.com,Mumbai,Maharashtra,West
C04862,Ananya Singh,ananya.singh4862@example.com,Chandigarh,Chandigarh,North
C04863,Simran Verma,simran.verma4863@example.com,Lucknow,Uttar Pradesh,North
C04864,Arjun Sharma,arjun.sharma4864@example.com,Delhi,Delhi,North
C04865,Priya Agarwal,priya.agarwal4865@example.com,Lucknow,Uttar Pradesh,North
C04866,Rohan Agarwal,rohan.agarwal4866@example.com,Bhubaneswar,Odisha,East
C04867,Priya Singh,priya.singh4867@example.com,Kanpur,Uttar Pradesh,North
C04868,Aditya Kumar,aditya.kumar4868@example.com,Pune,Maharashtra,West
C04869,Arjun Kumar,arjun.kumar4869@example.com,Lucknow,Uttar Pradesh,North
C04870,Arjun Sharma,arjun.sharma4870@example.com,Kolkata,West Bengal,East
C04871,Aman Verma,aman.verma4871@example.com,Jaipur,Rajasthan,North
C04872,Arjun Rajput,arjun.rajput4872@example.com,Chennai,Tamil Nadu,South
C04873,Isha Verma,isha.verma4873@example.com,Patna,Bihar,East
C04874,Karan Yadav,karan.yadav4874@example.com,Mumbai,Maharashtra,West
C04875,Kavya Gupta,kavya.gupta4875@example.com,Jaipur,Rajasthan,North
C04876,Sneha Kumar,sneha.kumar4876@example.com,Delhi,Delhi,North
C04877,Arjun Kumar,arjun.kumar4877@example.com,Pune,Maharashtra,West
C04878,Ankit Kumar,ankit.kumar4878@example.com,Pune,Maharashtra,West
C04879,Rahul Singh,rahul.singh4879@example.com,Pune,Maharashtra,West
C04880,Vikash Patel,vikash.patel4880@example.com,Ahmedabad,Gujarat,West
C04881,Vikash Rajput,vikash.rajput4881@example.com,Bengaluru,Karnataka,South
C04882,Aditi Rajput,aditi.rajput4882@example.com,Bengaluru,Karnataka,South
C04883,Karan Rajput,karan.rajput4883@example.com,Surat,Gujarat,West
C04884,Ananya Verma,ananya.verma4884@example.com,Delhi,Delhi,North
C04885,Ankit Gupta,ankit.gupta4885@example.com,Mumbai,Maharashtra,West
C04886,Arjun Sharma,arjun.sharma4886@example.com,Lucknow,Uttar Pradesh,North
C04887,Kavya Patel,kavya.patel4887@example.com,Jaipur,Rajasthan,North
C04888,Aditi Rajput,aditi.rajput4888@example.com,Lucknow,Uttar Pradesh,North
C04889,Sneha Sharma,sneha.sharma4889@example.com,Lucknow,Uttar Pradesh,North
C04890,Priya Agarwal,priya.agarwal4890@example.com,Hyderabad,Telangana,South
C04891,Aditi Singh,aditi.singh4891@example.com,Surat,Gujarat,West
C04892,Priya Yadav,priya.yadav4892@example.com,Hyderabad,Telangana,South
C04893,Kavya Patel,kavya.patel4893@example.com,Patna,Bihar,East
C04894,Sahil Yadav,sahil.yadav4894@example.com,Chennai,Tamil Nadu,South
C04895,Riya Verma,riya.verma4895@example.com,Ahmedabad,Gujarat,West
C04896,Simran Kumar,simran.kumar4896@example.com,Jaipur,Rajasthan,North
C04897,Ananya Rajput,ananya.rajput4897@example.com,Bhubaneswar,Odisha,East
C04898,Sneha Patel,sneha.patel4898@example.com,Kochi,Kerala,South
C04899,Sneha Yadav,sneha.yadav4899@example.com,Bhubaneswar,Odisha,East
C04900,Rohan Kumar,rohan.kumar4900@example.com,Kochi,Kerala,South
C04901,Pooja Sharma,pooja.sharma4901@example.com,Chandigarh,Chandigarh,North
C04902,Priya Rajput,priya.rajput4902@example.com,Chandigarh,Chandigarh,North
C04903,Neha Patel,neha.patel4903@example.com,Delhi,Delhi,North
C04904,Pooja Kumar,pooja.kumar4904@example.com,Chandigarh,Chandigarh,North
C04905,Simran Kumar,simran.kumar4905@example.com,Pune,Maharashtra,West
C04906,Rahul Sharma,rahul.sharma4906@example.com,Kochi,Kerala,South
C04907,Kavya Kumar,kavya.kumar4907@example.com,Surat,Gujarat,West
C04908,Priya Verma,priya.verma4908@example.com,Delhi,Delhi,North
C04909,Kavya Rajput,kavya.rajput4909@example.com,Mumbai,Maharashtra,West
C04910,Sahil Mishra,sahil.mishra4910@example.com,Surat,Gujarat,West
C04911,Aman Verma,aman.verma4911@example.com,Patna,Bihar,East
C04912,Aditi Yadav,aditi.yadav4912@example.com,Kolkata,West Bengal,East
C04913,Pooja Kumar,pooja.kumar4913@example.com,Patna,Bihar,East
C04914,Aditya Patel,aditya.patel4914@example.com,Kanpur,Uttar Pradesh,North
C04915,Arjun Patel,arjun.patel4915@example.com,Patna,Bihar,East
C04916,Aditi Gupta,aditi.gupta4916@example.com,Chandigarh,Chandigarh,North
C04917,Aman Mishra,aman.mishra4917@example.com,Patna,Bihar,East
C04918,Karan Rajput,karan.rajput4918@example.com,Patna,Bihar,East
C04919,Aarav Gupta,aarav.gupta4919@example.com,Mumbai,Maharashtra,West
C04920,Priya Gupta,priya.gupta4920@example.com,Kolkata,West Bengal,East
C04921,Aditi Singh,aditi.singh4921@example.com,Chandigarh,Chandigarh,North
C04922,Isha Gupta,isha.gupta4922@example.com,Chennai,Tamil Nadu,South
C04923,Ananya Kumar,ananya.kumar4923@example.com,Hyderabad,Telangana,South
C04924,Simran Yadav,simran.yadav4924@example.com,Lucknow,Uttar Pradesh,North
C04925,Aarav Yadav,aarav.yadav4925@example.com,Hyderabad,Telangana,South
C04926,Pooja Verma,pooja.verma4926@example.com,Pune,Maharashtra,West
C04927,Priya Verma,priya.verma4927@example.com,Chennai,Tamil Nadu,South
C04928,Kavya Gupta,kavya.gupta4928@example.com,Chennai,Tamil Nadu,South
C04929,Simran Patel,simran.patel4929@example.com,Pune,Maharashtra,West
C04930,Rohan Patel,rohan.patel4930@example.com,Ahmedabad,Gujarat,West
C04931,Simran Agarwal,simran.agarwal4931@example.com,Ahmedabad,Gujarat,West
C04932,Aman Yadav,aman.yadav4932@example.com,Patna,Bihar,East
C04933,Aarav Patel,aarav.patel4933@example.com,Kanpur,Uttar Pradesh,North
C04934,Neha Kumar,neha.kumar4934@example.com,Chennai,Tamil Nadu,South
C04935,Arjun Mishra,arjun.mishra4935@example.com,Patna,Bihar,East
C04936,Sneha Agarwal,sneha.agarwal4936@example.com,Surat,Gujarat,West
C04937,Arjun Yadav,arjun.yadav4937@example.com,Kochi,Kerala,South
C04938,Karan Gupta,karan.gupta4938@example.com,Chandigarh,Chandigarh,North
C04939,Ananya Sharma,ananya.sharma4939@example.com,Patna,Bihar,East
C04940,Aman Verma,aman.verma4940@example.com,Delhi,Delhi,North
C04941,Priya Patel,priya.patel4941@example.com,Patna,Bihar,East
C04942,Riya Kumar,riya.kumar4942@example.com,Surat,Gujarat,West
C04943,Priya Yadav,priya.yadav4943@example.com,Chennai,Tamil Nadu,South
C04944,Aditi Mishra,aditi.mishra4944@example.com,Pune,Maharashtra,West
C04945,Karan Agarwal,karan.agarwal4945@example.com,Kanpur,Uttar Pradesh,North
C04946,Sahil Sharma,sahil.sharma4946@example.com,Pune,Maharashtra,West
C04947,Isha Mishra,isha.mishra4947@example.com,Bengaluru,Karnataka,South
C04948,Aman Rajput,aman.rajput4948@example.com,Kolkata,West Bengal,East
C04949,Aarav Gupta,aarav.gupta4949@example.com,Surat,Gujarat,West
C04950,Karan Kumar,karan.kumar4950@example.com,Bengaluru,Karnataka,South
C04951,Aarav Sharma,aarav.sharma4951@example.com,Kolkata,West Bengal,East
C04952,Arjun Patel,arjun.patel4952@example.com,Bhubaneswar,Odisha,East
C04953,Rohan Yadav,rohan.yadav4953@example.com,Kochi,Kerala,South
C04954,Riya Kumar,riya.kumar4954@example.com,Bhubaneswar,Odisha,East
C04955,Priya Singh,priya.singh4955@example.com,Surat,Gujarat,West
C04956,Sneha Gupta,sneha.gupta4956@example.com,Pune,Maharashtra,West
C04957,Aditi Yadav,aditi.yadav4957@example.com,Bengaluru,Karnataka,South
C04958,Vikash Agarwal,vikash.agarwal4958@example.com,Chandigarh,Chandigarh,North
C04959,Priya Sharma,priya.sharma4959@example.com,Kanpur,Uttar Pradesh,North
C04960,Aditya Patel,aditya.patel4960@example.com,Patna,Bihar,East
C04961,Ananya Kumar,ananya.kumar4961@example.com,Chennai,Tamil Nadu,South
C04962,Neha Mishra,neha.mishra4962@example.com,Delhi,Delhi,North
C04963,Pooja Patel,pooja.patel4963@example.com,Kochi,Kerala,South
C04964,Vikash Patel,vikash.patel4964@example.com,Jaipur,Rajasthan,North
C04965,Sahil Patel,sahil.patel4965@example.com,Jaipur,Rajasthan,North
C04966,Isha Sharma,isha.sharma4966@example.com,Chandigarh,Chandigarh,North
C04967,Kavya Singh,kavya.singh4967@example.com,Lucknow,Uttar Pradesh,North
C04968,Rohan Kumar,rohan.kumar4968@example.com,Kanpur,Uttar Pradesh,North
C04969,Isha Kumar,isha.kumar4969@example.com,Ahmedabad,Gujarat,West
C04970,Arjun Patel,arjun.patel4970@example.com,Hyderabad,Telangana,South
C04971,Priya Singh,priya.singh4971@example.com,Kolkata,West Bengal,East
C04972,Priya Singh,priya.singh4972@example.com,Patna,Bihar,East
C04973,Neha Mishra,neha.mishra4973@example.com,Jaipur,Rajasthan,North
C04974,Isha Rajput,isha.rajput4974@example.com,Kochi,Kerala,South
C04975,Rohan Mishra,rohan.mishra4975@example.com,Lucknow,Uttar Pradesh,North
C04976,Karan Yadav,karan.yadav4976@example.com,Mumbai,Maharashtra,West
C04977,Rahul Gupta,rahul.gupta4977@example.com,Ahmedabad,Gujarat,West
C04978,Aman Sharma,aman.sharma4978@example.com,Delhi,Delhi,North
C04979,Aditya Verma,aditya.verma4979@example.com,Patna,Bihar,East
C04980,Aditya Sharma,aditya.sharma4980@example.com,Ahmedabad,Gujarat,West
C04981,Aman Kumar,aman.kumar4981@example.com,Chandigarh,Chandigarh,North
C04982,Isha Patel,isha.patel4982@example.com,Chennai,Tamil Nadu,South
C04983,Neha Rajput,neha.rajput4983@example.com,Delhi,Delhi,North
C04984,Isha Gupta,isha.gupta4984@example.com,Patna,Bihar,East
C04985,Aarav Rajput,aarav.rajput4985@example.com,Lucknow,Uttar Pradesh,North
C04986,Aditya Verma,aditya.verma4986@example.com,Jaipur,Rajasthan,North
C04987,Karan Verma,karan.verma4987@example.com,Patna,Bihar,East
C04988,Aarav Patel,aarav.patel4988@example.com,Lucknow,Uttar Pradesh,North
C04989,Simran Patel,simran.patel4989@example.com,Mumbai,Maharashtra,West
C04990,Neha Verma,neha.verma4990@example.com,Chandigarh,Chandigarh,North
C04991,Riya Sharma,riya.sharma4991@example.com,Bengaluru,Karnataka,South
C04992,Ankit Mishra,ankit.mishra4992@example.com,Hyderabad,Telangana,South
C04993,Isha Rajput,isha.rajput4993@example.com,Mumbai,Maharashtra,West
C04994,Karan Agarwal,karan.agarwal4994@example.com,Surat,Gujarat,West
C04995,Priya Verma,priya.verma4995@example.com,Chennai,Tamil Nadu,South
C04996,Ankit Rajput,ankit.rajput4996@example.com,Kanpur,Uttar Pradesh,North
C04997,Sahil Yadav,sahil.yadav4997@example.com,Delhi,Delhi,North
C04998,Sneha Agarwal,sneha.agarwal4998@example.com,Kochi,Kerala,South
C04999,Karan Kumar,karan.kumar4999@example.com,Kanpur,Uttar Pradesh,North
C05000,Aditya Rajput,aditya.rajput5000@example.com,Kanpur,Uttar Pradesh,North
C05001,Karan Verma,karan.verma5001@example.com,Bengaluru,Karnataka,South
C05002,Karan Agarwal,karan.agarwal5002@example.com,Bengaluru,Karnataka,South
C05003,Ananya Yadav,ananya.yadav5003@example.com,Jaipur,Rajasthan,North
C05004,Aman Agarwal,aman.agarwal5004@example.com,Surat,Gujarat,West
C05005,Karan Mishra,karan.mishra5005@example.com,Delhi,Delhi,North
C05006,Sahil Sharma,sahil.sharma5006@example.com,Pune,Maharashtra,West
C05007,Vikash Patel,vikash.patel5007@example.com,Pune,Maharashtra,West
C05008,Kavya Rajput,kavya.rajput5008@example.com,Chennai,Tamil Nadu,South
C05009,Sneha Rajput,sneha.rajput5009@example.com,Mumbai,Maharashtra,West
C05010,Kavya Yadav,kavya.yadav5010@example.com,Bengaluru,Karnataka,South
C05011,Aman Singh,aman.singh5011@example.com,Kanpur,Uttar Pradesh,North
C05012,Aarav Sharma,aarav.sharma5012@example.com,Jaipur,Rajasthan,North
C05013,Aarav Gupta,aarav.gupta5013@example.com,Delhi,Delhi,North
C05014,Sahil Yadav,sahil.yadav5014@example.com,Kochi,Kerala,South
C05015,Simran Kumar,simran.kumar5015@example.com,Kanpur,Uttar Pradesh,North
C05016,Aditya Patel,aditya.patel5016@example.com,Pune,Maharashtra,West
C05017,Karan Rajput,karan.rajput5017@example.com,Hyderabad,Telangana,South
C05018,Arjun Gupta,arjun.gupta5018@example.com,Kolkata,West Bengal,East
C05019,Aarav Gupta,aarav.gupta5019@example.com,Jaipur,Rajasthan,North
C05020,Rahul Gupta,rahul.gupta5020@example.com,Chandigarh,Chandigarh,North
C05021,Ankit Yadav,ankit.yadav5021@example.com,Pune,Maharashtra,West
C05022,Rahul Sharma,rahul.sharma5022@example.com,Patna,Bihar,East
C05023,Vikash Sharma,vikash.sharma5023@example.com,Kanpur,Uttar Pradesh,North
C05024,Arjun Verma,arjun.verma5024@example.com,Bhubaneswar,Odisha,East
C05025,Simran Mishra,simran.mishra5025@example.com,Surat,Gujarat,West
C05026,Ankit Sharma,ankit.sharma5026@example.com,Patna,Bihar,East
C05027,Arjun Kumar,arjun.kumar5027@example.com,Pune,Maharashtra,West
C05028,Arjun Rajput,arjun.rajput5028@example.com,Kochi,Kerala,South
C05029,Aarav Sharma,aarav.sharma5029@example.com,Patna,Bihar,East
C05030,Pooja Yadav,pooja.yadav5030@example.com,Kolkata,West Bengal,East
C05031,Vikash Sharma,vikash.sharma5031@example.com,Jaipur,Rajasthan,North
C05032,Arjun Gupta,arjun.gupta5032@example.com,Bengaluru,Karnataka,South
C05033,Kavya Verma,kavya.verma5033@example.com,Surat,Gujarat,West
C05034,Aarav Gupta,aarav.gupta5034@example.com,Pune,Maharashtra,West
C05035,Aman Yadav,aman.yadav5035@example.com,Delhi,Delhi,North
C05036,Aditya Agarwal,aditya.agarwal5036@example.com,Kolkata,West Bengal,East
C05037,Riya Yadav,riya.yadav5037@example.com,Ahmedabad,Gujarat,West
C05038,Aditya Gupta,aditya.gupta5038@example.com,Hyderabad,Telangana,South
C05039,Arjun Agarwal,arjun.agarwal5039@example.com,Hyderabad,Telangana,South
C05040,Sneha Yadav,sneha.yadav5040@example.com,Mumbai,Maharashtra,West
C05041,Ananya Patel,ananya.patel5041@example.com,Chandigarh,Chandigarh,North
C05042,Priya Patel,priya.patel5042@example.com,Kolkata,West Bengal,East
C05043,Vikash Agarwal,vikash.agarwal5043@example.com,Kochi,Kerala,South
C05044,Ananya Yadav,ananya.yadav5044@example.com,Hyderabad,Telangana,South
C05045,Sahil Kumar,sahil.kumar5045@example.com,Patna,Bihar,East
C05046,Riya Rajput,riya.rajput5046@example.com,Hyderabad,Telangana,South
C05047,Pooja Singh,pooja.singh5047@example.com,Surat,Gujarat,West
C05048,Rohan Patel,rohan.patel5048@example.com,Hyderabad,Telangana,South
C05049,Sneha Yadav,sneha.yadav5049@example.com,Mumbai,Maharashtra,West
C05050,Aditya Patel,aditya.patel5050@example.com,Chandigarh,Chandigarh,North
C05051,Aditi Patel,aditi.patel5051@example.com,Mumbai,Maharashtra,West
C05052,Simran Kumar,simran.kumar5052@example.com,Pune,Maharashtra,West
C05053,Neha Singh,neha.singh5053@example.com,Kolkata,West Bengal,East
C05054,Rahul Mishra,rahul.mishra5054@example.com,Jaipur,Rajasthan,North
C05055,Isha Singh,isha.singh5055@example.com,Delhi,Delhi,North
C05056,Ankit Mishra,ankit.mishra5056@example.com,Mumbai,Maharashtra,West
C05057,Aman Patel,aman.patel5057@example.com,Patna,Bihar,East
C05058,Rahul Patel,rahul.patel5058@example.com,Hyderabad,Telangana,South
C05059,Riya Rajput,riya.rajput5059@example.com,Kochi,Kerala,South
C05060,Aman Agarwal,aman.agarwal5060@example.com,Hyderabad,Telangana,South
C05061,Pooja Singh,pooja.singh5061@example.com,Ahmedabad,Gujarat,West
C05062,Sneha Kumar,sneha.kumar5062@example.com,Pune,Maharashtra,West
C05063,Aarav Mishra,aarav.mishra5063@example.com,Kanpur,Uttar Pradesh,North
C05064,Kavya Kumar,kavya.kumar5064@example.com,Lucknow,Uttar Pradesh,North
C05065,Sahil Verma,sahil.verma5065@example.com,Kochi,Kerala,South
C05066,Sahil Verma,sahil.verma5066@example.com,Kanpur,Uttar Pradesh,North
C05067,Karan Sharma,karan.sharma5067@example.com,Delhi,Delhi,North
C05068,Aarav Gupta,aarav.gupta5068@example.com,Kanpur,Uttar Pradesh,North
C05069,Karan Kumar,karan.kumar5069@example.com,Lucknow,Uttar Pradesh,North
C05070,Arjun Gupta,arjun.gupta5070@example.com,Bhubaneswar,Odisha,East
C05071,Rahul Rajput,rahul.rajput5071@example.com,Hyderabad,Telangana,South
C05072,Neha Sharma,neha.sharma5072@example.com,Bengaluru,Karnataka,South
C05073,Priya Rajput,priya.rajput5073@example.com,Hyderabad,Telangana,South
C05074,Karan Gupta,karan.gupta5074@example.com,Kolkata,West Bengal,East
C05075,Aditi Agarwal,aditi.agarwal5075@example.com,Patna,Bihar,East
C05076,Aditi Agarwal,aditi.agarwal5076@example.com,Jaipur,Rajasthan,North
C05077,Kavya Sharma,kavya.sharma5077@example.com,Patna,Bihar,East
C05078,Priya Patel,priya.patel5078@example.com,Delhi,Delhi,North
C05079,Ankit Yadav,ankit.yadav5079@example.com,Kochi,Kerala,South
C05080,Riya Singh,riya.singh5080@example.com,Kolkata,West Bengal,East
C05081,Simran Agarwal,simran.agarwal5081@example.com,Hyderabad,Telangana,South
C05082,Kavya Sharma,kavya.sharma5082@example.com,Kochi,Kerala,South
C05083,Aditya Yadav,aditya.yadav5083@example.com,Lucknow,Uttar Pradesh,North
C05084,Kavya Gupta,kavya.gupta5084@example.com,Lucknow,Uttar Pradesh,North
C05085,Arjun Verma,arjun.verma5085@example.com,Kanpur,Uttar Pradesh,North
C05086,Sneha Rajput,sneha.rajput5086@example.com,Chennai,Tamil Nadu,South
C05087,Aman Agarwal,aman.agarwal5087@example.com,Patna,Bihar,East
C05088,Aditya Patel,aditya.patel5088@example.com,Bengaluru,Karnataka,South
C05089,Riya Yadav,riya.yadav5089@example.com,Pune,Maharashtra,West
C05090,Aditi Rajput,aditi.rajput5090@example.com,Kanpur,Uttar Pradesh,North
C05091,Aarav Kumar,aarav.kumar5091@example.com,Delhi,Delhi,North
C05092,Isha Yadav,isha.yadav5092@example.com,Lucknow,Uttar Pradesh,North
C05093,Isha Kumar,isha.kumar5093@example.com,Bhubaneswar,Odisha,East
C05094,Ankit Agarwal,ankit.agarwal5094@example.com,Kochi,Kerala,South
C05095,Riya Sharma,riya.sharma5095@example.com,Surat,Gujarat,West
C05096,Simran Singh,simran.singh5096@example.com,Patna,Bihar,East
C05097,Vikash Yadav,vikash.yadav5097@example.com,Bengaluru,Karnataka,South
C05098,Vikash Sharma,vikash.sharma5098@example.com,Bengaluru,Karnataka,South
C05099,Aditi Patel,aditi.patel5099@example.com,Kolkata,West Bengal,East
C05100,Rahul Kumar,rahul.kumar5100@example.com,Lucknow,Uttar Pradesh,North
C05101,Karan Yadav,karan.yadav5101@example.com,Patna,Bihar,East
C05102,Aman Sharma,aman.sharma5102@example.com,Kochi,Kerala,South
C05103,Vikash Rajput,vikash.rajput5103@example.com,Jaipur,Rajasthan,North
C05104,Sahil Kumar,sahil.kumar5104@example.com,Ahmedabad,Gujarat,West
C05105,Priya Agarwal,priya.agarwal5105@example.com,Patna,Bihar,East
C05106,Aman Yadav,aman.yadav5106@example.com,Kanpur,Uttar Pradesh,North
C05107,Rahul Kumar,rahul.kumar5107@example.com,Chandigarh,Chandigarh,North
C05108,Rohan Agarwal,rohan.agarwal5108@example.com,Delhi,Delhi,North
C05109,Sneha Yadav,sneha.yadav5109@example.com,Hyderabad,Telangana,South
C05110,Pooja Sharma,pooja.sharma5110@example.com,Hyderabad,Telangana,South
C05111,Riya Singh,riya.singh5111@example.com,Kolkata,West Bengal,East
C05112,Kavya Sharma,kavya.sharma5112@example.com,Surat,Gujarat,West
C05113,Pooja Mishra,pooja.mishra5113@example.com,Kolkata,West Bengal,East
C05114,Arjun Singh,arjun.singh5114@example.com,Lucknow,Uttar Pradesh,North
C05115,Ankit Patel,ankit.patel5115@example.com,Patna,Bihar,East
C05116,Neha Mishra,neha.mishra5116@example.com,Ahmedabad,Gujarat,West
C05117,Rohan Singh,rohan.singh5117@example.com,Delhi,Delhi,North
C05118,Vikash Singh,vikash.singh5118@example.com,Mumbai,Maharashtra,West
C05119,Karan Yadav,karan.yadav5119@example.com,Hyderabad,Telangana,South
C05120,Riya Gupta,riya.gupta5120@example.com,Patna,Bihar,East
C05121,Arjun Kumar,arjun.kumar5121@example.com,Kolkata,West Bengal,East
C05122,Rahul Mishra,rahul.mishra5122@example.com,Jaipur,Rajasthan,North
C05123,Aman Verma,aman.verma5123@example.com,Chandigarh,Chandigarh,North
C05124,Sahil Kumar,sahil.kumar5124@example.com,Kochi,Kerala,South
C05125,Aarav Patel,aarav.patel5125@example.com,Jaipur,Rajasthan,North
C05126,Isha Sharma,isha.sharma5126@example.com,Kanpur,Uttar Pradesh,North
C05127,Isha Gupta,isha.gupta5127@example.com,Delhi,Delhi,North
C05128,Sahil Kumar,sahil.kumar5128@example.com,Chennai,Tamil Nadu,South
C05129,Aman Yadav,aman.yadav5129@example.com,Pune,Maharashtra,West
C05130,Karan Yadav,karan.yadav5130@example.com,Patna,Bihar,East
C05131,Kavya Verma,kavya.verma5131@example.com,Kanpur,Uttar Pradesh,North
C05132,Vikash Rajput,vikash.rajput5132@example.com,Lucknow,Uttar Pradesh,North
C05133,Rohan Kumar,rohan.kumar5133@example.com,Chandigarh,Chandigarh,North
C05134,Arjun Yadav,arjun.yadav5134@example.com,Lucknow,Uttar Pradesh,North
C05135,Simran Kumar,simran.kumar5135@example.com,Ahmedabad,Gujarat,West
C05136,Pooja Patel,pooja.patel5136@example.com,Ahmedabad,Gujarat,West
C05137,Ankit Rajput,ankit.rajput5137@example.com,Jaipur,Rajasthan,North
C05138,Pooja Sharma,pooja.sharma5138@example.com,Chennai,Tamil Nadu,South
C05139,Neha Sharma,neha.sharma5139@example.com,Pune,Maharashtra,West
C05140,Ananya Rajput,ananya.rajput5140@example.com,Bhubaneswar,Odisha,East
C05141,Aditi Verma,aditi.verma5141@example.com,Chandigarh,Chandigarh,North
C05142,Kavya Agarwal,kavya.agarwal5142@example.com,Kolkata,West Bengal,East
C05143,Vikash Verma,vikash.verma5143@example.com,Bengaluru,Karnataka,South
C05144,Kavya Singh,kavya.singh5144@example.com,Kolkata,West Bengal,East
C05145,Aditi Sharma,aditi.sharma5145@example.com,Kolkata,West Bengal,East
C05146,Arjun Mishra,arjun.mishra5146@example.com,Lucknow,Uttar Pradesh,North
C05147,Rohan Sharma,rohan.sharma5147@example.com,Hyderabad,Telangana,South
C05148,Ankit Rajput,ankit.rajput5148@example.com,Surat,Gujarat,West
C05149,Sneha Patel,sneha.patel5149@example.com,Bengaluru,Karnataka,South
C05150,Riya Agarwal,riya.agarwal5150@example.com,Chennai,Tamil Nadu,South
C05151,Sahil Yadav,sahil.yadav5151@example.com,Patna,Bihar,East
C05152,Neha Agarwal,neha.agarwal5152@example.com,Chandigarh,Chandigarh,North
C05153,Kavya Patel,kavya.patel5153@example.com,Lucknow,Uttar Pradesh,North
C05154,Kavya Patel,kavya.patel5154@example.com,Lucknow,Uttar Pradesh,North
C05155,Ankit Gupta,ankit.gupta5155@example.com,Surat,Gujarat,West
C05156,Sahil Agarwal,sahil.agarwal5156@example.com,Ahmedabad,Gujarat,West
C05157,Priya Patel,priya.patel5157@example.com,Ahmedabad,Gujarat,West
C05158,Simran Verma,simran.verma5158@example.com,Hyderabad,Telangana,South
C05159,Sahil Verma,sahil.verma5159@example.com,Chennai,Tamil Nadu,South
C05160,Isha Rajput,isha.rajput5160@example.com,Surat,Gujarat,West
C05161,Ankit Agarwal,ankit.agarwal5161@example.com,Kolkata,West Bengal,East
C05162,Karan Agarwal,karan.agarwal5162@example.com,Chandigarh,Chandigarh,North
C05163,Sahil Verma,sahil.verma5163@example.com,Hyderabad,Telangana,South
C05164,Riya Mishra,riya.mishra5164@example.com,Chennai,Tamil Nadu,South
C05165,Karan Yadav,karan.yadav5165@example.com,Mumbai,Maharashtra,West
C05166,Rahul Gupta,rahul.gupta5166@example.com,Ahmedabad,Gujarat,West
C05167,Karan Agarwal,karan.agarwal5167@example.com,Chennai,Tamil Nadu,South
C05168,Vikash Yadav,vikash.yadav5168@example.com,Hyderabad,Telangana,South
C05169,Aman Rajput,aman.rajput5169@example.com,Patna,Bihar,East
C05170,Ankit Agarwal,ankit.agarwal5170@example.com,Bhubaneswar,Odisha,East
C05171,Riya Patel,riya.patel5171@example.com,Chandigarh,Chandigarh,North
C05172,Ankit Agarwal,ankit.agarwal5172@example.com,Lucknow,Uttar Pradesh,North
C05173,Ankit Singh,ankit.singh5173@example.com,Kochi,Kerala,South
C05174,Riya Rajput,riya.rajput5174@example.com,Delhi,Delhi,North
C05175,Arjun Verma,arjun.verma5175@example.com,Surat,Gujarat,West
C05176,Kavya Yadav,kavya.yadav5176@example.com,Surat,Gujarat,West
C05177,Isha Agarwal,isha.agarwal5177@example.com,Kolkata,West Bengal,East
C05178,Karan Gupta,karan.gupta5178@example.com,Jaipur,Rajasthan,North
C05179,Pooja Yadav,pooja.yadav5179@example.com,Kanpur,Uttar Pradesh,North
C05180,Kavya Rajput,kavya.rajput5180@example.com,Kochi,Kerala,South
C05181,Priya Singh,priya.singh5181@example.com,Chandigarh,Chandigarh,North
C05182,Vikash Singh,vikash.singh5182@example.com,Hyderabad,Telangana,South
C05183,Aditya Sharma,aditya.sharma5183@example.com,Lucknow,Uttar Pradesh,North
C05184,Ankit Singh,ankit.singh5184@example.com,Surat,Gujarat,West
C05185,Rohan Singh,rohan.singh5185@example.com,Kolkata,West Bengal,East
C05186,Karan Sharma,karan.sharma5186@example.com,Jaipur,Rajasthan,North
C05187,Aarav Singh,aarav.singh5187@example.com,Chennai,Tamil Nadu,South
C05188,Aditi Gupta,aditi.gupta5188@example.com,Bengaluru,Karnataka,South
C05189,Pooja Verma,pooja.verma5189@example.com,Ahmedabad,Gujarat,West
C05190,Aman Agarwal,aman.agarwal5190@example.com,Surat,Gujarat,West
C05191,Riya Patel,riya.patel5191@example.com,Ahmedabad,Gujarat,West
C05192,Rohan Sharma,rohan.sharma5192@example.com,Chennai,Tamil Nadu,South
C05193,Aman Kumar,aman.kumar5193@example.com,Kochi,Kerala,South
C05194,Karan Mishra,karan.mishra5194@example.com,Delhi,Delhi,North
C05195,Vikash Singh,vikash.singh5195@example.com,Surat,Gujarat,West
C05196,Kavya Singh,kavya.singh5196@example.com,Kanpur,Uttar Pradesh,North
C05197,Aman Rajput,aman.rajput5197@example.com,Ahmedabad,Gujarat,West
C05198,Aman Yadav,aman.yadav5198@example.com,Mumbai,Maharashtra,West
C05199,Vikash Verma,vikash.verma5199@example.com,Surat,Gujarat,West
C05200,Rahul Sharma,rahul.sharma5200@example.com,Ahmedabad,Gujarat,West
C05201,Sahil Rajput,sahil.rajput5201@example.com,Kochi,Kerala,South
C05202,Sneha Verma,sneha.verma5202@example.com,Ahmedabad,Gujarat,West
C05203,Rahul Singh,rahul.singh5203@example.com,Kolkata,West Bengal,East
C05204,Sneha Yadav,sneha.yadav5204@example.com,Chandigarh,Chandigarh,North
C05205,Neha Agarwal,neha.agarwal5205@example.com,Kochi,Kerala,South
C05206,Aarav Mishra,aarav.mishra5206@example.com,Surat,Gujarat,West
C05207,Karan Yadav,karan.yadav5207@example.com,Kolkata,West Bengal,East
C05208,Isha Patel,isha.patel5208@example.com,Chennai,Tamil Nadu,South
C05209,Aarav Yadav,aarav.yadav5209@example.com,Kochi,Kerala,South
C05210,Sneha Agarwal,sneha.agarwal5210@example.com,Pune,Maharashtra,West
C05211,Ananya Kumar,ananya.kumar5211@example.com,Lucknow,Uttar Pradesh,North
C05212,Aditi Rajput,aditi.rajput5212@example.com,Mumbai,Maharashtra,West
C05213,Neha Verma,neha.verma5213@example.com,Pune,Maharashtra,West
C05214,Priya Patel,priya.patel5214@example.com,Kochi,Kerala,South
C05215,Ankit Verma,ankit.verma5215@example.com,Bengaluru,Karnataka,South
C05216,Aman Rajput,aman.rajput5216@example.com,Patna,Bihar,East
C05217,Aarav Agarwal,aarav.agarwal5217@example.com,Ahmedabad,Gujarat,West
C05218,Arjun Yadav,arjun.yadav5218@example.com,Delhi,Delhi,North
C05219,Neha Agarwal,neha.agarwal5219@example.com,Hyderabad,Telangana,South
C05220,Ananya Rajput,ananya.rajput5220@example.com,Delhi,Delhi,North
C05221,Kavya Rajput,kavya.rajput5221@example.com,Bhubaneswar,Odisha,East
C05222,Pooja Singh,pooja.singh5222@example.com,Kolkata,West Bengal,East
C05223,Ankit Patel,ankit.patel5223@example.com,Ahmedabad,Gujarat,West
C05224,Ankit Patel,ankit.patel5224@example.com,Surat,Gujarat,West
C05225,Kavya Kumar,kavya.kumar5225@example.com,Mumbai,Maharashtra,West
C05226,Aman Agarwal,aman.agarwal5226@example.com,Pune,Maharashtra,West
C05227,Aditya Rajput,aditya.rajput5227@example.com,Hyderabad,Telangana,South
C05228,Aditya Verma,aditya.verma5228@example.com,Lucknow,Uttar Pradesh,North
C05229,Vikash Singh,vikash.singh5229@example.com,Jaipur,Rajasthan,North
C05230,Ankit Singh,ankit.singh5230@example.com,Surat,Gujarat,West
C05231,Sneha Kumar,sneha.kumar5231@example.com,Bengaluru,Karnataka,South
C05232,Rohan Rajput,rohan.rajput5232@example.com,Surat,Gujarat,West
C05233,Vikash Verma,vikash.verma5233@example.com,Kolkata,West Bengal,East
C05234,Sahil Kumar,sahil.kumar5234@example.com,Lucknow,Uttar Pradesh,North
C05235,Aman Singh,aman.singh5235@example.com,Jaipur,Rajasthan,North
C05236,Simran Kumar,simran.kumar5236@example.com,Bengaluru,Karnataka,South
C05237,Riya Yadav,riya.yadav5237@example.com,Kolkata,West Bengal,East
C05238,Vikash Verma,vikash.verma5238@example.com,Delhi,Delhi,North
C05239,Karan Agarwal,karan.agarwal5239@example.com,Lucknow,Uttar Pradesh,North
C05240,Arjun Singh,arjun.singh5240@example.com,Surat,Gujarat,West
C05241,Vikash Mishra,vikash.mishra5241@example.com,Kanpur,Uttar Pradesh,North
C05242,Sneha Mishra,sneha.mishra5242@example.com,Hyderabad,Telangana,South
C05243,Vikash Kumar,vikash.kumar5243@example.com,Mumbai,Maharashtra,West
C05244,Aman Sharma,aman.sharma5244@example.com,Chennai,Tamil Nadu,South
C05245,Vikash Gupta,vikash.gupta5245@example.com,Delhi,Delhi,North
C05246,Isha Mishra,isha.mishra5246@example.com,Jaipur,Rajasthan,North
C05247,Neha Kumar,neha.kumar5247@example.com,Mumbai,Maharashtra,West
C05248,Aditya Yadav,aditya.yadav5248@example.com,Chandigarh,Chandigarh,North
C05249,Rohan Verma,rohan.verma5249@example.com,Hyderabad,Telangana,South
C05250,Simran Gupta,simran.gupta5250@example.com,Bhubaneswar,Odisha,East
C05251,Aman Yadav,aman.yadav5251@example.com,Mumbai,Maharashtra,West
C05252,Rahul Verma,rahul.verma5252@example.com,Mumbai,Maharashtra,West
C05253,Aditi Sharma,aditi.sharma5253@example.com,Lucknow,Uttar Pradesh,North
C05254,Neha Kumar,neha.kumar5254@example.com,Delhi,Delhi,North
C05255,Sahil Yadav,sahil.yadav5255@example.com,Patna,Bihar,East
C05256,Neha Mishra,neha.mishra5256@example.com,Kochi,Kerala,South
C05257,Isha Yadav,isha.yadav5257@example.com,Hyderabad,Telangana,South
C05258,Aditi Agarwal,aditi.agarwal5258@example.com,Kochi,Kerala,South
C05259,Ankit Mishra,ankit.mishra5259@example.com,Kolkata,West Bengal,East
C05260,Vikash Mishra,vikash.mishra5260@example.com,Patna,Bihar,East
C05261,Rohan Sharma,rohan.sharma5261@example.com,Pune,Maharashtra,West
C05262,Arjun Agarwal,arjun.agarwal5262@example.com,Hyderabad,Telangana,South
C05263,Sahil Singh,sahil.singh5263@example.com,Kolkata,West Bengal,East
C05264,Neha Rajput,neha.rajput5264@example.com,Bengaluru,Karnataka,South
C05265,Ananya Sharma,ananya.sharma5265@example.com,Chennai,Tamil Nadu,South
C05266,Kavya Verma,kavya.verma5266@example.com,Delhi,Delhi,North
C05267,Karan Rajput,karan.rajput5267@example.com,Chandigarh,Chandigarh,North
C05268,Sneha Agarwal,sneha.agarwal5268@example.com,Chandigarh,Chandigarh,North
C05269,Sahil Rajput,sahil.rajput5269@example.com,Ahmedabad,Gujarat,West
C05270,Rohan Sharma,rohan.sharma5270@example.com,Ahmedabad,Gujarat,West
C05271,Sneha Gupta,sneha.gupta5271@example.com,Patna,Bihar,East
C05272,Neha Yadav,neha.yadav5272@example.com,Bhubaneswar,Odisha,East
C05273,Ananya Verma,ananya.verma5273@example.com,Bhubaneswar,Odisha,East
C05274,Rohan Rajput,rohan.rajput5274@example.com,Jaipur,Rajasthan,North
C05275,Aman Kumar,aman.kumar5275@example.com,Kanpur,Uttar Pradesh,North
C05276,Sahil Patel,sahil.patel5276@example.com,Jaipur,Rajasthan,North
C05277,Ananya Yadav,ananya.yadav5277@example.com,Kochi,Kerala,South
C05278,Pooja Singh,pooja.singh5278@example.com,Bengaluru,Karnataka,South
C05279,Ananya Mishra,ananya.mishra5279@example.com,Patna,Bihar,East
C05280,Aditya Yadav,aditya.yadav5280@example.com,Lucknow,Uttar Pradesh,North
C05281,Ananya Patel,ananya.patel5281@example.com,Pune,Maharashtra,West
C05282,Sahil Mishra,sahil.mishra5282@example.com,Mumbai,Maharashtra,West
C05283,Aarav Singh,aarav.singh5283@example.com,Chandigarh,Chandigarh,North
C05284,Riya Gupta,riya.gupta5284@example.com,Jaipur,Rajasthan,North
C05285,Aarav Mishra,aarav.mishra5285@example.com,Pune,Maharashtra,West
C05286,Isha Patel,isha.patel5286@example.com,Delhi,Delhi,North
C05287,Sneha Rajput,sneha.rajput5287@example.com,Chennai,Tamil Nadu,South
C05288,Aditi Yadav,aditi.yadav5288@example.com,Hyderabad,Telangana,South
C05289,Aditi Patel,aditi.patel5289@example.com,Bengaluru,Karnataka,South
C05290,Ananya Sharma,ananya.sharma5290@example.com,Kanpur,Uttar Pradesh,North
C05291,Sneha Yadav,sneha.yadav5291@example.com,Kolkata,West Bengal,East
C05292,Isha Sharma,isha.sharma5292@example.com,Lucknow,Uttar Pradesh,North
C05293,Rohan Rajput,rohan.rajput5293@example.com,Chennai,Tamil Nadu,South
C05294,Sneha Gupta,sneha.gupta5294@example.com,Chandigarh,Chandigarh,North
C05295,Rohan Verma,rohan.verma5295@example.com,Lucknow,Uttar Pradesh,North
C05296,Aditi Rajput,aditi.rajput5296@example.com,Surat,Gujarat,West
C05297,Neha Verma,neha.verma5297@example.com,Jaipur,Rajasthan,North
C05298,Aditya Gupta,aditya.gupta5298@example.com,Delhi,Delhi,North
C05299,Rohan Verma,rohan.verma5299@example.com,Kolkata,West Bengal,East
C05300,Simran Verma,simran.verma5300@example.com,Kolkata,West Bengal,East
C05301,Rohan Rajput,rohan.rajput5301@example.com,Surat,Gujarat,West
C05302,Karan Sharma,karan.sharma5302@example.com,Lucknow,Uttar Pradesh,North
C05303,Vikash Sharma,vikash.sharma5303@example.com,Surat,Gujarat,West
C05304,Kavya Singh,kavya.singh5304@example.com,Ahmedabad,Gujarat,West
C05305,Sneha Kumar,sneha.kumar5305@example.com,Patna,Bihar,East
C05306,Rahul Singh,rahul.singh5306@example.com,Bhubaneswar,Odisha,East
C05307,Priya Agarwal,priya.agarwal5307@example.com,Hyderabad,Telangana,South
C05308,Kavya Gupta,kavya.gupta5308@example.com,Chennai,Tamil Nadu,South
C05309,Priya Mishra,priya.mishra5309@example.com,Chandigarh,Chandigarh,North
C05310,Simran Mishra,simran.mishra5310@example.com,Surat,Gujarat,West
C05311,Aditi Verma,aditi.verma5311@example.com,Ahmedabad,Gujarat,West
C05312,Aarav Rajput,aarav.rajput5312@example.com,Patna,Bihar,East
C05313,Ankit Patel,ankit.patel5313@example.com,Bengaluru,Karnataka,South
C05314,Kavya Rajput,kavya.rajput5314@example.com,Jaipur,Rajasthan,North
C05315,Simran Gupta,simran.gupta5315@example.com,Surat,Gujarat,West
C05316,Rahul Kumar,rahul.kumar5316@example.com,Ahmedabad,Gujarat,West
C05317,Aman Verma,aman.verma5317@example.com,Bhubaneswar,Odisha,East
C05318,Rohan Singh,rohan.singh5318@example.com,Hyderabad,Telangana,South
C05319,Pooja Rajput,pooja.rajput5319@example.com,Kolkata,West Bengal,East
C05320,Simran Patel,simran.patel5320@example.com,Bengaluru,Karnataka,South
C05321,Arjun Verma,arjun.verma5321@example.com,Mumbai,Maharashtra,West
C05322,Aditi Yadav,aditi.yadav5322@example.com,Lucknow,Uttar Pradesh,North
C05323,Priya Sharma,priya.sharma5323@example.com,Kolkata,West Bengal,East
C05324,Neha Rajput,neha.rajput5324@example.com,Chandigarh,Chandigarh,North
C05325,Pooja Yadav,pooja.yadav5325@example.com,Delhi,Delhi,North
C05326,Priya Patel,priya.patel5326@example.com,Kanpur,Uttar Pradesh,North
C05327,Sahil Verma,sahil.verma5327@example.com,Patna,Bihar,East
C05328,Kavya Rajput,kavya.rajput5328@example.com,Pune,Maharashtra,West
C05329,Neha Rajput,neha.rajput5329@example.com,Ahmedabad,Gujarat,West
C05330,Sahil Verma,sahil.verma5330@example.com,Mumbai,Maharashtra,West
C05331,Priya Kumar,priya.kumar5331@example.com,Chennai,Tamil Nadu,South
C05332,Simran Rajput,simran.rajput5332@example.com,Lucknow,Uttar Pradesh,North
C05333,Rahul Singh,rahul.singh5333@example.com,Lucknow,Uttar Pradesh,North
C05334,Aarav Kumar,aarav.kumar5334@example.com,Kolkata,West Bengal,East
C05335,Kavya Singh,kavya.singh5335@example.com,Chandigarh,Chandigarh,North
C05336,Aditya Sharma,aditya.sharma5336@example.com,Patna,Bihar,East
C05337,Vikash Sharma,vikash.sharma5337@example.com,Chandigarh,Chandigarh,North
C05338,Sahil Patel,sahil.patel5338@example.com,Hyderabad,Telangana,South
C05339,Simran Singh,simran.singh5339@example.com,Jaipur,Rajasthan,North
C05340,Vikash Gupta,vikash.gupta5340@example.com,Chennai,Tamil Nadu,South
C05341,Rahul Sharma,rahul.sharma5341@example.com,Lucknow,Uttar Pradesh,North
C05342,Aditya Agarwal,aditya.agarwal5342@example.com,Delhi,Delhi,North
C05343,Karan Kumar,karan.kumar5343@example.com,Kochi,Kerala,South
C05344,Kavya Singh,kavya.singh5344@example.com,Surat,Gujarat,West
C05345,Simran Gupta,simran.gupta5345@example.com,Lucknow,Uttar Pradesh,North
C05346,Aditi Gupta,aditi.gupta5346@example.com,Chandigarh,Chandigarh,North
C05347,Arjun Yadav,arjun.yadav5347@example.com,Surat,Gujarat,West
C05348,Vikash Mishra,vikash.mishra5348@example.com,Kanpur,Uttar Pradesh,North
C05349,Kavya Agarwal,kavya.agarwal5349@example.com,Ahmedabad,Gujarat,West
C05350,Sahil Sharma,sahil.sharma5350@example.com,Kochi,Kerala,South
C05351,Priya Kumar,priya.kumar5351@example.com,Patna,Bihar,East
C05352,Sneha Patel,sneha.patel5352@example.com,Bengaluru,Karnataka,South
C05353,Sahil Rajput,sahil.rajput5353@example.com,Kolkata,West Bengal,East
C05354,Aman Gupta,aman.gupta5354@example.com,Chennai,Tamil Nadu,South
C05355,Karan Verma,karan.verma5355@example.com,Bhubaneswar,Odisha,East
C05356,Rohan Kumar,rohan.kumar5356@example.com,Jaipur,Rajasthan,North
C05357,Arjun Sharma,arjun.sharma5357@example.com,Kanpur,Uttar Pradesh,North
C05358,Rohan Singh,rohan.singh5358@example.com,Bhubaneswar,Odisha,East
C05359,Rohan Kumar,rohan.kumar5359@example.com,Lucknow,Uttar Pradesh,North
C05360,Sahil Patel,sahil.patel5360@example.com,Chennai,Tamil Nadu,South
C05361,Simran Verma,simran.verma5361@example.com,Patna,Bihar,East
C05362,Pooja Rajput,pooja.rajput5362@example.com,Kanpur,Uttar Pradesh,North
C05363,Riya Agarwal,riya.agarwal5363@example.com,Bengaluru,Karnataka,South
C05364,Karan Yadav,karan.yadav5364@example.com,Jaipur,Rajasthan,North
C05365,Ananya Kumar,ananya.kumar5365@example.com,Kochi,Kerala,South
C05366,Karan Patel,karan.patel5366@example.com,Lucknow,Uttar Pradesh,North
C05367,Aditya Sharma,aditya.sharma5367@example.com,Surat,Gujarat,West
C05368,Neha Kumar,neha.kumar5368@example.com,Patna,Bihar,East
C05369,Sneha Rajput,sneha.rajput5369@example.com,Chennai,Tamil Nadu,South
C05370,Sneha Kumar,sneha.kumar5370@example.com,Chennai,Tamil Nadu,South
C05371,Pooja Patel,pooja.patel5371@example.com,Mumbai,Maharashtra,West
C05372,Aarav Kumar,aarav.kumar5372@example.com,Surat,Gujarat,West
C05373,Pooja Singh,pooja.singh5373@example.com,Patna,Bihar,East
C05374,Priya Kumar,priya.kumar5374@example.com,Jaipur,Rajasthan,North
C05375,Rohan Verma,rohan.verma5375@example.com,Patna,Bihar,East
C05376,Ankit Verma,ankit.verma5376@example.com,Mumbai,Maharashtra,West
C05377,Pooja Sharma,pooja.sharma5377@example.com,Delhi,Delhi,North
C05378,Ananya Patel,ananya.patel5378@example.com,Hyderabad,Telangana,South
C05379,Priya Sharma,priya.sharma5379@example.com,Kanpur,Uttar Pradesh,North
C05380,Kavya Mishra,kavya.mishra5380@example.com,Pune,Maharashtra,West
C05381,Karan Kumar,karan.kumar5381@example.com,Chennai,Tamil Nadu,South
C05382,Isha Gupta,isha.gupta5382@example.com,Kochi,Kerala,South
C05383,Isha Agarwal,isha.agarwal5383@example.com,Pune,Maharashtra,West
C05384,Pooja Sharma,pooja.sharma5384@example.com,Bhubaneswar,Odisha,East
C05385,Simran Mishra,simran.mishra5385@example.com,Bengaluru,Karnataka,South
C05386,Riya Yadav,riya.yadav5386@example.com,Jaipur,Rajasthan,North
C05387,Sahil Patel,sahil.patel5387@example.com,Delhi,Delhi,North
C05388,Pooja Agarwal,pooja.agarwal5388@example.com,Lucknow,Uttar Pradesh,North
C05389,Kavya Rajput,kavya.rajput5389@example.com,Bhubaneswar,Odisha,East
C05390,Aditi Agarwal,aditi.agarwal5390@example.com,Ahmedabad,Gujarat,West
C05391,Priya Agarwal,priya.agarwal5391@example.com,Ahmedabad,Gujarat,West
C05392,Sneha Gupta,sneha.gupta5392@example.com,Bengaluru,Karnataka,South
C05393,Aditya Verma,aditya.verma5393@example.com,Surat,Gujarat,West
C05394,Neha Gupta,neha.gupta5394@example.com,Delhi,Delhi,North
C05395,Isha Verma,isha.verma5395@example.com,Jaipur,Rajasthan,North
C05396,Aman Yadav,aman.yadav5396@example.com,Ahmedabad,Gujarat,West
C05397,Neha Sharma,neha.sharma5397@example.com,Kolkata,West Bengal,East
C05398,Aditya Singh,aditya.singh5398@example.com,Surat,Gujarat,West
C05399,Riya Mishra,riya.mishra5399@example.com,Kolkata,West Bengal,East
C05400,Aarav Mishra,aarav.mishra5400@example.com,Bengaluru,Karnataka,South
C05401,Aditi Sharma,aditi.sharma5401@example.com,Patna,Bihar,East
C05402,Simran Verma,simran.verma5402@example.com,Bengaluru,Karnataka,South
C05403,Rahul Verma,rahul.verma5403@example.com,Kochi,Kerala,South
C05404,Riya Patel,riya.patel5404@example.com,Mumbai,Maharashtra,West
C05405,Riya Verma,riya.verma5405@example.com,Delhi,Delhi,North
C05406,Pooja Singh,pooja.singh5406@example.com,Chennai,Tamil Nadu,South
C05407,Aman Yadav,aman.yadav5407@example.com,Delhi,Delhi,North
C05408,Rahul Kumar,rahul.kumar5408@example.com,Surat,Gujarat,West
C05409,Vikash Gupta,vikash.gupta5409@example.com,Surat,Gujarat,West
C05410,Pooja Kumar,pooja.kumar5410@example.com,Kolkata,West Bengal,East
C05411,Karan Kumar,karan.kumar5411@example.com,Hyderabad,Telangana,South
C05412,Rahul Gupta,rahul.gupta5412@example.com,Bengaluru,Karnataka,South
C05413,Riya Mishra,riya.mishra5413@example.com,Lucknow,Uttar Pradesh,North
C05414,Arjun Kumar,arjun.kumar5414@example.com,Kanpur,Uttar Pradesh,North
C05415,Aarav Verma,aarav.verma5415@example.com,Lucknow,Uttar Pradesh,North
C05416,Ankit Kumar,ankit.kumar5416@example.com,Kanpur,Uttar Pradesh,North
C05417,Sneha Patel,sneha.patel5417@example.com,Kanpur,Uttar Pradesh,North
C05418,Isha Mishra,isha.mishra5418@example.com,Bhubaneswar,Odisha,East
C05419,Isha Singh,isha.singh5419@example.com,Patna,Bihar,East
C05420,Aditi Gupta,aditi.gupta5420@example.com,Lucknow,Uttar Pradesh,North
C05421,Ananya Singh,ananya.singh5421@example.com,Hyderabad,Telangana,South
C05422,Vikash Rajput,vikash.rajput5422@example.com,Pune,Maharashtra,West
C05423,Riya Gupta,riya.gupta5423@example.com,Delhi,Delhi,North
C05424,Aditi Singh,aditi.singh5424@example.com,Lucknow,Uttar Pradesh,North
C05425,Vikash Kumar,vikash.kumar5425@example.com,Chennai,Tamil Nadu,South
C05426,Vikash Mishra,vikash.mishra5426@example.com,Pune,Maharashtra,West
C05427,Kavya Patel,kavya.patel5427@example.com,Delhi,Delhi,North
C05428,Priya Rajput,priya.rajput5428@example.com,Kolkata,West Bengal,East
C05429,Rahul Mishra,rahul.mishra5429@example.com,Kochi,Kerala,South
C05430,Karan Kumar,karan.kumar5430@example.com,Pune,Maharashtra,West
C05431,Aditi Yadav,aditi.yadav5431@example.com,Lucknow,Uttar Pradesh,North
C05432,Aman Yadav,aman.yadav5432@example.com,Bhubaneswar,Odisha,East
C05433,Neha Patel,neha.patel5433@example.com,Hyderabad,Telangana,South
C05434,Karan Sharma,karan.sharma5434@example.com,Jaipur,Rajasthan,North
C05435,Sneha Verma,sneha.verma5435@example.com,Delhi,Delhi,North
C05436,Simran Patel,simran.patel5436@example.com,Delhi,Delhi,North
C05437,Ananya Patel,ananya.patel5437@example.com,Kolkata,West Bengal,East
C05438,Aarav Patel,aarav.patel5438@example.com,Bhubaneswar,Odisha,East
C05439,Arjun Kumar,arjun.kumar5439@example.com,Kanpur,Uttar Pradesh,North
C05440,Aditi Mishra,aditi.mishra5440@example.com,Kanpur,Uttar Pradesh,North
C05441,Simran Kumar,simran.kumar5441@example.com,Patna,Bihar,East
C05442,Kavya Mishra,kavya.mishra5442@example.com,Chennai,Tamil Nadu,South
C05443,Rahul Agarwal,rahul.agarwal5443@example.com,Jaipur,Rajasthan,North
C05444,Priya Verma,priya.verma5444@example.com,Bengaluru,Karnataka,South
C05445,Riya Rajput,riya.rajput5445@example.com,Bengaluru,Karnataka,South
C05446,Aditya Singh,aditya.singh5446@example.com,Jaipur,Rajasthan,North
C05447,Sahil Kumar,sahil.kumar5447@example.com,Surat,Gujarat,West
C05448,Neha Kumar,neha.kumar5448@example.com,Surat,Gujarat,West
C05449,Priya Rajput,priya.rajput5449@example.com,Lucknow,Uttar Pradesh,North
C05450,Isha Patel,isha.patel5450@example.com,Lucknow,Uttar Pradesh,North
C05451,Kavya Gupta,kavya.gupta5451@example.com,Bengaluru,Karnataka,South
C05452,Pooja Sharma,pooja.sharma5452@example.com,Delhi,Delhi,North
C05453,Sahil Patel,sahil.patel5453@example.com,Mumbai,Maharashtra,West
C05454,Arjun Kumar,arjun.kumar5454@example.com,Kanpur,Uttar Pradesh,North
C05455,Ananya Singh,ananya.singh5455@example.com,Kanpur,Uttar Pradesh,North
C05456,Ankit Patel,ankit.patel5456@example.com,Chennai,Tamil Nadu,South
C05457,Rahul Kumar,rahul.kumar5457@example.com,Pune,Maharashtra,West
C05458,Simran Singh,simran.singh5458@example.com,Ahmedabad,Gujarat,West
C05459,Aditya Gupta,aditya.gupta5459@example.com,Bengaluru,Karnataka,South
C05460,Riya Mishra,riya.mishra5460@example.com,Lucknow,Uttar Pradesh,North
C05461,Riya Agarwal,riya.agarwal5461@example.com,Bengaluru,Karnataka,South
C05462,Riya Gupta,riya.gupta5462@example.com,Kanpur,Uttar Pradesh,North
C05463,Neha Sharma,neha.sharma5463@example.com,Bengaluru,Karnataka,South
C05464,Pooja Singh,pooja.singh5464@example.com,Chennai,Tamil Nadu,South
C05465,Ankit Sharma,ankit.sharma5465@example.com,Chandigarh,Chandigarh,North
C05466,Arjun Singh,arjun.singh5466@example.com,Delhi,Delhi,North
C05467,Rahul Yadav,rahul.yadav5467@example.com,Jaipur,Rajasthan,North
C05468,Kavya Patel,kavya.patel5468@example.com,Kochi,Kerala,South
C05469,Riya Singh,riya.singh5469@example.com,Surat,Gujarat,West
C05470,Vikash Agarwal,vikash.agarwal5470@example.com,Ahmedabad,Gujarat,West
C05471,Arjun Patel,arjun.patel5471@example.com,Mumbai,Maharashtra,West
C05472,Vikash Agarwal,vikash.agarwal5472@example.com,Kanpur,Uttar Pradesh,North
C05473,Aarav Yadav,aarav.yadav5473@example.com,Pune,Maharashtra,West
C05474,Rohan Kumar,rohan.kumar5474@example.com,Ahmedabad,Gujarat,West
C05475,Pooja Sharma,pooja.sharma5475@example.com,Surat,Gujarat,West
C05476,Simran Verma,simran.verma5476@example.com,Patna,Bihar,East
C05477,Riya Verma,riya.verma5477@example.com,Jaipur,Rajasthan,North
C05478,Pooja Verma,pooja.verma5478@example.com,Kochi,Kerala,South
C05479,Karan Mishra,karan.mishra5479@example.com,Bengaluru,Karnataka,South
C05480,Ananya Kumar,ananya.kumar5480@example.com,Kochi,Kerala,South
C05481,Simran Rajput,simran.rajput5481@example.com,Bengaluru,Karnataka,South
C05482,Ankit Verma,ankit.verma5482@example.com,Kanpur,Uttar Pradesh,North
C05483,Pooja Gupta,pooja.gupta5483@example.com,Patna,Bihar,East
C05484,Aarav Singh,aarav.singh5484@example.com,Kochi,Kerala,South
C05485,Simran Verma,simran.verma5485@example.com,Surat,Gujarat,West
C05486,Rohan Agarwal,rohan.agarwal5486@example.com,Mumbai,Maharashtra,West
C05487,Simran Singh,simran.singh5487@example.com,Ahmedabad,Gujarat,West
C05488,Rohan Sharma,rohan.sharma5488@example.com,Ahmedabad,Gujarat,West
C05489,Aman Sharma,aman.sharma5489@example.com,Lucknow,Uttar Pradesh,North
C05490,Neha Kumar,neha.kumar5490@example.com,Pune,Maharashtra,West
C05491,Ankit Singh,ankit.singh5491@example.com,Delhi,Delhi,North
C05492,Karan Singh,karan.singh5492@example.com,Delhi,Delhi,North
C05493,Pooja Singh,pooja.singh5493@example.com,Chennai,Tamil Nadu,South
C05494,Karan Yadav,karan.yadav5494@example.com,Chandigarh,Chandigarh,North
C05495,Rohan Singh,rohan.singh5495@example.com,Hyderabad,Telangana,South
C05496,Priya Rajput,priya.rajput5496@example.com,Kochi,Kerala,South
C05497,Isha Gupta,isha.gupta5497@example.com,Bhubaneswar,Odisha,East
C05498,Karan Kumar,karan.kumar5498@example.com,Pune,Maharashtra,West
C05499,Neha Patel,neha.patel5499@example.com,Pune,Maharashtra,West
C05500,Aman Yadav,aman.yadav5500@example.com,Patna,Bihar,East
C05501,Ankit Rajput,ankit.rajput5501@example.com,Jaipur,Rajasthan,North
C05502,Ankit Sharma,ankit.sharma5502@example.com,Kolkata,West Bengal,East
C05503,Sneha Kumar,sneha.kumar5503@example.com,Jaipur,Rajasthan,North
C05504,Aditya Yadav,aditya.yadav5504@example.com,Bengaluru,Karnataka,South
C05505,Karan Rajput,karan.rajput5505@example.com,Kanpur,Uttar Pradesh,North
C05506,Sahil Kumar,sahil.kumar5506@example.com,Bengaluru,Karnataka,South
C05507,Ankit Kumar,ankit.kumar5507@example.com,Kolkata,West Bengal,East
C05508,Aarav Yadav,aarav.yadav5508@example.com,Lucknow,Uttar Pradesh,North
C05509,Simran Yadav,simran.yadav5509@example.com,Hyderabad,Telangana,South
C05510,Sahil Verma,sahil.verma5510@example.com,Bhubaneswar,Odisha,East
C05511,Karan Gupta,karan.gupta5511@example.com,Patna,Bihar,East
C05512,Neha Gupta,neha.gupta5512@example.com,Mumbai,Maharashtra,West
C05513,Kavya Verma,kavya.verma5513@example.com,Bhubaneswar,Odisha,East
C05514,Rohan Sharma,rohan.sharma5514@example.com,Ahmedabad,Gujarat,West
C05515,Kavya Rajput,kavya.rajput5515@example.com,Ahmedabad,Gujarat,West
C05516,Riya Mishra,riya.mishra5516@example.com,Chandigarh,Chandigarh,North
C05517,Rahul Gupta,rahul.gupta5517@example.com,Hyderabad,Telangana,South
C05518,Isha Gupta,isha.gupta5518@example.com,Kanpur,Uttar Pradesh,North
C05519,Ankit Mishra,ankit.mishra5519@example.com,Bengaluru,Karnataka,South
C05520,Neha Sharma,neha.sharma5520@example.com,Lucknow,Uttar Pradesh,North
C05521,Simran Singh,simran.singh5521@example.com,Ahmedabad,Gujarat,West
C05522,Sahil Gupta,sahil.gupta5522@example.com,Ahmedabad,Gujarat,West
C05523,Riya Agarwal,riya.agarwal5523@example.com,Mumbai,Maharashtra,West
C05524,Kavya Mishra,kavya.mishra5524@example.com,Delhi,Delhi,North
C05525,Rohan Sharma,rohan.sharma5525@example.com,Chennai,Tamil Nadu,South
C05526,Riya Rajput,riya.rajput5526@example.com,Chennai,Tamil Nadu,South
C05527,Aarav Yadav,aarav.yadav5527@example.com,Pune,Maharashtra,West
C05528,Vikash Singh,vikash.singh5528@example.com,Bengaluru,Karnataka,South
C05529,Pooja Gupta,pooja.gupta5529@example.com,Surat,Gujarat,West
C05530,Simran Verma,simran.verma5530@example.com,Kochi,Kerala,South
C05531,Aditi Agarwal,aditi.agarwal5531@example.com,Hyderabad,Telangana,South
C05532,Rahul Rajput,rahul.rajput5532@example.com,Patna,Bihar,East
C05533,Aditi Verma,aditi.verma5533@example.com,Ahmedabad,Gujarat,West
C05534,Priya Sharma,priya.sharma5534@example.com,Chennai,Tamil Nadu,South
C05535,Ananya Yadav,ananya.yadav5535@example.com,Ahmedabad,Gujarat,West
C05536,Riya Patel,riya.patel5536@example.com,Patna,Bihar,East
C05537,Aman Rajput,aman.rajput5537@example.com,Delhi,Delhi,North
C05538,Arjun Singh,arjun.singh5538@example.com,Chandigarh,Chandigarh,North
C05539,Aman Rajput,aman.rajput5539@example.com,Jaipur,Rajasthan,North
C05540,Karan Yadav,karan.yadav5540@example.com,Kolkata,West Bengal,East
C05541,Riya Singh,riya.singh5541@example.com,Kanpur,Uttar Pradesh,North
C05542,Riya Yadav,riya.yadav5542@example.com,Chandigarh,Chandigarh,North
C05543,Aman Verma,aman.verma5543@example.com,Pune,Maharashtra,West
C05544,Ananya Singh,ananya.singh5544@example.com,Jaipur,Rajasthan,North
C05545,Ankit Sharma,ankit.sharma5545@example.com,Kolkata,West Bengal,East
C05546,Rahul Gupta,rahul.gupta5546@example.com,Bhubaneswar,Odisha,East
C05547,Karan Singh,karan.singh5547@example.com,Chennai,Tamil Nadu,South
C05548,Aman Agarwal,aman.agarwal5548@example.com,Kanpur,Uttar Pradesh,North
C05549,Arjun Gupta,arjun.gupta5549@example.com,Ahmedabad,Gujarat,West
C05550,Aditya Yadav,aditya.yadav5550@example.com,Surat,Gujarat,West
C05551,Riya Kumar,riya.kumar5551@example.com,Delhi,Delhi,North
C05552,Kavya Verma,kavya.verma5552@example.com,Kolkata,West Bengal,East
C05553,Priya Singh,priya.singh5553@example.com,Lucknow,Uttar Pradesh,North
C05554,Isha Agarwal,isha.agarwal5554@example.com,Ahmedabad,Gujarat,West
C05555,Simran Gupta,simran.gupta5555@example.com,Delhi,Delhi,North
C05556,Pooja Patel,pooja.patel5556@example.com,Hyderabad,Telangana,South
C05557,Sneha Mishra,sneha.mishra5557@example.com,Mumbai,Maharashtra,West
C05558,Aarav Singh,aarav.singh5558@example.com,Delhi,Delhi,North
C05559,Ankit Verma,ankit.verma5559@example.com,Mumbai,Maharashtra,West
C05560,Vikash Verma,vikash.verma5560@example.com,Jaipur,Rajasthan,North
C05561,Vikash Verma,vikash.verma5561@example.com,Pune,Maharashtra,West
C05562,Karan Kumar,karan.kumar5562@example.com,Bengaluru,Karnataka,South
C05563,Sneha Sharma,sneha.sharma5563@example.com,Bhubaneswar,Odisha,East
C05564,Aman Agarwal,aman.agarwal5564@example.com,Chandigarh,Chandigarh,North
C05565,Aditya Singh,aditya.singh5565@example.com,Pune,Maharashtra,West
C05566,Ananya Gupta,ananya.gupta5566@example.com,Kolkata,West Bengal,East
C05567,Rohan Singh,rohan.singh5567@example.com,Mumbai,Maharashtra,West
C05568,Kavya Rajput,kavya.rajput5568@example.com,Delhi,Delhi,North
C05569,Vikash Patel,vikash.patel5569@example.com,Jaipur,Rajasthan,North
C05570,Riya Kumar,riya.kumar5570@example.com,Kolkata,West Bengal,East
C05571,Rahul Singh,rahul.singh5571@example.com,Mumbai,Maharashtra,West
C05572,Karan Singh,karan.singh5572@example.com,Chandigarh,Chandigarh,North
C05573,Pooja Singh,pooja.singh5573@example.com,Kolkata,West Bengal,East
C05574,Aman Kumar,aman.kumar5574@example.com,Surat,Gujarat,West
C05575,Isha Mishra,isha.mishra5575@example.com,Chennai,Tamil Nadu,South
C05576,Sneha Kumar,sneha.kumar5576@example.com,Pune,Maharashtra,West
C05577,Sneha Rajput,sneha.rajput5577@example.com,Mumbai,Maharashtra,West
C05578,Aditi Yadav,aditi.yadav5578@example.com,Surat,Gujarat,West
C05579,Priya Gupta,priya.gupta5579@example.com,Pune,Maharashtra,West
C05580,Aarav Verma,aarav.verma5580@example.com,Kochi,Kerala,South
C05581,Sahil Rajput,sahil.rajput5581@example.com,Bhubaneswar,Odisha,East
C05582,Arjun Agarwal,arjun.agarwal5582@example.com,Kanpur,Uttar Pradesh,North
C05583,Rohan Sharma,rohan.sharma5583@example.com,Ahmedabad,Gujarat,West
C05584,Riya Singh,riya.singh5584@example.com,Patna,Bihar,East
C05585,Neha Agarwal,neha.agarwal5585@example.com,Chandigarh,Chandigarh,North
C05586,Aditya Mishra,aditya.mishra5586@example.com,Mumbai,Maharashtra,West
C05587,Riya Verma,riya.verma5587@example.com,Chandigarh,Chandigarh,North
C05588,Aman Sharma,aman.sharma5588@example.com,Lucknow,Uttar Pradesh,North
C05589,Aman Mishra,aman.mishra5589@example.com,Lucknow,Uttar Pradesh,North
C05590,Priya Mishra,priya.mishra5590@example.com,Lucknow,Uttar Pradesh,North
C05591,Ankit Gupta,ankit.gupta5591@example.com,Chennai,Tamil Nadu,South
C05592,Riya Kumar,riya.kumar5592@example.com,Mumbai,Maharashtra,West
C05593,Aditya Rajput,aditya.rajput5593@example.com,Patna,Bihar,East
C05594,Karan Kumar,karan.kumar5594@example.com,Ahmedabad,Gujarat,West
C05595,Arjun Mishra,arjun.mishra5595@example.com,Chandigarh,Chandigarh,North
C05596,Aditi Yadav,aditi.yadav5596@example.com,Lucknow,Uttar Pradesh,North
C05597,Pooja Mishra,pooja.mishra5597@example.com,Lucknow,Uttar Pradesh,North
C05598,Priya Yadav,priya.yadav5598@example.com,Mumbai,Maharashtra,West
C05599,Ankit Patel,ankit.patel5599@example.com,Delhi,Delhi,North
C05600,Aditya Sharma,aditya.sharma5600@example.com,Delhi,Delhi,North
C05601,Aarav Sharma,aarav.sharma5601@example.com,Lucknow,Uttar Pradesh,North
C05602,Priya Kumar,priya.kumar5602@example.com,Lucknow,Uttar Pradesh,North
C05603,Arjun Verma,arjun.verma5603@example.com,Patna,Bihar,East
C05604,Rahul Yadav,rahul.yadav5604@example.com,Hyderabad,Telangana,South
C05605,Aditya Agarwal,aditya.agarwal5605@example.com,Delhi,Delhi,North
C05606,Rohan Patel,rohan.patel5606@example.com,Chennai,Tamil Nadu,South
C05607,Neha Singh,neha.singh5607@example.com,Bengaluru,Karnataka,South
C05608,Sahil Gupta,sahil.gupta5608@example.com,Mumbai,Maharashtra,West
C05609,Arjun Mishra,arjun.mishra5609@example.com,Chandigarh,Chandigarh,North
C05610,Aditi Agarwal,aditi.agarwal5610@example.com,Patna,Bihar,East
C05611,Sahil Yadav,sahil.yadav5611@example.com,Lucknow,Uttar Pradesh,North
C05612,Rohan Kumar,rohan.kumar5612@example.com,Bengaluru,Karnataka,South
C05613,Isha Agarwal,isha.agarwal5613@example.com,Jaipur,Rajasthan,North
C05614,Priya Rajput,priya.rajput5614@example.com,Patna,Bihar,East
C05615,Aditya Mishra,aditya.mishra5615@example.com,Kolkata,West Bengal,East
C05616,Sneha Sharma,sneha.sharma5616@example.com,Jaipur,Rajasthan,North
C05617,Aditi Sharma,aditi.sharma5617@example.com,Delhi,Delhi,North
C05618,Ankit Verma,ankit.verma5618@example.com,Kochi,Kerala,South
C05619,Ananya Patel,ananya.patel5619@example.com,Lucknow,Uttar Pradesh,North
C05620,Ananya Mishra,ananya.mishra5620@example.com,Surat,Gujarat,West
C05621,Isha Kumar,isha.kumar5621@example.com,Kochi,Kerala,South
C05622,Neha Agarwal,neha.agarwal5622@example.com,Kanpur,Uttar Pradesh,North
C05623,Aman Rajput,aman.rajput5623@example.com,Chandigarh,Chandigarh,North
C05624,Ankit Mishra,ankit.mishra5624@example.com,Ahmedabad,Gujarat,West
C05625,Priya Patel,priya.patel5625@example.com,Jaipur,Rajasthan,North
C05626,Ananya Gupta,ananya.gupta5626@example.com,Mumbai,Maharashtra,West
C05627,Simran Rajput,simran.rajput5627@example.com,Jaipur,Rajasthan,North
C05628,Riya Sharma,riya.sharma5628@example.com,Patna,Bihar,East
C05629,Aditya Rajput,aditya.rajput5629@example.com,Pune,Maharashtra,West
C05630,Aman Rajput,aman.rajput5630@example.com,Bhubaneswar,Odisha,East
C05631,Aditi Patel,aditi.patel5631@example.com,Delhi,Delhi,North
C05632,Aditi Mishra,aditi.mishra5632@example.com,Mumbai,Maharashtra,West
C05633,Rohan Singh,rohan.singh5633@example.com,Jaipur,Rajasthan,North
C05634,Ankit Sharma,ankit.sharma5634@example.com,Kanpur,Uttar Pradesh,North
C05635,Neha Gupta,neha.gupta5635@example.com,Kanpur,Uttar Pradesh,North
C05636,Riya Mishra,riya.mishra5636@example.com,Delhi,Delhi,North
C05637,Ankit Gupta,ankit.gupta5637@example.com,Mumbai,Maharashtra,West
C05638,Riya Yadav,riya.yadav5638@example.com,Patna,Bihar,East
C05639,Aman Mishra,aman.mishra5639@example.com,Pune,Maharashtra,West
C05640,Neha Verma,neha.verma5640@example.com,Lucknow,Uttar Pradesh,North
C05641,Neha Gupta,neha.gupta5641@example.com,Ahmedabad,Gujarat,West
C05642,Rohan Singh,rohan.singh5642@example.com,Chandigarh,Chandigarh,North
C05643,Neha Agarwal,neha.agarwal5643@example.com,Bengaluru,Karnataka,South
C05644,Vikash Mishra,vikash.mishra5644@example.com,Bengaluru,Karnataka,South
C05645,Pooja Gupta,pooja.gupta5645@example.com,Mumbai,Maharashtra,West
C05646,Aarav Verma,aarav.verma5646@example.com,Kolkata,West Bengal,East
C05647,Rohan Patel,rohan.patel5647@example.com,Kolkata,West Bengal,East
C05648,Karan Singh,karan.singh5648@example.com,Bengaluru,Karnataka,South
C05649,Ankit Singh,ankit.singh5649@example.com,Bhubaneswar,Odisha,East
C05650,Aditya Rajput,aditya.rajput5650@example.com,Bengaluru,Karnataka,South
C05651,Neha Kumar,neha.kumar5651@example.com,Hyderabad,Telangana,South
C05652,Ananya Gupta,ananya.gupta5652@example.com,Jaipur,Rajasthan,North
C05653,Vikash Rajput,vikash.rajput5653@example.com,Ahmedabad,Gujarat,West
C05654,Ananya Patel,ananya.patel5654@example.com,Mumbai,Maharashtra,West
C05655,Sahil Verma,sahil.verma5655@example.com,Delhi,Delhi,North
C05656,Arjun Yadav,arjun.yadav5656@example.com,Kochi,Kerala,South
C05657,Sahil Rajput,sahil.rajput5657@example.com,Surat,Gujarat,West
C05658,Sahil Mishra,sahil.mishra5658@example.com,Delhi,Delhi,North
C05659,Aman Singh,aman.singh5659@example.com,Hyderabad,Telangana,South
C05660,Aman Mishra,aman.mishra5660@example.com,Mumbai,Maharashtra,West
C05661,Ankit Patel,ankit.patel5661@example.com,Chandigarh,Chandigarh,North
C05662,Sneha Agarwal,sneha.agarwal5662@example.com,Jaipur,Rajasthan,North
C05663,Priya Sharma,priya.sharma5663@example.com,Bengaluru,Karnataka,South
C05664,Aditya Gupta,aditya.gupta5664@example.com,Ahmedabad,Gujarat,West
C05665,Karan Verma,karan.verma5665@example.com,Pune,Maharashtra,West
C05666,Ananya Verma,ananya.verma5666@example.com,Surat,Gujarat,West
C05667,Simran Patel,simran.patel5667@example.com,Kanpur,Uttar Pradesh,North
C05668,Neha Verma,neha.verma5668@example.com,Chandigarh,Chandigarh,North
C05669,Rahul Singh,rahul.singh5669@example.com,Kanpur,Uttar Pradesh,North
C05670,Aditi Yadav,aditi.yadav5670@example.com,Bhubaneswar,Odisha,East
C05671,Rahul Mishra,rahul.mishra5671@example.com,Jaipur,Rajasthan,North
C05672,Aditi Verma,aditi.verma5672@example.com,Ahmedabad,Gujarat,West
C05673,Simran Singh,simran.singh5673@example.com,Pune,Maharashtra,West
C05674,Kavya Verma,kavya.verma5674@example.com,Chandigarh,Chandigarh,North
C05675,Neha Patel,neha.patel5675@example.com,Ahmedabad,Gujarat,West
C05676,Aditya Rajput,aditya.rajput5676@example.com,Jaipur,Rajasthan,North
C05677,Arjun Singh,arjun.singh5677@example.com,Patna,Bihar,East
C05678,Priya Rajput,priya.rajput5678@example.com,Kanpur,Uttar Pradesh,North
C05679,Sneha Mishra,sneha.mishra5679@example.com,Kolkata,West Bengal,East
C05680,Riya Mishra,riya.mishra5680@example.com,Delhi,Delhi,North
C05681,Aarav Kumar,aarav.kumar5681@example.com,Pune,Maharashtra,West
C05682,Aarav Sharma,aarav.sharma5682@example.com,Kanpur,Uttar Pradesh,North
C05683,Priya Rajput,priya.rajput5683@example.com,Kanpur,Uttar Pradesh,North
C05684,Riya Kumar,riya.kumar5684@example.com,Delhi,Delhi,North
C05685,Aman Rajput,aman.rajput5685@example.com,Chennai,Tamil Nadu,South
C05686,Kavya Yadav,kavya.yadav5686@example.com,Surat,Gujarat,West
C05687,Sahil Agarwal,sahil.agarwal5687@example.com,Kanpur,Uttar Pradesh,North
C05688,Pooja Sharma,pooja.sharma5688@example.com,Pune,Maharashtra,West
C05689,Neha Patel,neha.patel5689@example.com,Hyderabad,Telangana,South
C05690,Rohan Sharma,rohan.sharma5690@example.com,Lucknow,Uttar Pradesh,North
C05691,Sahil Agarwal,sahil.agarwal5691@example.com,Lucknow,Uttar Pradesh,North
C05692,Rahul Mishra,rahul.mishra5692@example.com,Bengaluru,Karnataka,South
C05693,Rahul Mishra,rahul.mishra5693@example.com,Bengaluru,Karnataka,South
C05694,Aman Verma,aman.verma5694@example.com,Kochi,Kerala,South
C05695,Isha Yadav,isha.yadav5695@example.com,Chennai,Tamil Nadu,South
C05696,Aarav Agarwal,aarav.agarwal5696@example.com,Chandigarh,Chandigarh,North
C05697,Pooja Verma,pooja.verma5697@example.com,Mumbai,Maharashtra,West
C05698,Vikash Verma,vikash.verma5698@example.com,Chandigarh,Chandigarh,North
C05699,Arjun Verma,arjun.verma5699@example.com,Bhubaneswar,Odisha,East
C05700,Ankit Patel,ankit.patel5700@example.com,Chennai,Tamil Nadu,South
C05701,Pooja Singh,pooja.singh5701@example.com,Lucknow,Uttar Pradesh,North
C05702,Ankit Sharma,ankit.sharma5702@example.com,Bengaluru,Karnataka,South
C05703,Rohan Mishra,rohan.mishra5703@example.com,Kolkata,West Bengal,East
C05704,Aditya Patel,aditya.patel5704@example.com,Delhi,Delhi,North
C05705,Priya Verma,priya.verma5705@example.com,Patna,Bihar,East
C05706,Neha Rajput,neha.rajput5706@example.com,Kolkata,West Bengal,East
C05707,Aditya Mishra,aditya.mishra5707@example.com,Kanpur,Uttar Pradesh,North
C05708,Rahul Kumar,rahul.kumar5708@example.com,Kolkata,West Bengal,East
C05709,Aarav Sharma,aarav.sharma5709@example.com,Pune,Maharashtra,West
C05710,Aditya Mishra,aditya.mishra5710@example.com,Pune,Maharashtra,West
C05711,Ananya Rajput,ananya.rajput5711@example.com,Kochi,Kerala,South
C05712,Aditi Singh,aditi.singh5712@example.com,Delhi,Delhi,North
C05713,Neha Kumar,neha.kumar5713@example.com,Bhubaneswar,Odisha,East
C05714,Arjun Patel,arjun.patel5714@example.com,Pune,Maharashtra,West
C05715,Rahul Kumar,rahul.kumar5715@example.com,Pune,Maharashtra,West
C05716,Ankit Patel,ankit.patel5716@example.com,Hyderabad,Telangana,South
C05717,Aditya Rajput,aditya.rajput5717@example.com,Mumbai,Maharashtra,West
C05718,Pooja Agarwal,pooja.agarwal5718@example.com,Kanpur,Uttar Pradesh,North
C05719,Kavya Yadav,kavya.yadav5719@example.com,Kolkata,West Bengal,East
C05720,Riya Kumar,riya.kumar5720@example.com,Pune,Maharashtra,West
C05721,Isha Gupta,isha.gupta5721@example.com,Bengaluru,Karnataka,South
C05722,Aditya Singh,aditya.singh5722@example.com,Ahmedabad,Gujarat,West
C05723,Sahil Mishra,sahil.mishra5723@example.com,Delhi,Delhi,North
C05724,Isha Yadav,isha.yadav5724@example.com,Pune,Maharashtra,West
C05725,Priya Gupta,priya.gupta5725@example.com,Ahmedabad,Gujarat,West
C05726,Kavya Mishra,kavya.mishra5726@example.com,Chandigarh,Chandigarh,North
C05727,Pooja Sharma,pooja.sharma5727@example.com,Pune,Maharashtra,West
C05728,Aman Patel,aman.patel5728@example.com,Kanpur,Uttar Pradesh,North
C05729,Aditya Singh,aditya.singh5729@example.com,Hyderabad,Telangana,South
C05730,Sneha Sharma,sneha.sharma5730@example.com,Jaipur,Rajasthan,North
C05731,Isha Patel,isha.patel5731@example.com,Lucknow,Uttar Pradesh,North
C05732,Sahil Gupta,sahil.gupta5732@example.com,Mumbai,Maharashtra,West
C05733,Aarav Yadav,aarav.yadav5733@example.com,Surat,Gujarat,West
C05734,Simran Kumar,simran.kumar5734@example.com,Kochi,Kerala,South
C05735,Aditi Agarwal,aditi.agarwal5735@example.com,Kolkata,West Bengal,East
C05736,Aditi Agarwal,aditi.agarwal5736@example.com,Kochi,Kerala,South
C05737,Sahil Mishra,sahil.mishra5737@example.com,Bhubaneswar,Odisha,East
C05738,Arjun Mishra,arjun.mishra5738@example.com,Bengaluru,Karnataka,South
C05739,Rohan Mishra,rohan.mishra5739@example.com,Hyderabad,Telangana,South
C05740,Simran Rajput,simran.rajput5740@example.com,Ahmedabad,Gujarat,West
C05741,Rohan Patel,rohan.patel5741@example.com,Kanpur,Uttar Pradesh,North
C05742,Sahil Sharma,sahil.sharma5742@example.com,Bengaluru,Karnataka,South
C05743,Simran Agarwal,simran.agarwal5743@example.com,Pune,Maharashtra,West
C05744,Vikash Verma,vikash.verma5744@example.com,Kanpur,Uttar Pradesh,North
C05745,Vikash Verma,vikash.verma5745@example.com,Bengaluru,Karnataka,South
C05746,Rohan Rajput,rohan.rajput5746@example.com,Kochi,Kerala,South
C05747,Simran Mishra,simran.mishra5747@example.com,Jaipur,Rajasthan,North
C05748,Pooja Agarwal,pooja.agarwal5748@example.com,Delhi,Delhi,North
C05749,Riya Yadav,riya.yadav5749@example.com,Chandigarh,Chandigarh,North
C05750,Neha Singh,neha.singh5750@example.com,Bhubaneswar,Odisha,East
C05751,Pooja Sharma,pooja.sharma5751@example.com,Bhubaneswar,Odisha,East
C05752,Vikash Verma,vikash.verma5752@example.com,Bengaluru,Karnataka,South
C05753,Riya Verma,riya.verma5753@example.com,Ahmedabad,Gujarat,West
C05754,Priya Agarwal,priya.agarwal5754@example.com,Hyderabad,Telangana,South
C05755,Aman Mishra,aman.mishra5755@example.com,Chandigarh,Chandigarh,North
C05756,Riya Sharma,riya.sharma5756@example.com,Bengaluru,Karnataka,South
C05757,Aarav Patel,aarav.patel5757@example.com,Kolkata,West Bengal,East
C05758,Rahul Kumar,rahul.kumar5758@example.com,Kolkata,West Bengal,East
C05759,Priya Sharma,priya.sharma5759@example.com,Chandigarh,Chandigarh,North
C05760,Neha Agarwal,neha.agarwal5760@example.com,Hyderabad,Telangana,South
C05761,Riya Kumar,riya.kumar5761@example.com,Kolkata,West Bengal,East
C05762,Ankit Singh,ankit.singh5762@example.com,Kochi,Kerala,South
C05763,Simran Rajput,simran.rajput5763@example.com,Hyderabad,Telangana,South
C05764,Pooja Singh,pooja.singh5764@example.com,Pune,Maharashtra,West
C05765,Aarav Mishra,aarav.mishra5765@example.com,Patna,Bihar,East
C05766,Pooja Singh,pooja.singh5766@example.com,Chandigarh,Chandigarh,North
C05767,Karan Mishra,karan.mishra5767@example.com,Chennai,Tamil Nadu,South
C05768,Simran Patel,simran.patel5768@example.com,Kanpur,Uttar Pradesh,North
C05769,Ankit Verma,ankit.verma5769@example.com,Surat,Gujarat,West
C05770,Neha Mishra,neha.mishra5770@example.com,Chandigarh,Chandigarh,North
C05771,Aman Agarwal,aman.agarwal5771@example.com,Bengaluru,Karnataka,South
C05772,Isha Gupta,isha.gupta5772@example.com,Jaipur,Rajasthan,North
C05773,Aarav Kumar,aarav.kumar5773@example.com,Patna,Bihar,East
C05774,Aman Sharma,aman.sharma5774@example.com,Delhi,Delhi,North
C05775,Isha Rajput,isha.rajput5775@example.com,Kochi,Kerala,South
C05776,Neha Singh,neha.singh5776@example.com,Jaipur,Rajasthan,North
C05777,Rahul Rajput,rahul.rajput5777@example.com,Pune,Maharashtra,West
C05778,Arjun Singh,arjun.singh5778@example.com,Pune,Maharashtra,West
C05779,Aditi Patel,aditi.patel5779@example.com,Delhi,Delhi,North
C05780,Aditya Singh,aditya.singh5780@example.com,Kochi,Kerala,South
C05781,Isha Sharma,isha.sharma5781@example.com,Surat,Gujarat,West
C05782,Arjun Gupta,arjun.gupta5782@example.com,Lucknow,Uttar Pradesh,North
C05783,Priya Sharma,priya.sharma5783@example.com,Bhubaneswar,Odisha,East
C05784,Pooja Kumar,pooja.kumar5784@example.com,Pune,Maharashtra,West
C05785,Simran Yadav,simran.yadav5785@example.com,Kolkata,West Bengal,East
C05786,Rohan Sharma,rohan.sharma5786@example.com,Hyderabad,Telangana,South
C05787,Aman Gupta,aman.gupta5787@example.com,Surat,Gujarat,West
C05788,Aarav Yadav,aarav.yadav5788@example.com,Bhubaneswar,Odisha,East
C05789,Sneha Agarwal,sneha.agarwal5789@example.com,Bengaluru,Karnataka,South
C05790,Neha Kumar,neha.kumar5790@example.com,Jaipur,Rajasthan,North
C05791,Sneha Kumar,sneha.kumar5791@example.com,Kochi,Kerala,South
C05792,Pooja Kumar,pooja.kumar5792@example.com,Chandigarh,Chandigarh,North
C05793,Ananya Sharma,ananya.sharma5793@example.com,Lucknow,Uttar Pradesh,North
C05794,Kavya Yadav,kavya.yadav5794@example.com,Kochi,Kerala,South
C05795,Aditya Kumar,aditya.kumar5795@example.com,Lucknow,Uttar Pradesh,North
C05796,Ankit Sharma,ankit.sharma5796@example.com,Kochi,Kerala,South
C05797,Isha Mishra,isha.mishra5797@example.com,Surat,Gujarat,West
C05798,Arjun Verma,arjun.verma5798@example.com,Pune,Maharashtra,West
C05799,Karan Yadav,karan.yadav5799@example.com,Ahmedabad,Gujarat,West
C05800,Arjun Kumar,arjun.kumar5800@example.com,Chennai,Tamil Nadu,South
C05801,Ananya Kumar,ananya.kumar5801@example.com,Pune,Maharashtra,West
C05802,Ananya Rajput,ananya.rajput5802@example.com,Kanpur,Uttar Pradesh,North
C05803,Sneha Mishra,sneha.mishra5803@example.com,Lucknow,Uttar Pradesh,North
C05804,Sneha Sharma,sneha.sharma5804@example.com,Pune,Maharashtra,West
C05805,Vikash Singh,vikash.singh5805@example.com,Lucknow,Uttar Pradesh,North
C05806,Aditi Kumar,aditi.kumar5806@example.com,Delhi,Delhi,North
C05807,Neha Singh,neha.singh5807@example.com,Ahmedabad,Gujarat,West
C05808,Pooja Verma,pooja.verma5808@example.com,Chennai,Tamil Nadu,South
C05809,Rohan Yadav,rohan.yadav5809@example.com,Patna,Bihar,East
C05810,Riya Agarwal,riya.agarwal5810@example.com,Hyderabad,Telangana,South
C05811,Neha Singh,neha.singh5811@example.com,Pune,Maharashtra,West
C05812,Karan Yadav,karan.yadav5812@example.com,Lucknow,Uttar Pradesh,North
C05813,Riya Gupta,riya.gupta5813@example.com,Bengaluru,Karnataka,South
C05814,Ankit Agarwal,ankit.agarwal5814@example.com,Jaipur,Rajasthan,North
C05815,Vikash Agarwal,vikash.agarwal5815@example.com,Chennai,Tamil Nadu,South
C05816,Aditya Kumar,aditya.kumar5816@example.com,Kochi,Kerala,South
C05817,Sahil Mishra,sahil.mishra5817@example.com,Jaipur,Rajasthan,North
C05818,Rahul Rajput,rahul.rajput5818@example.com,Surat,Gujarat,West
C05819,Sahil Sharma,sahil.sharma5819@example.com,Ahmedabad,Gujarat,West
C05820,Sneha Verma,sneha.verma5820@example.com,Surat,Gujarat,West
C05821,Rahul Rajput,rahul.rajput5821@example.com,Patna,Bihar,East
C05822,Riya Singh,riya.singh5822@example.com,Chandigarh,Chandigarh,North
C05823,Sneha Yadav,sneha.yadav5823@example.com,Mumbai,Maharashtra,West
C05824,Vikash Singh,vikash.singh5824@example.com,Delhi,Delhi,North
C05825,Vikash Singh,vikash.singh5825@example.com,Patna,Bihar,East
C05826,Simran Mishra,simran.mishra5826@example.com,Mumbai,Maharashtra,West
C05827,Rahul Verma,rahul.verma5827@example.com,Surat,Gujarat,West
C05828,Isha Rajput,isha.rajput5828@example.com,Mumbai,Maharashtra,West
C05829,Simran Mishra,simran.mishra5829@example.com,Chennai,Tamil Nadu,South
C05830,Kavya Agarwal,kavya.agarwal5830@example.com,Bhubaneswar,Odisha,East
C05831,Aman Rajput,aman.rajput5831@example.com,Ahmedabad,Gujarat,West
C05832,Riya Verma,riya.verma5832@example.com,Kanpur,Uttar Pradesh,North
C05833,Isha Kumar,isha.kumar5833@example.com,Chennai,Tamil Nadu,South
C05834,Pooja Sharma,pooja.sharma5834@example.com,Chennai,Tamil Nadu,South
C05835,Aman Agarwal,aman.agarwal5835@example.com,Bhubaneswar,Odisha,East
C05836,Aarav Yadav,aarav.yadav5836@example.com,Kolkata,West Bengal,East
C05837,Neha Singh,neha.singh5837@example.com,Bhubaneswar,Odisha,East
C05838,Kavya Sharma,kavya.sharma5838@example.com,Kochi,Kerala,South
C05839,Kavya Verma,kavya.verma5839@example.com,Kochi,Kerala,South
C05840,Isha Kumar,isha.kumar5840@example.com,Delhi,Delhi,North
C05841,Ananya Sharma,ananya.sharma5841@example.com,Kochi,Kerala,South
C05842,Riya Kumar,riya.kumar5842@example.com,Lucknow,Uttar Pradesh,North
C05843,Vikash Kumar,vikash.kumar5843@example.com,Ahmedabad,Gujarat,West
C05844,Ananya Patel,ananya.patel5844@example.com,Mumbai,Maharashtra,West
C05845,Arjun Rajput,arjun.rajput5845@example.com,Hyderabad,Telangana,South
C05846,Aarav Patel,aarav.patel5846@example.com,Bhubaneswar,Odisha,East
C05847,Rahul Gupta,rahul.gupta5847@example.com,Kochi,Kerala,South
C05848,Simran Kumar,simran.kumar5848@example.com,Lucknow,Uttar Pradesh,North
C05849,Isha Kumar,isha.kumar5849@example.com,Lucknow,Uttar Pradesh,North
C05850,Simran Kumar,simran.kumar5850@example.com,Chennai,Tamil Nadu,South
C05851,Simran Rajput,simran.rajput5851@example.com,Bhubaneswar,Odisha,East
C05852,Aditi Sharma,aditi.sharma5852@example.com,Surat,Gujarat,West
C05853,Aman Rajput,aman.rajput5853@example.com,Bengaluru,Karnataka,South
C05854,Riya Sharma,riya.sharma5854@example.com,Mumbai,Maharashtra,West
C05855,Rohan Sharma,rohan.sharma5855@example.com,Chennai,Tamil Nadu,South
C05856,Aditya Agarwal,aditya.agarwal5856@example.com,Ahmedabad,Gujarat,West
C05857,Riya Rajput,riya.rajput5857@example.com,Surat,Gujarat,West
C05858,Isha Gupta,isha.gupta5858@example.com,Chandigarh,Chandigarh,North
C05859,Sahil Agarwal,sahil.agarwal5859@example.com,Chennai,Tamil Nadu,South
C05860,Aditi Mishra,aditi.mishra5860@example.com,Lucknow,Uttar Pradesh,North
C05861,Arjun Gupta,arjun.gupta5861@example.com,Hyderabad,Telangana,South
C05862,Sneha Mishra,sneha.mishra5862@example.com,Bhubaneswar,Odisha,East
C05863,Aditya Yadav,aditya.yadav5863@example.com,Lucknow,Uttar Pradesh,North
C05864,Ananya Kumar,ananya.kumar5864@example.com,Ahmedabad,Gujarat,West
C05865,Riya Rajput,riya.rajput5865@example.com,Bhubaneswar,Odisha,East
C05866,Neha Yadav,neha.yadav5866@example.com,Pune,Maharashtra,West
C05867,Riya Kumar,riya.kumar5867@example.com,Delhi,Delhi,North
C05868,Aditi Yadav,aditi.yadav5868@example.com,Surat,Gujarat,West
C05869,Neha Singh,neha.singh5869@example.com,Lucknow,Uttar Pradesh,North
C05870,Sneha Yadav,sneha.yadav5870@example.com,Patna,Bihar,East
C05871,Neha Mishra,neha.mishra5871@example.com,Chandigarh,Chandigarh,North
C05872,Aditi Agarwal,aditi.agarwal5872@example.com,Kolkata,West Bengal,East
C05873,Isha Yadav,isha.yadav5873@example.com,Chandigarh,Chandigarh,North
C05874,Rohan Patel,rohan.patel5874@example.com,Pune,Maharashtra,West
C05875,Kavya Sharma,kavya.sharma5875@example.com,Chennai,Tamil Nadu,South
C05876,Isha Sharma,isha.sharma5876@example.com,Kochi,Kerala,South
C05877,Vikash Verma,vikash.verma5877@example.com,Hyderabad,Telangana,South
C05878,Aditya Gupta,aditya.gupta5878@example.com,Delhi,Delhi,North
C05879,Ananya Rajput,ananya.rajput5879@example.com,Kochi,Kerala,South
C05880,Aditi Patel,aditi.patel5880@example.com,Bhubaneswar,Odisha,East
C05881,Simran Sharma,simran.sharma5881@example.com,Delhi,Delhi,North
C05882,Rahul Kumar,rahul.kumar5882@example.com,Surat,Gujarat,West
C05883,Riya Kumar,riya.kumar5883@example.com,Chennai,Tamil Nadu,South
C05884,Ananya Gupta,ananya.gupta5884@example.com,Surat,Gujarat,West
C05885,Vikash Mishra,vikash.mishra5885@example.com,Kochi,Kerala,South
C05886,Sneha Agarwal,sneha.agarwal5886@example.com,Kochi,Kerala,South
C05887,Karan Kumar,karan.kumar5887@example.com,Hyderabad,Telangana,South
C05888,Aditi Gupta,aditi.gupta5888@example.com,Mumbai,Maharashtra,West
C05889,Aman Kumar,aman.kumar5889@example.com,Surat,Gujarat,West
C05890,Neha Verma,neha.verma5890@example.com,Pune,Maharashtra,West
C05891,Riya Agarwal,riya.agarwal5891@example.com,Kanpur,Uttar Pradesh,North
C05892,Priya Rajput,priya.rajput5892@example.com,Mumbai,Maharashtra,West
C05893,Ankit Singh,ankit.singh5893@example.com,Chennai,Tamil Nadu,South
C05894,Vikash Mishra,vikash.mishra5894@example.com,Chennai,Tamil Nadu,South
C05895,Kavya Kumar,kavya.kumar5895@example.com,Chennai,Tamil Nadu,South
C05896,Neha Kumar,neha.kumar5896@example.com,Mumbai,Maharashtra,West
C05897,Neha Agarwal,neha.agarwal5897@example.com,Ahmedabad,Gujarat,West
C05898,Aman Patel,aman.patel5898@example.com,Hyderabad,Telangana,South
C05899,Rahul Verma,rahul.verma5899@example.com,Kanpur,Uttar Pradesh,North
C05900,Riya Rajput,riya.rajput5900@example.com,Hyderabad,Telangana,South
C05901,Ananya Sharma,ananya.sharma5901@example.com,Patna,Bihar,East
C05902,Isha Gupta,isha.gupta5902@example.com,Kochi,Kerala,South
C05903,Riya Patel,riya.patel5903@example.com,Delhi,Delhi,North
C05904,Aditi Patel,aditi.patel5904@example.com,Patna,Bihar,East
C05905,Sahil Gupta,sahil.gupta5905@example.com,Ahmedabad,Gujarat,West
C05906,Aarav Verma,aarav.verma5906@example.com,Bengaluru,Karnataka,South
C05907,Aditi Singh,aditi.singh5907@example.com,Lucknow,Uttar Pradesh,North
C05908,Rahul Yadav,rahul.yadav5908@example.com,Patna,Bihar,East
C05909,Vikash Sharma,vikash.sharma5909@example.com,Pune,Maharashtra,West
C05910,Isha Patel,isha.patel5910@example.com,Ahmedabad,Gujarat,West
C05911,Ankit Sharma,ankit.sharma5911@example.com,Lucknow,Uttar Pradesh,North
C05912,Ananya Verma,ananya.verma5912@example.com,Kochi,Kerala,South
C05913,Sahil Singh,sahil.singh5913@example.com,Chennai,Tamil Nadu,South
C05914,Sahil Yadav,sahil.yadav5914@example.com,Kanpur,Uttar Pradesh,North
C05915,Priya Patel,priya.patel5915@example.com,Pune,Maharashtra,West
C05916,Rahul Verma,rahul.verma5916@example.com,Mumbai,Maharashtra,West
C05917,Ananya Agarwal,ananya.agarwal5917@example.com,Pune,Maharashtra,West
C05918,Pooja Yadav,pooja.yadav5918@example.com,Kanpur,Uttar Pradesh,North
C05919,Aman Rajput,aman.rajput5919@example.com,Bhubaneswar,Odisha,East
C05920,Priya Sharma,priya.sharma5920@example.com,Delhi,Delhi,North
C05921,Aditi Gupta,aditi.gupta5921@example.com,Chandigarh,Chandigarh,North
C05922,Rahul Gupta,rahul.gupta5922@example.com,Lucknow,Uttar Pradesh,North
C05923,Aditya Patel,aditya.patel5923@example.com,Mumbai,Maharashtra,West
C05924,Sneha Rajput,sneha.rajput5924@example.com,Kanpur,Uttar Pradesh,North
C05925,Simran Mishra,simran.mishra5925@example.com,Patna,Bihar,East
C05926,Riya Sharma,riya.sharma5926@example.com,Chandigarh,Chandigarh,North
C05927,Kavya Sharma,kavya.sharma5927@example.com,Surat,Gujarat,West
C05928,Ananya Kumar,ananya.kumar5928@example.com,Ahmedabad,Gujarat,West
C05929,Isha Mishra,isha.mishra5929@example.com,Hyderabad,Telangana,South
C05930,Neha Kumar,neha.kumar5930@example.com,Chandigarh,Chandigarh,North
C05931,Priya Mishra,priya.mishra5931@example.com,Kolkata,West Bengal,East
C05932,Pooja Sharma,pooja.sharma5932@example.com,Chennai,Tamil Nadu,South
C05933,Simran Mishra,simran.mishra5933@example.com,Kolkata,West Bengal,East
C05934,Sneha Mishra,sneha.mishra5934@example.com,Bhubaneswar,Odisha,East
C05935,Ankit Gupta,ankit.gupta5935@example.com,Mumbai,Maharashtra,West
C05936,Rohan Yadav,rohan.yadav5936@example.com,Chennai,Tamil Nadu,South
C05937,Isha Patel,isha.patel5937@example.com,Surat,Gujarat,West
C05938,Riya Patel,riya.patel5938@example.com,Kolkata,West Bengal,East
C05939,Ananya Patel,ananya.patel5939@example.com,Bengaluru,Karnataka,South
C05940,Vikash Mishra,vikash.mishra5940@example.com,Chandigarh,Chandigarh,North
C05941,Sahil Agarwal,sahil.agarwal5941@example.com,Kanpur,Uttar Pradesh,North
C05942,Arjun Rajput,arjun.rajput5942@example.com,Chennai,Tamil Nadu,South
C05943,Aarav Kumar,aarav.kumar5943@example.com,Delhi,Delhi,North
C05944,Aditya Sharma,aditya.sharma5944@example.com,Chandigarh,Chandigarh,North
C05945,Sahil Patel,sahil.patel5945@example.com,Ahmedabad,Gujarat,West
C05946,Simran Verma,simran.verma5946@example.com,Lucknow,Uttar Pradesh,North
C05947,Aman Kumar,aman.kumar5947@example.com,Kanpur,Uttar Pradesh,North
C05948,Priya Patel,priya.patel5948@example.com,Lucknow,Uttar Pradesh,North
C05949,Karan Sharma,karan.sharma5949@example.com,Chennai,Tamil Nadu,South
C05950,Priya Yadav,priya.yadav5950@example.com,Jaipur,Rajasthan,North
C05951,Isha Verma,isha.verma5951@example.com,Kolkata,West Bengal,East
C05952,Riya Kumar,riya.kumar5952@example.com,Kanpur,Uttar Pradesh,North
C05953,Sahil Gupta,sahil.gupta5953@example.com,Bengaluru,Karnataka,South
C05954,Isha Mishra,isha.mishra5954@example.com,Kochi,Kerala,South
C05955,Neha Agarwal,neha.agarwal5955@example.com,Patna,Bihar,East
C05956,Rohan Yadav,rohan.yadav5956@example.com,Ahmedabad,Gujarat,West
C05957,Pooja Yadav,pooja.yadav5957@example.com,Bhubaneswar,Odisha,East
C05958,Sahil Rajput,sahil.rajput5958@example.com,Chandigarh,Chandigarh,North
C05959,Aarav Kumar,aarav.kumar5959@example.com,Hyderabad,Telangana,South
C05960,Isha Kumar,isha.kumar5960@example.com,Hyderabad,Telangana,South
C05961,Sahil Verma,sahil.verma5961@example.com,Lucknow,Uttar Pradesh,North
C05962,Isha Verma,isha.verma5962@example.com,Mumbai,Maharashtra,West
C05963,Riya Singh,riya.singh5963@example.com,Chandigarh,Chandigarh,North
C05964,Karan Singh,karan.singh5964@example.com,Chandigarh,Chandigarh,North
C05965,Karan Agarwal,karan.agarwal5965@example.com,Chandigarh,Chandigarh,North
C05966,Aarav Gupta,aarav.gupta5966@example.com,Lucknow,Uttar Pradesh,North
C05967,Aditya Rajput,aditya.rajput5967@example.com,Delhi,Delhi,North
C05968,Arjun Mishra,arjun.mishra5968@example.com,Ahmedabad,Gujarat,West
C05969,Pooja Gupta,pooja.gupta5969@example.com,Patna,Bihar,East
C05970,Vikash Verma,vikash.verma5970@example.com,Bhubaneswar,Odisha,East
C05971,Ananya Sharma,ananya.sharma5971@example.com,Mumbai,Maharashtra,West
C05972,Kavya Rajput,kavya.rajput5972@example.com,Lucknow,Uttar Pradesh,North
C05973,Sneha Kumar,sneha.kumar5973@example.com,Mumbai,Maharashtra,West
C05974,Ananya Yadav,ananya.yadav5974@example.com,Bhubaneswar,Odisha,East
C05975,Priya Gupta,priya.gupta5975@example.com,Hyderabad,Telangana,South
C05976,Riya Gupta,riya.gupta5976@example.com,Patna,Bihar,East
C05977,Rohan Rajput,rohan.rajput5977@example.com,Chandigarh,Chandigarh,North
C05978,Simran Sharma,simran.sharma5978@example.com,Chennai,Tamil Nadu,South
C05979,Rohan Agarwal,rohan.agarwal5979@example.com,Lucknow,Uttar Pradesh,North
C05980,Isha Yadav,isha.yadav5980@example.com,Kochi,Kerala,South
C05981,Riya Verma,riya.verma5981@example.com,Kanpur,Uttar Pradesh,North
C05982,Neha Sharma,neha.sharma5982@example.com,Mumbai,Maharashtra,West
C05983,Sneha Singh,sneha.singh5983@example.com,Patna,Bihar,East
C05984,Vikash Singh,vikash.singh5984@example.com,Bhubaneswar,Odisha,East
C05985,Karan Verma,karan.verma5985@example.com,Bhubaneswar,Odisha,East
C05986,Karan Agarwal,karan.agarwal5986@example.com,Mumbai,Maharashtra,West
C05987,Aarav Patel,aarav.patel5987@example.com,Mumbai,Maharashtra,West
C05988,Vikash Kumar,vikash.kumar5988@example.com,Pune,Maharashtra,West
C05989,Pooja Kumar,pooja.kumar5989@example.com,Kanpur,Uttar Pradesh,North
C05990,Pooja Patel,pooja.patel5990@example.com,Lucknow,Uttar Pradesh,North
C05991,Sahil Verma,sahil.verma5991@example.com,Chandigarh,Chandigarh,North
C05992,Aman Kumar,aman.kumar5992@example.com,Chennai,Tamil Nadu,South
C05993,Ananya Verma,ananya.verma5993@example.com,Pune,Maharashtra,West
C05994,Priya Mishra,priya.mishra5994@example.com,Bengaluru,Karnataka,South
C05995,Ankit Rajput,ankit.rajput5995@example.com,Kanpur,Uttar Pradesh,North
C05996,Kavya Yadav,kavya.yadav5996@example.com,Patna,Bihar,East
C05997,Aman Kumar,aman.kumar5997@example.com,Kochi,Kerala,South
C05998,Sahil Verma,sahil.verma5998@example.com,Delhi,Delhi,North
C05999,Simran Patel,simran.patel5999@example.com,Surat,Gujarat,West
C06000,Ankit Agarwal,ankit.agarwal6000@example.com,Patna,Bihar,East
C06001,Aditi Singh,aditi.singh6001@example.com,Mumbai,Maharashtra,West
C06002,Sneha Agarwal,sneha.agarwal6002@example.com,Bhubaneswar,Odisha,East
C06003,Aarav Kumar,aarav.kumar6003@example.com,Mumbai,Maharashtra,West
C06004,Sneha Singh,sneha.singh6004@example.com,Mumbai,Maharashtra,West
C06005,Aditya Patel,aditya.patel6005@example.com,Ahmedabad,Gujarat,West
C06006,Aditi Yadav,aditi.yadav6006@example.com,Patna,Bihar,East
C06007,Rahul Verma,rahul.verma6007@example.com,Patna,Bihar,East
C06008,Priya Kumar,priya.kumar6008@example.com,Ahmedabad,Gujarat,West
C06009,Rohan Kumar,rohan.kumar6009@example.com,Delhi,Delhi,North
C06010,Rahul Kumar,rahul.kumar6010@example.com,Hyderabad,Telangana,South
C06011,Neha Sharma,neha.sharma6011@example.com,Pune,Maharashtra,West
C06012,Vikash Sharma,vikash.sharma6012@example.com,Jaipur,Rajasthan,North
C06013,Ankit Mishra,ankit.mishra6013@example.com,Patna,Bihar,East
C06014,Aditi Yadav,aditi.yadav6014@example.com,Bhubaneswar,Odisha,East
C06015,Ananya Verma,ananya.verma6015@example.com,Hyderabad,Telangana,South
C06016,Isha Patel,isha.patel6016@example.com,Mumbai,Maharashtra,West
C06017,Aman Mishra,aman.mishra6017@example.com,Kochi,Kerala,South
C06018,Aditya Sharma,aditya.sharma6018@example.com,Pune,Maharashtra,West
C06019,Aarav Gupta,aarav.gupta6019@example.com,Bengaluru,Karnataka,South
C06020,Aman Rajput,aman.rajput6020@example.com,Lucknow,Uttar Pradesh,North
C06021,Simran Agarwal,simran.agarwal6021@example.com,Chennai,Tamil Nadu,South
C06022,Rahul Yadav,rahul.yadav6022@example.com,Lucknow,Uttar Pradesh,North
C06023,Ananya Kumar,ananya.kumar6023@example.com,Pune,Maharashtra,West
C06024,Simran Singh,simran.singh6024@example.com,Delhi,Delhi,North
C06025,Rohan Agarwal,rohan.agarwal6025@example.com,Mumbai,Maharashtra,West
C06026,Simran Patel,simran.patel6026@example.com,Delhi,Delhi,North
C06027,Arjun Gupta,arjun.gupta6027@example.com,Pune,Maharashtra,West
C06028,Kavya Gupta,kavya.gupta6028@example.com,Pune,Maharashtra,West
C06029,Aditya Agarwal,aditya.agarwal6029@example.com,Pune,Maharashtra,West
C06030,Aarav Agarwal,aarav.agarwal6030@example.com,Kolkata,West Bengal,East
C06031,Kavya Singh,kavya.singh6031@example.com,Pune,Maharashtra,West
C06032,Simran Yadav,simran.yadav6032@example.com,Lucknow,Uttar Pradesh,North
C06033,Aditi Singh,aditi.singh6033@example.com,Chandigarh,Chandigarh,North
C06034,Neha Sharma,neha.sharma6034@example.com,Chandigarh,Chandigarh,North
C06035,Rohan Singh,rohan.singh6035@example.com,Pune,Maharashtra,West
C06036,Vikash Singh,vikash.singh6036@example.com,Bhubaneswar,Odisha,East
C06037,Pooja Yadav,pooja.yadav6037@example.com,Chandigarh,Chandigarh,North
C06038,Aditya Singh,aditya.singh6038@example.com,Lucknow,Uttar Pradesh,North
C06039,Rahul Singh,rahul.singh6039@example.com,Kochi,Kerala,South
C06040,Neha Singh,neha.singh6040@example.com,Chandigarh,Chandigarh,North
C06041,Vikash Sharma,vikash.sharma6041@example.com,Kanpur,Uttar Pradesh,North
C06042,Aditi Sharma,aditi.sharma6042@example.com,Bhubaneswar,Odisha,East
C06043,Rohan Patel,rohan.patel6043@example.com,Bhubaneswar,Odisha,East
C06044,Aman Verma,aman.verma6044@example.com,Pune,Maharashtra,West
C06045,Aditya Gupta,aditya.gupta6045@example.com,Pune,Maharashtra,West
C06046,Pooja Rajput,pooja.rajput6046@example.com,Chennai,Tamil Nadu,South
C06047,Karan Mishra,karan.mishra6047@example.com,Delhi,Delhi,North
C06048,Vikash Yadav,vikash.yadav6048@example.com,Bengaluru,Karnataka,South
C06049,Isha Singh,isha.singh6049@example.com,Chandigarh,Chandigarh,North
C06050,Sahil Kumar,sahil.kumar6050@example.com,Kanpur,Uttar Pradesh,North
C06051,Arjun Gupta,arjun.gupta6051@example.com,Delhi,Delhi,North
C06052,Riya Rajput,riya.rajput6052@example.com,Chandigarh,Chandigarh,North
C06053,Priya Sharma,priya.sharma6053@example.com,Chennai,Tamil Nadu,South
C06054,Rohan Kumar,rohan.kumar6054@example.com,Bengaluru,Karnataka,South
C06055,Neha Kumar,neha.kumar6055@example.com,Delhi,Delhi,North
C06056,Simran Verma,simran.verma6056@example.com,Hyderabad,Telangana,South
C06057,Ananya Rajput,ananya.rajput6057@example.com,Lucknow,Uttar Pradesh,North
C06058,Aarav Verma,aarav.verma6058@example.com,Hyderabad,Telangana,South
C06059,Rohan Agarwal,rohan.agarwal6059@example.com,Patna,Bihar,East
C06060,Aarav Singh,aarav.singh6060@example.com,Ahmedabad,Gujarat,West
C06061,Sneha Singh,sneha.singh6061@example.com,Chandigarh,Chandigarh,North
C06062,Ankit Verma,ankit.verma6062@example.com,Kolkata,West Bengal,East
C06063,Ananya Mishra,ananya.mishra6063@example.com,Chennai,Tamil Nadu,South
C06064,Riya Patel,riya.patel6064@example.com,Kochi,Kerala,South
C06065,Sahil Kumar,sahil.kumar6065@example.com,Pune,Maharashtra,West
C06066,Aarav Gupta,aarav.gupta6066@example.com,Lucknow,Uttar Pradesh,North
C06067,Rohan Sharma,rohan.sharma6067@example.com,Chandigarh,Chandigarh,North
C06068,Kavya Sharma,kavya.sharma6068@example.com,Kolkata,West Bengal,East
C06069,Rahul Patel,rahul.patel6069@example.com,Mumbai,Maharashtra,West
C06070,Kavya Verma,kavya.verma6070@example.com,Patna,Bihar,East
C06071,Ankit Sharma,ankit.sharma6071@example.com,Mumbai,Maharashtra,West
C06072,Aditi Agarwal,aditi.agarwal6072@example.com,Jaipur,Rajasthan,North
C06073,Sneha Singh,sneha.singh6073@example.com,Kolkata,West Bengal,East
C06074,Pooja Agarwal,pooja.agarwal6074@example.com,Delhi,Delhi,North
C06075,Pooja Verma,pooja.verma6075@example.com,Chandigarh,Chandigarh,North
C06076,Rohan Gupta,rohan.gupta6076@example.com,Kanpur,Uttar Pradesh,North
C06077,Priya Patel,priya.patel6077@example.com,Surat,Gujarat,West
C06078,Vikash Sharma,vikash.sharma6078@example.com,Ahmedabad,Gujarat,West
C06079,Sahil Sharma,sahil.sharma6079@example.com,Ahmedabad,Gujarat,West
C06080,Aditya Singh,aditya.singh6080@example.com,Delhi,Delhi,North
C06081,Aditi Patel,aditi.patel6081@example.com,Kochi,Kerala,South
C06082,Kavya Agarwal,kavya.agarwal6082@example.com,Bhubaneswar,Odisha,East
C06083,Ananya Rajput,ananya.rajput6083@example.com,Bengaluru,Karnataka,South
C06084,Aditi Singh,aditi.singh6084@example.com,Hyderabad,Telangana,South
C06085,Sneha Agarwal,sneha.agarwal6085@example.com,Hyderabad,Telangana,South
C06086,Ananya Gupta,ananya.gupta6086@example.com,Kolkata,West Bengal,East
C06087,Vikash Verma,vikash.verma6087@example.com,Surat,Gujarat,West
C06088,Kavya Singh,kavya.singh6088@example.com,Chandigarh,Chandigarh,North
C06089,Ankit Yadav,ankit.yadav6089@example.com,Kolkata,West Bengal,East
C06090,Aarav Singh,aarav.singh6090@example.com,Jaipur,Rajasthan,North
C06091,Riya Sharma,riya.sharma6091@example.com,Kanpur,Uttar Pradesh,North
C06092,Isha Singh,isha.singh6092@example.com,Jaipur,Rajasthan,North
C06093,Karan Sharma,karan.sharma6093@example.com,Kolkata,West Bengal,East
C06094,Riya Verma,riya.verma6094@example.com,Kanpur,Uttar Pradesh,North
C06095,Sneha Rajput,sneha.rajput6095@example.com,Surat,Gujarat,West
C06096,Arjun Yadav,arjun.yadav6096@example.com,Mumbai,Maharashtra,West
C06097,Pooja Mishra,pooja.mishra6097@example.com,Jaipur,Rajasthan,North
C06098,Riya Sharma,riya.sharma6098@example.com,Kanpur,Uttar Pradesh,North
C06099,Ananya Yadav,ananya.yadav6099@example.com,Kanpur,Uttar Pradesh,North
C06100,Rohan Agarwal,rohan.agarwal6100@example.com,Delhi,Delhi,North
C06101,Rahul Patel,rahul.patel6101@example.com,Jaipur,Rajasthan,North
C06102,Sneha Singh,sneha.singh6102@example.com,Pune,Maharashtra,West
C06103,Isha Sharma,isha.sharma6103@example.com,Kolkata,West Bengal,East
C06104,Sneha Singh,sneha.singh6104@example.com,Ahmedabad,Gujarat,West
C06105,Aditya Yadav,aditya.yadav6105@example.com,Ahmedabad,Gujarat,West
C06106,Priya Singh,priya.singh6106@example.com,Jaipur,Rajasthan,North
C06107,Sahil Patel,sahil.patel6107@example.com,Surat,Gujarat,West
C06108,Kavya Gupta,kavya.gupta6108@example.com,Pune,Maharashtra,West
C06109,Neha Kumar,neha.kumar6109@example.com,Kanpur,Uttar Pradesh,North
C06110,Karan Sharma,karan.sharma6110@example.com,Delhi,Delhi,North
C06111,Simran Rajput,simran.rajput6111@example.com,Mumbai,Maharashtra,West
C06112,Ananya Mishra,ananya.mishra6112@example.com,Hyderabad,Telangana,South
C06113,Sneha Rajput,sneha.rajput6113@example.com,Kolkata,West Bengal,East
C06114,Aditi Gupta,aditi.gupta6114@example.com,Patna,Bihar,East
C06115,Aarav Verma,aarav.verma6115@example.com,Kanpur,Uttar Pradesh,North
C06116,Riya Sharma,riya.sharma6116@example.com,Chennai,Tamil Nadu,South
C06117,Karan Verma,karan.verma6117@example.com,Kochi,Kerala,South
C06118,Vikash Yadav,vikash.yadav6118@example.com,Surat,Gujarat,West
C06119,Pooja Rajput,pooja.rajput6119@example.com,Kolkata,West Bengal,East
C06120,Rohan Singh,rohan.singh6120@example.com,Hyderabad,Telangana,South
C06121,Simran Singh,simran.singh6121@example.com,Ahmedabad,Gujarat,West
C06122,Rohan Yadav,rohan.yadav6122@example.com,Delhi,Delhi,North
C06123,Aditya Sharma,aditya.sharma6123@example.com,Surat,Gujarat,West
C06124,Neha Rajput,neha.rajput6124@example.com,Kolkata,West Bengal,East
C06125,Rahul Gupta,rahul.gupta6125@example.com,Chennai,Tamil Nadu,South
C06126,Simran Sharma,simran.sharma6126@example.com,Lucknow,Uttar Pradesh,North
C06127,Rahul Sharma,rahul.sharma6127@example.com,Bhubaneswar,Odisha,East
C06128,Simran Yadav,simran.yadav6128@example.com,Bhubaneswar,Odisha,East
C06129,Rahul Gupta,rahul.gupta6129@example.com,Jaipur,Rajasthan,North
C06130,Aarav Gupta,aarav.gupta6130@example.com,Ahmedabad,Gujarat,West
C06131,Riya Mishra,riya.mishra6131@example.com,Lucknow,Uttar Pradesh,North
C06132,Simran Gupta,simran.gupta6132@example.com,Delhi,Delhi,North
C06133,Priya Verma,priya.verma6133@example.com,Lucknow,Uttar Pradesh,North
C06134,Priya Kumar,priya.kumar6134@example.com,Jaipur,Rajasthan,North
C06135,Ankit Agarwal,ankit.agarwal6135@example.com,Jaipur,Rajasthan,North
C06136,Simran Gupta,simran.gupta6136@example.com,Patna,Bihar,East
C06137,Neha Agarwal,neha.agarwal6137@example.com,Patna,Bihar,East
C06138,Aman Singh,aman.singh6138@example.com,Pune,Maharashtra,West
C06139,Sneha Agarwal,sneha.agarwal6139@example.com,Bhubaneswar,Odisha,East
C06140,Rahul Rajput,rahul.rajput6140@example.com,Kochi,Kerala,South
C06141,Aditi Mishra,aditi.mishra6141@example.com,Bengaluru,Karnataka,South
C06142,Rahul Rajput,rahul.rajput6142@example.com,Kochi,Kerala,South
C06143,Rahul Kumar,rahul.kumar6143@example.com,Pune,Maharashtra,West
C06144,Kavya Gupta,kavya.gupta6144@example.com,Jaipur,Rajasthan,North
C06145,Kavya Yadav,kavya.yadav6145@example.com,Surat,Gujarat,West
C06146,Aman Verma,aman.verma6146@example.com,Mumbai,Maharashtra,West
C06147,Priya Rajput,priya.rajput6147@example.com,Mumbai,Maharashtra,West
C06148,Karan Mishra,karan.mishra6148@example.com,Bengaluru,Karnataka,South
C06149,Simran Agarwal,simran.agarwal6149@example.com,Kanpur,Uttar Pradesh,North
C06150,Aditi Yadav,aditi.yadav6150@example.com,Delhi,Delhi,North
C06151,Arjun Gupta,arjun.gupta6151@example.com,Mumbai,Maharashtra,West
C06152,Pooja Kumar,pooja.kumar6152@example.com,Delhi,Delhi,North
C06153,Karan Yadav,karan.yadav6153@example.com,Jaipur,Rajasthan,North
C06154,Isha Yadav,isha.yadav6154@example.com,Mumbai,Maharashtra,West
C06155,Rahul Singh,rahul.singh6155@example.com,Kolkata,West Bengal,East
C06156,Aditya Kumar,aditya.kumar6156@example.com,Delhi,Delhi,North
C06157,Ankit Singh,ankit.singh6157@example.com,Lucknow,Uttar Pradesh,North
C06158,Aman Patel,aman.patel6158@example.com,Bhubaneswar,Odisha,East
C06159,Rohan Singh,rohan.singh6159@example.com,Lucknow,Uttar Pradesh,North
C06160,Sneha Sharma,sneha.sharma6160@example.com,Bengaluru,Karnataka,South
C06161,Isha Sharma,isha.sharma6161@example.com,Lucknow,Uttar Pradesh,North
C06162,Riya Rajput,riya.rajput6162@example.com,Surat,Gujarat,West
C06163,Sahil Mishra,sahil.mishra6163@example.com,Chandigarh,Chandigarh,North
C06164,Vikash Singh,vikash.singh6164@example.com,Bhubaneswar,Odisha,East
C06165,Ananya Mishra,ananya.mishra6165@example.com,Ahmedabad,Gujarat,West
C06166,Simran Yadav,simran.yadav6166@example.com,Hyderabad,Telangana,South
C06167,Sneha Sharma,sneha.sharma6167@example.com,Mumbai,Maharashtra,West
C06168,Aditya Sharma,aditya.sharma6168@example.com,Surat,Gujarat,West
C06169,Riya Sharma,riya.sharma6169@example.com,Kolkata,West Bengal,East
C06170,Kavya Patel,kavya.patel6170@example.com,Patna,Bihar,East
C06171,Arjun Kumar,arjun.kumar6171@example.com,Pune,Maharashtra,West
C06172,Neha Agarwal,neha.agarwal6172@example.com,Lucknow,Uttar Pradesh,North
C06173,Sahil Agarwal,sahil.agarwal6173@example.com,Kochi,Kerala,South
C06174,Arjun Singh,arjun.singh6174@example.com,Mumbai,Maharashtra,West
C06175,Isha Yadav,isha.yadav6175@example.com,Surat,Gujarat,West
C06176,Vikash Agarwal,vikash.agarwal6176@example.com,Kolkata,West Bengal,East
C06177,Riya Mishra,riya.mishra6177@example.com,Chandigarh,Chandigarh,North
C06178,Sneha Rajput,sneha.rajput6178@example.com,Patna,Bihar,East
C06179,Aditya Gupta,aditya.gupta6179@example.com,Jaipur,Rajasthan,North
C06180,Simran Patel,simran.patel6180@example.com,Ahmedabad,Gujarat,West
C06181,Rahul Gupta,rahul.gupta6181@example.com,Lucknow,Uttar Pradesh,North
C06182,Simran Rajput,simran.rajput6182@example.com,Kanpur,Uttar Pradesh,North
C06183,Ananya Rajput,ananya.rajput6183@example.com,Jaipur,Rajasthan,North
C06184,Kavya Mishra,kavya.mishra6184@example.com,Ahmedabad,Gujarat,West
C06185,Vikash Yadav,vikash.yadav6185@example.com,Bengaluru,Karnataka,South
C06186,Riya Mishra,riya.mishra6186@example.com,Ahmedabad,Gujarat,West
C06187,Priya Rajput,priya.rajput6187@example.com,Hyderabad,Telangana,South
C06188,Rahul Yadav,rahul.yadav6188@example.com,Kochi,Kerala,South
C06189,Vikash Gupta,vikash.gupta6189@example.com,Jaipur,Rajasthan,North
C06190,Aditi Rajput,aditi.rajput6190@example.com,Bengaluru,Karnataka,South
C06191,Aditi Rajput,aditi.rajput6191@example.com,Kochi,Kerala,South
C06192,Riya Verma,riya.verma6192@example.com,Surat,Gujarat,West
C06193,Aditi Rajput,aditi.rajput6193@example.com,Delhi,Delhi,North
C06194,Ankit Yadav,ankit.yadav6194@example.com,Bengaluru,Karnataka,South
C06195,Rohan Singh,rohan.singh6195@example.com,Bhubaneswar,Odisha,East
C06196,Aarav Kumar,aarav.kumar6196@example.com,Chennai,Tamil Nadu,South
C06197,Rahul Rajput,rahul.rajput6197@example.com,Chandigarh,Chandigarh,North
C06198,Vikash Patel,vikash.patel6198@example.com,Ahmedabad,Gujarat,West
C06199,Pooja Gupta,pooja.gupta6199@example.com,Chandigarh,Chandigarh,North
C06200,Aarav Mishra,aarav.mishra6200@example.com,Ahmedabad,Gujarat,West
C06201,Ankit Mishra,ankit.mishra6201@example.com,Kochi,Kerala,South
C06202,Riya Mishra,riya.mishra6202@example.com,Ahmedabad,Gujarat,West
C06203,Aditi Sharma,aditi.sharma6203@example.com,Kolkata,West Bengal,East
C06204,Rohan Gupta,rohan.gupta6204@example.com,Kochi,Kerala,South
C06205,Kavya Kumar,kavya.kumar6205@example.com,Bhubaneswar,Odisha,East
C06206,Aditi Agarwal,aditi.agarwal6206@example.com,Lucknow,Uttar Pradesh,North
C06207,Pooja Sharma,pooja.sharma6207@example.com,Lucknow,Uttar Pradesh,North
C06208,Arjun Gupta,arjun.gupta6208@example.com,Lucknow,Uttar Pradesh,North
C06209,Karan Singh,karan.singh6209@example.com,Ahmedabad,Gujarat,West
C06210,Ananya Agarwal,ananya.agarwal6210@example.com,Mumbai,Maharashtra,West
C06211,Karan Rajput,karan.rajput6211@example.com,Kanpur,Uttar Pradesh,North
C06212,Aman Verma,aman.verma6212@example.com,Patna,Bihar,East
C06213,Pooja Sharma,pooja.sharma6213@example.com,Chennai,Tamil Nadu,South
C06214,Vikash Verma,vikash.verma6214@example.com,Jaipur,Rajasthan,North
C06215,Ankit Patel,ankit.patel6215@example.com,Kanpur,Uttar Pradesh,North
C06216,Neha Patel,neha.patel6216@example.com,Delhi,Delhi,North
C06217,Vikash Patel,vikash.patel6217@example.com,Surat,Gujarat,West
C06218,Sahil Yadav,sahil.yadav6218@example.com,Chandigarh,Chandigarh,North
C06219,Ankit Singh,ankit.singh6219@example.com,Kanpur,Uttar Pradesh,North
C06220,Pooja Patel,pooja.patel6220@example.com,Jaipur,Rajasthan,North
C06221,Karan Gupta,karan.gupta6221@example.com,Surat,Gujarat,West
C06222,Aarav Agarwal,aarav.agarwal6222@example.com,Kolkata,West Bengal,East
C06223,Neha Singh,neha.singh6223@example.com,Patna,Bihar,East
C06224,Kavya Singh,kavya.singh6224@example.com,Chandigarh,Chandigarh,North
C06225,Ankit Agarwal,ankit.agarwal6225@example.com,Jaipur,Rajasthan,North
C06226,Riya Mishra,riya.mishra6226@example.com,Delhi,Delhi,North
C06227,Neha Yadav,neha.yadav6227@example.com,Chandigarh,Chandigarh,North
C06228,Rahul Gupta,rahul.gupta6228@example.com,Lucknow,Uttar Pradesh,North
C06229,Sneha Gupta,sneha.gupta6229@example.com,Kolkata,West Bengal,East
C06230,Isha Singh,isha.singh6230@example.com,Ahmedabad,Gujarat,West
C06231,Priya Agarwal,priya.agarwal6231@example.com,Mumbai,Maharashtra,West
C06232,Neha Rajput,neha.rajput6232@example.com,Surat,Gujarat,West
C06233,Riya Rajput,riya.rajput6233@example.com,Ahmedabad,Gujarat,West
C06234,Simran Rajput,simran.rajput6234@example.com,Bhubaneswar,Odisha,East
C06235,Sahil Mishra,sahil.mishra6235@example.com,Kochi,Kerala,South
C06236,Simran Gupta,simran.gupta6236@example.com,Lucknow,Uttar Pradesh,North
C06237,Priya Patel,priya.patel6237@example.com,Surat,Gujarat,West
C06238,Priya Sharma,priya.sharma6238@example.com,Kanpur,Uttar Pradesh,North
C06239,Rahul Agarwal,rahul.agarwal6239@example.com,Chandigarh,Chandigarh,North
C06240,Aditi Kumar,aditi.kumar6240@example.com,Jaipur,Rajasthan,North
C06241,Kavya Patel,kavya.patel6241@example.com,Ahmedabad,Gujarat,West
C06242,Neha Sharma,neha.sharma6242@example.com,Hyderabad,Telangana,South
C06243,Rahul Singh,rahul.singh6243@example.com,Patna,Bihar,East
C06244,Arjun Rajput,arjun.rajput6244@example.com,Jaipur,Rajasthan,North
C06245,Aman Agarwal,aman.agarwal6245@example.com,Kochi,Kerala,South
C06246,Karan Rajput,karan.rajput6246@example.com,Chennai,Tamil Nadu,South
C06247,Aman Rajput,aman.rajput6247@example.com,Chandigarh,Chandigarh,North
C06248,Rahul Mishra,rahul.mishra6248@example.com,Surat,Gujarat,West
C06249,Priya Patel,priya.patel6249@example.com,Jaipur,Rajasthan,North
C06250,Neha Yadav,neha.yadav6250@example.com,Delhi,Delhi,North
C06251,Aditya Sharma,aditya.sharma6251@example.com,Bengaluru,Karnataka,South
C06252,Rohan Gupta,rohan.gupta6252@example.com,Surat,Gujarat,West
C06253,Vikash Sharma,vikash.sharma6253@example.com,Bengaluru,Karnataka,South
C06254,Neha Rajput,neha.rajput6254@example.com,Surat,Gujarat,West
C06255,Riya Agarwal,riya.agarwal6255@example.com,Kolkata,West Bengal,East
C06256,Pooja Yadav,pooja.yadav6256@example.com,Kolkata,West Bengal,East
C06257,Aditya Patel,aditya.patel6257@example.com,Kolkata,West Bengal,East
C06258,Ankit Kumar,ankit.kumar6258@example.com,Delhi,Delhi,North
C06259,Sahil Patel,sahil.patel6259@example.com,Kolkata,West Bengal,East
C06260,Ananya Yadav,ananya.yadav6260@example.com,Bhubaneswar,Odisha,East
C06261,Priya Mishra,priya.mishra6261@example.com,Delhi,Delhi,North
C06262,Simran Yadav,simran.yadav6262@example.com,Bengaluru,Karnataka,South
C06263,Priya Verma,priya.verma6263@example.com,Pune,Maharashtra,West
C06264,Isha Agarwal,isha.agarwal6264@example.com,Delhi,Delhi,North
C06265,Pooja Kumar,pooja.kumar6265@example.com,Ahmedabad,Gujarat,West
C06266,Ananya Gupta,ananya.gupta6266@example.com,Kochi,Kerala,South
C06267,Neha Kumar,neha.kumar6267@example.com,Mumbai,Maharashtra,West
C06268,Pooja Patel,pooja.patel6268@example.com,Bengaluru,Karnataka,South
C06269,Aditya Singh,aditya.singh6269@example.com,Kochi,Kerala,South
C06270,Priya Agarwal,priya.agarwal6270@example.com,Hyderabad,Telangana,South
C06271,Aman Sharma,aman.sharma6271@example.com,Delhi,Delhi,North
C06272,Pooja Kumar,pooja.kumar6272@example.com,Mumbai,Maharashtra,West
C06273,Rahul Kumar,rahul.kumar6273@example.com,Chandigarh,Chandigarh,North
C06274,Sahil Kumar,sahil.kumar6274@example.com,Bhubaneswar,Odisha,East
C06275,Pooja Yadav,pooja.yadav6275@example.com,Patna,Bihar,East
C06276,Sahil Rajput,sahil.rajput6276@example.com,Chandigarh,Chandigarh,North
C06277,Priya Agarwal,priya.agarwal6277@example.com,Lucknow,Uttar Pradesh,North
C06278,Neha Sharma,neha.sharma6278@example.com,Kanpur,Uttar Pradesh,North
C06279,Arjun Kumar,arjun.kumar6279@example.com,Surat,Gujarat,West
C06280,Rahul Singh,rahul.singh6280@example.com,Hyderabad,Telangana,South
C06281,Isha Gupta,isha.gupta6281@example.com,Kochi,Kerala,South
C06282,Aditya Sharma,aditya.sharma6282@example.com,Delhi,Delhi,North
C06283,Rahul Yadav,rahul.yadav6283@example.com,Kochi,Kerala,South
C06284,Kavya Yadav,kavya.yadav6284@example.com,Chandigarh,Chandigarh,North
C06285,Karan Singh,karan.singh6285@example.com,Mumbai,Maharashtra,West
C06286,Simran Agarwal,simran.agarwal6286@example.com,Hyderabad,Telangana,South
C06287,Sneha Sharma,sneha.sharma6287@example.com,Surat,Gujarat,West
C06288,Sneha Kumar,sneha.kumar6288@example.com,Kolkata,West Bengal,East
C06289,Ankit Kumar,ankit.kumar6289@example.com,Kolkata,West Bengal,East
C06290,Arjun Kumar,arjun.kumar6290@example.com,Kanpur,Uttar Pradesh,North
C06291,Vikash Sharma,vikash.sharma6291@example.com,Pune,Maharashtra,West
C06292,Isha Gupta,isha.gupta6292@example.com,Ahmedabad,Gujarat,West
C06293,Kavya Patel,kavya.patel6293@example.com,Ahmedabad,Gujarat,West
C06294,Pooja Patel,pooja.patel6294@example.com,Kochi,Kerala,South
C06295,Riya Sharma,riya.sharma6295@example.com,Bhubaneswar,Odisha,East
C06296,Riya Patel,riya.patel6296@example.com,Mumbai,Maharashtra,West
C06297,Ananya Gupta,ananya.gupta6297@example.com,Mumbai,Maharashtra,West
C06298,Sahil Kumar,sahil.kumar6298@example.com,Kanpur,Uttar Pradesh,North
C06299,Riya Verma,riya.verma6299@example.com,Chennai,Tamil Nadu,South
C06300,Ankit Patel,ankit.patel6300@example.com,Surat,Gujarat,West
C06301,Aditya Sharma,aditya.sharma6301@example.com,Kolkata,West Bengal,East
C06302,Ankit Gupta,ankit.gupta6302@example.com,Hyderabad,Telangana,South
C06303,Sahil Yadav,sahil.yadav6303@example.com,Chennai,Tamil Nadu,South
C06304,Rohan Verma,rohan.verma6304@example.com,Lucknow,Uttar Pradesh,North
C06305,Rahul Kumar,rahul.kumar6305@example.com,Pune,Maharashtra,West
C06306,Rohan Yadav,rohan.yadav6306@example.com,Bengaluru,Karnataka,South
C06307,Riya Agarwal,riya.agarwal6307@example.com,Patna,Bihar,East
C06308,Aditi Singh,aditi.singh6308@example.com,Bhubaneswar,Odisha,East
C06309,Sneha Rajput,sneha.rajput6309@example.com,Pune,Maharashtra,West
C06310,Aman Gupta,aman.gupta6310@example.com,Mumbai,Maharashtra,West
C06311,Kavya Kumar,kavya.kumar6311@example.com,Delhi,Delhi,North
C06312,Karan Mishra,karan.mishra6312@example.com,Kochi,Kerala,South
C06313,Vikash Singh,vikash.singh6313@example.com,Patna,Bihar,East
C06314,Ananya Sharma,ananya.sharma6314@example.com,Jaipur,Rajasthan,North
C06315,Arjun Agarwal,arjun.agarwal6315@example.com,Kochi,Kerala,South
C06316,Aman Sharma,aman.sharma6316@example.com,Surat,Gujarat,West
C06317,Priya Verma,priya.verma6317@example.com,Jaipur,Rajasthan,North
C06318,Neha Agarwal,neha.agarwal6318@example.com,Ahmedabad,Gujarat,West
C06319,Priya Mishra,priya.mishra6319@example.com,Chandigarh,Chandigarh,North
C06320,Ankit Agarwal,ankit.agarwal6320@example.com,Ahmedabad,Gujarat,West
C06321,Priya Verma,priya.verma6321@example.com,Bengaluru,Karnataka,South
C06322,Aarav Sharma,aarav.sharma6322@example.com,Kanpur,Uttar Pradesh,North
C06323,Isha Singh,isha.singh6323@example.com,Kochi,Kerala,South
C06324,Sneha Yadav,sneha.yadav6324@example.com,Bengaluru,Karnataka,South
C06325,Isha Singh,isha.singh6325@example.com,Kolkata,West Bengal,East
C06326,Ananya Kumar,ananya.kumar6326@example.com,Surat,Gujarat,West
C06327,Ankit Gupta,ankit.gupta6327@example.com,Hyderabad,Telangana,South
C06328,Ankit Gupta,ankit.gupta6328@example.com,Kolkata,West Bengal,East
C06329,Aditya Mishra,aditya.mishra6329@example.com,Pune,Maharashtra,West
C06330,Riya Patel,riya.patel6330@example.com,Lucknow,Uttar Pradesh,North
C06331,Kavya Agarwal,kavya.agarwal6331@example.com,Pune,Maharashtra,West
C06332,Sneha Mishra,sneha.mishra6332@example.com,Kanpur,Uttar Pradesh,North
C06333,Aarav Patel,aarav.patel6333@example.com,Ahmedabad,Gujarat,West
C06334,Aditi Singh,aditi.singh6334@example.com,Chandigarh,Chandigarh,North
C06335,Riya Yadav,riya.yadav6335@example.com,Surat,Gujarat,West
C06336,Riya Rajput,riya.rajput6336@example.com,Kolkata,West Bengal,East
C06337,Simran Mishra,simran.mishra6337@example.com,Chandigarh,Chandigarh,North
C06338,Aditi Sharma,aditi.sharma6338@example.com,Bengaluru,Karnataka,South
C06339,Priya Yadav,priya.yadav6339@example.com,Chandigarh,Chandigarh,North
C06340,Kavya Singh,kavya.singh6340@example.com,Surat,Gujarat,West
C06341,Sneha Kumar,sneha.kumar6341@example.com,Surat,Gujarat,West
C06342,Neha Verma,neha.verma6342@example.com,Jaipur,Rajasthan,North
C06343,Arjun Agarwal,arjun.agarwal6343@example.com,Kochi,Kerala,South
C06344,Ankit Kumar,ankit.kumar6344@example.com,Surat,Gujarat,West
C06345,Rohan Verma,rohan.verma6345@example.com,Ahmedabad,Gujarat,West
C06346,Simran Yadav,simran.yadav6346@example.com,Mumbai,Maharashtra,West
C06347,Isha Verma,isha.verma6347@example.com,Ahmedabad,Gujarat,West
C06348,Simran Singh,simran.singh6348@example.com,Chandigarh,Chandigarh,North
C06349,Rahul Mishra,rahul.mishra6349@example.com,Patna,Bihar,East
C06350,Aarav Rajput,aarav.rajput6350@example.com,Mumbai,Maharashtra,West
C06351,Simran Verma,simran.verma6351@example.com,Mumbai,Maharashtra,West
C06352,Isha Mishra,isha.mishra6352@example.com,Jaipur,Rajasthan,North
C06353,Simran Mishra,simran.mishra6353@example.com,Pune,Maharashtra,West
C06354,Vikash Kumar,vikash.kumar6354@example.com,Kanpur,Uttar Pradesh,North
C06355,Aditya Singh,aditya.singh6355@example.com,Delhi,Delhi,North
C06356,Vikash Verma,vikash.verma6356@example.com,Mumbai,Maharashtra,West
C06357,Aarav Sharma,aarav.sharma6357@example.com,Lucknow,Uttar Pradesh,North
C06358,Isha Rajput,isha.rajput6358@example.com,Bhubaneswar,Odisha,East
C06359,Pooja Rajput,pooja.rajput6359@example.com,Kanpur,Uttar Pradesh,North
C06360,Aditya Sharma,aditya.sharma6360@example.com,Patna,Bihar,East
C06361,Neha Singh,neha.singh6361@example.com,Delhi,Delhi,North
C06362,Riya Singh,riya.singh6362@example.com,Bengaluru,Karnataka,South
C06363,Karan Patel,karan.patel6363@example.com,Kochi,Kerala,South
C06364,Arjun Gupta,arjun.gupta6364@example.com,Jaipur,Rajasthan,North
C06365,Aman Mishra,aman.mishra6365@example.com,Bengaluru,Karnataka,South
C06366,Priya Verma,priya.verma6366@example.com,Lucknow,Uttar Pradesh,North
C06367,Simran Mishra,simran.mishra6367@example.com,Jaipur,Rajasthan,North
C06368,Kavya Gupta,kavya.gupta6368@example.com,Kolkata,West Bengal,East
C06369,Riya Kumar,riya.kumar6369@example.com,Pune,Maharashtra,West
C06370,Priya Gupta,priya.gupta6370@example.com,Kolkata,West Bengal,East
C06371,Simran Patel,simran.patel6371@example.com,Kanpur,Uttar Pradesh,North
C06372,Aditya Sharma,aditya.sharma6372@example.com,Pune,Maharashtra,West
C06373,Aarav Yadav,aarav.yadav6373@example.com,Kochi,Kerala,South
C06374,Vikash Sharma,vikash.sharma6374@example.com,Hyderabad,Telangana,South
C06375,Ankit Patel,ankit.patel6375@example.com,Kochi,Kerala,South
C06376,Sneha Singh,sneha.singh6376@example.com,Chennai,Tamil Nadu,South
C06377,Aarav Sharma,aarav.sharma6377@example.com,Kolkata,West Bengal,East
C06378,Pooja Rajput,pooja.rajput6378@example.com,Kolkata,West Bengal,East
C06379,Ankit Singh,ankit.singh6379@example.com,Lucknow,Uttar Pradesh,North
C06380,Aarav Rajput,aarav.rajput6380@example.com,Hyderabad,Telangana,South
C06381,Sahil Singh,sahil.singh6381@example.com,Lucknow,Uttar Pradesh,North
C06382,Aman Gupta,aman.gupta6382@example.com,Delhi,Delhi,North
C06383,Sneha Mishra,sneha.mishra6383@example.com,Chennai,Tamil Nadu,South
C06384,Rahul Rajput,rahul.rajput6384@example.com,Surat,Gujarat,West
C06385,Aditi Yadav,aditi.yadav6385@example.com,Jaipur,Rajasthan,North
C06386,Isha Agarwal,isha.agarwal6386@example.com,Delhi,Delhi,North
C06387,Ananya Mishra,ananya.mishra6387@example.com,Pune,Maharashtra,West
C06388,Pooja Rajput,pooja.rajput6388@example.com,Pune,Maharashtra,West
C06389,Sahil Mishra,sahil.mishra6389@example.com,Chandigarh,Chandigarh,North
C06390,Neha Mishra,neha.mishra6390@example.com,Kochi,Kerala,South
C06391,Vikash Rajput,vikash.rajput6391@example.com,Bhubaneswar,Odisha,East
C06392,Aarav Mishra,aarav.mishra6392@example.com,Ahmedabad,Gujarat,West
C06393,Riya Rajput,riya.rajput6393@example.com,Kanpur,Uttar Pradesh,North
C06394,Kavya Mishra,kavya.mishra6394@example.com,Patna,Bihar,East
C06395,Aditi Singh,aditi.singh6395@example.com,Hyderabad,Telangana,South
C06396,Aarav Patel,aarav.patel6396@example.com,Kolkata,West Bengal,East
C06397,Vikash Patel,vikash.patel6397@example.com,Bhubaneswar,Odisha,East
C06398,Arjun Agarwal,arjun.agarwal6398@example.com,Bhubaneswar,Odisha,East
C06399,Neha Sharma,neha.sharma6399@example.com,Ahmedabad,Gujarat,West
C06400,Rohan Sharma,rohan.sharma6400@example.com,Lucknow,Uttar Pradesh,North
C06401,Rohan Rajput,rohan.rajput6401@example.com,Hyderabad,Telangana,South
C06402,Sneha Mishra,sneha.mishra6402@example.com,Mumbai,Maharashtra,West
C06403,Neha Sharma,neha.sharma6403@example.com,Bengaluru,Karnataka,South
C06404,Arjun Mishra,arjun.mishra6404@example.com,Delhi,Delhi,North
C06405,Simran Patel,simran.patel6405@example.com,Chandigarh,Chandigarh,North
C06406,Arjun Yadav,arjun.yadav6406@example.com,Hyderabad,Telangana,South
C06407,Priya Mishra,priya.mishra6407@example.com,Chennai,Tamil Nadu,South
C06408,Rahul Yadav,rahul.yadav6408@example.com,Patna,Bihar,East
C06409,Sneha Gupta,sneha.gupta6409@example.com,Lucknow,Uttar Pradesh,North
C06410,Rohan Yadav,rohan.yadav6410@example.com,Bengaluru,Karnataka,South
C06411,Neha Agarwal,neha.agarwal6411@example.com,Mumbai,Maharashtra,West
C06412,Arjun Singh,arjun.singh6412@example.com,Chandigarh,Chandigarh,North
C06413,Ankit Singh,ankit.singh6413@example.com,Kochi,Kerala,South
C06414,Rohan Rajput,rohan.rajput6414@example.com,Surat,Gujarat,West
C06415,Vikash Kumar,vikash.kumar6415@example.com,Chandigarh,Chandigarh,North
C06416,Aditi Yadav,aditi.yadav6416@example.com,Chennai,Tamil Nadu,South
C06417,Isha Agarwal,isha.agarwal6417@example.com,Lucknow,Uttar Pradesh,North
C06418,Sneha Sharma,sneha.sharma6418@example.com,Surat,Gujarat,West
C06419,Ananya Gupta,ananya.gupta6419@example.com,Chandigarh,Chandigarh,North
C06420,Rahul Mishra,rahul.mishra6420@example.com,Hyderabad,Telangana,South
C06421,Sahil Patel,sahil.patel6421@example.com,Patna,Bihar,East
C06422,Aditya Patel,aditya.patel6422@example.com,Kolkata,West Bengal,East
C06423,Isha Kumar,isha.kumar6423@example.com,Delhi,Delhi,North
C06424,Simran Kumar,simran.kumar6424@example.com,Chandigarh,Chandigarh,North
C06425,Ananya Yadav,ananya.yadav6425@example.com,Delhi,Delhi,North
C06426,Simran Sharma,simran.sharma6426@example.com,Jaipur,Rajasthan,North
C06427,Arjun Rajput,arjun.rajput6427@example.com,Ahmedabad,Gujarat,West
C06428,Priya Rajput,priya.rajput6428@example.com,Surat,Gujarat,West
C06429,Aditya Yadav,aditya.yadav6429@example.com,Mumbai,Maharashtra,West
C06430,Karan Kumar,karan.kumar6430@example.com,Surat,Gujarat,West
C06431,Kavya Kumar,kavya.kumar6431@example.com,Mumbai,Maharashtra,West
C06432,Riya Agarwal,riya.agarwal6432@example.com,Chennai,Tamil Nadu,South
C06433,Ankit Sharma,ankit.sharma6433@example.com,Jaipur,Rajasthan,North
C06434,Arjun Yadav,arjun.yadav6434@example.com,Mumbai,Maharashtra,West
C06435,Vikash Gupta,vikash.gupta6435@example.com,Bhubaneswar,Odisha,East
C06436,Aman Singh,aman.singh6436@example.com,Chandigarh,Chandigarh,North
C06437,Pooja Singh,pooja.singh6437@example.com,Kochi,Kerala,South
C06438,Riya Patel,riya.patel6438@example.com,Delhi,Delhi,North
C06439,Kavya Singh,kavya.singh6439@example.com,Jaipur,Rajasthan,North
C06440,Ananya Mishra,ananya.mishra6440@example.com,Jaipur,Rajasthan,North
C06441,Arjun Singh,arjun.singh6441@example.com,Hyderabad,Telangana,South
C06442,Aarav Agarwal,aarav.agarwal6442@example.com,Mumbai,Maharashtra,West
C06443,Sneha Singh,sneha.singh6443@example.com,Lucknow,Uttar Pradesh,North
C06444,Priya Kumar,priya.kumar6444@example.com,Kolkata,West Bengal,East
C06445,Arjun Sharma,arjun.sharma6445@example.com,Hyderabad,Telangana,South
C06446,Aman Yadav,aman.yadav6446@example.com,Jaipur,Rajasthan,North
C06447,Simran Kumar,simran.kumar6447@example.com,Pune,Maharashtra,West
C06448,Aditya Sharma,aditya.sharma6448@example.com,Bhubaneswar,Odisha,East
C06449,Arjun Rajput,arjun.rajput6449@example.com,Chennai,Tamil Nadu,South
C06450,Aarav Sharma,aarav.sharma6450@example.com,Patna,Bihar,East
C06451,Ankit Singh,ankit.singh6451@example.com,Bengaluru,Karnataka,South
C06452,Riya Patel,riya.patel6452@example.com,Bengaluru,Karnataka,South
C06453,Aman Kumar,aman.kumar6453@example.com,Bhubaneswar,Odisha,East
C06454,Pooja Agarwal,pooja.agarwal6454@example.com,Pune,Maharashtra,West
C06455,Pooja Patel,pooja.patel6455@example.com,Chandigarh,Chandigarh,North
C06456,Aditi Gupta,aditi.gupta6456@example.com,Surat,Gujarat,West
C06457,Kavya Singh,kavya.singh6457@example.com,Kolkata,West Bengal,East
C06458,Arjun Agarwal,arjun.agarwal6458@example.com,Chandigarh,Chandigarh,North
C06459,Kavya Verma,kavya.verma6459@example.com,Bengaluru,Karnataka,South
C06460,Riya Singh,riya.singh6460@example.com,Pune,Maharashtra,West
C06461,Arjun Sharma,arjun.sharma6461@example.com,Surat,Gujarat,West
C06462,Priya Sharma,priya.sharma6462@example.com,Chandigarh,Chandigarh,North
C06463,Ananya Mishra,ananya.mishra6463@example.com,Kochi,Kerala,South
C06464,Aman Kumar,aman.kumar6464@example.com,Lucknow,Uttar Pradesh,North
C06465,Sneha Gupta,sneha.gupta6465@example.com,Pune,Maharashtra,West
C06466,Ananya Yadav,ananya.yadav6466@example.com,Surat,Gujarat,West
C06467,Isha Verma,isha.verma6467@example.com,Chennai,Tamil Nadu,South
C06468,Rohan Rajput,rohan.rajput6468@example.com,Jaipur,Rajasthan,North
C06469,Neha Gupta,neha.gupta6469@example.com,Kolkata,West Bengal,East
C06470,Aditya Rajput,aditya.rajput6470@example.com,Bhubaneswar,Odisha,East
C06471,Karan Agarwal,karan.agarwal6471@example.com,Ahmedabad,Gujarat,West
C06472,Ankit Gupta,ankit.gupta6472@example.com,Pune,Maharashtra,West
C06473,Riya Gupta,riya.gupta6473@example.com,Mumbai,Maharashtra,West
C06474,Priya Verma,priya.verma6474@example.com,Kochi,Kerala,South
C06475,Sahil Rajput,sahil.rajput6475@example.com,Chandigarh,Chandigarh,North
C06476,Riya Sharma,riya.sharma6476@example.com,Chennai,Tamil Nadu,South
C06477,Priya Sharma,priya.sharma6477@example.com,Bhubaneswar,Odisha,East
C06478,Sneha Gupta,sneha.gupta6478@example.com,Jaipur,Rajasthan,North
C06479,Neha Patel,neha.patel6479@example.com,Bhubaneswar,Odisha,East
C06480,Aditi Patel,aditi.patel6480@example.com,Hyderabad,Telangana,South
C06481,Arjun Patel,arjun.patel6481@example.com,Kochi,Kerala,South
C06482,Vikash Verma,vikash.verma6482@example.com,Mumbai,Maharashtra,West
C06483,Aarav Agarwal,aarav.agarwal6483@example.com,Jaipur,Rajasthan,North
C06484,Riya Patel,riya.patel6484@example.com,Chennai,Tamil Nadu,South
C06485,Rahul Sharma,rahul.sharma6485@example.com,Patna,Bihar,East
C06486,Sahil Sharma,sahil.sharma6486@example.com,Kanpur,Uttar Pradesh,North
C06487,Aman Singh,aman.singh6487@example.com,Lucknow,Uttar Pradesh,North
C06488,Rahul Yadav,rahul.yadav6488@example.com,Kochi,Kerala,South
C06489,Rahul Agarwal,rahul.agarwal6489@example.com,Delhi,Delhi,North
C06490,Rohan Patel,rohan.patel6490@example.com,Bengaluru,Karnataka,South
C06491,Sneha Rajput,sneha.rajput6491@example.com,Jaipur,Rajasthan,North
C06492,Vikash Kumar,vikash.kumar6492@example.com,Delhi,Delhi,North
C06493,Neha Agarwal,neha.agarwal6493@example.com,Hyderabad,Telangana,South
C06494,Aman Patel,aman.patel6494@example.com,Surat,Gujarat,West
C06495,Arjun Kumar,arjun.kumar6495@example.com,Delhi,Delhi,North
C06496,Arjun Kumar,arjun.kumar6496@example.com,Mumbai,Maharashtra,West
C06497,Sneha Patel,sneha.patel6497@example.com,Hyderabad,Telangana,South
C06498,Aditya Sharma,aditya.sharma6498@example.com,Mumbai,Maharashtra,West
C06499,Pooja Sharma,pooja.sharma6499@example.com,Lucknow,Uttar Pradesh,North
C06500,Priya Singh,priya.singh6500@example.com,Chennai,Tamil Nadu,South
C06501,Karan Kumar,karan.kumar6501@example.com,Hyderabad,Telangana,South
C06502,Simran Gupta,simran.gupta6502@example.com,Bhubaneswar,Odisha,East
C06503,Aditi Patel,aditi.patel6503@example.com,Jaipur,Rajasthan,North
C06504,Sneha Gupta,sneha.gupta6504@example.com,Jaipur,Rajasthan,North
C06505,Kavya Singh,kavya.singh6505@example.com,Bhubaneswar,Odisha,East
C06506,Karan Kumar,karan.kumar6506@example.com,Bhubaneswar,Odisha,East
C06507,Aditi Mishra,aditi.mishra6507@example.com,Jaipur,Rajasthan,North
C06508,Ananya Agarwal,ananya.agarwal6508@example.com,Hyderabad,Telangana,South
C06509,Aarav Verma,aarav.verma6509@example.com,Lucknow,Uttar Pradesh,North
C06510,Aditya Sharma,aditya.sharma6510@example.com,Kochi,Kerala,South
C06511,Sahil Agarwal,sahil.agarwal6511@example.com,Pune,Maharashtra,West
C06512,Sahil Sharma,sahil.sharma6512@example.com,Pune,Maharashtra,West
C06513,Simran Singh,simran.singh6513@example.com,Delhi,Delhi,North
C06514,Ankit Patel,ankit.patel6514@example.com,Chandigarh,Chandigarh,North
C06515,Aditya Verma,aditya.verma6515@example.com,Kolkata,West Bengal,East
C06516,Aditya Mishra,aditya.mishra6516@example.com,Bengaluru,Karnataka,South
C06517,Arjun Singh,arjun.singh6517@example.com,Bengaluru,Karnataka,South
C06518,Aditi Singh,aditi.singh6518@example.com,Ahmedabad,Gujarat,West
C06519,Priya Agarwal,priya.agarwal6519@example.com,Mumbai,Maharashtra,West
C06520,Riya Patel,riya.patel6520@example.com,Hyderabad,Telangana,South
C06521,Aman Patel,aman.patel6521@example.com,Chennai,Tamil Nadu,South
C06522,Rohan Sharma,rohan.sharma6522@example.com,Hyderabad,Telangana,South
C06523,Neha Singh,neha.singh6523@example.com,Jaipur,Rajasthan,North
C06524,Aditya Rajput,aditya.rajput6524@example.com,Patna,Bihar,East
C06525,Simran Agarwal,simran.agarwal6525@example.com,Delhi,Delhi,North
C06526,Aarav Rajput,aarav.rajput6526@example.com,Kolkata,West Bengal,East
C06527,Riya Sharma,riya.sharma6527@example.com,Lucknow,Uttar Pradesh,North
C06528,Riya Rajput,riya.rajput6528@example.com,Bhubaneswar,Odisha,East
C06529,Kavya Gupta,kavya.gupta6529@example.com,Jaipur,Rajasthan,North
C06530,Aman Yadav,aman.yadav6530@example.com,Surat,Gujarat,West
C06531,Rohan Verma,rohan.verma6531@example.com,Pune,Maharashtra,West
C06532,Simran Gupta,simran.gupta6532@example.com,Bengaluru,Karnataka,South
C06533,Simran Patel,simran.patel6533@example.com,Ahmedabad,Gujarat,West
C06534,Aarav Sharma,aarav.sharma6534@example.com,Kochi,Kerala,South
C06535,Kavya Yadav,kavya.yadav6535@example.com,Kochi,Kerala,South
C06536,Vikash Patel,vikash.patel6536@example.com,Chennai,Tamil Nadu,South
C06537,Aarav Verma,aarav.verma6537@example.com,Mumbai,Maharashtra,West
C06538,Ananya Sharma,ananya.sharma6538@example.com,Lucknow,Uttar Pradesh,North
C06539,Kavya Verma,kavya.verma6539@example.com,Kochi,Kerala,South
C06540,Priya Gupta,priya.gupta6540@example.com,Chandigarh,Chandigarh,North
C06541,Neha Kumar,neha.kumar6541@example.com,Bengaluru,Karnataka,South
C06542,Rahul Yadav,rahul.yadav6542@example.com,Surat,Gujarat,West
C06543,Vikash Agarwal,vikash.agarwal6543@example.com,Jaipur,Rajasthan,North
C06544,Vikash Agarwal,vikash.agarwal6544@example.com,Chandigarh,Chandigarh,North
C06545,Aman Verma,aman.verma6545@example.com,Bengaluru,Karnataka,South
C06546,Priya Singh,priya.singh6546@example.com,Lucknow,Uttar Pradesh,North
C06547,Aarav Sharma,aarav.sharma6547@example.com,Jaipur,Rajasthan,North
C06548,Pooja Sharma,pooja.sharma6548@example.com,Hyderabad,Telangana,South
C06549,Aman Sharma,aman.sharma6549@example.com,Kolkata,West Bengal,East
C06550,Isha Gupta,isha.gupta6550@example.com,Ahmedabad,Gujarat,West
C06551,Aarav Kumar,aarav.kumar6551@example.com,Kanpur,Uttar Pradesh,North
C06552,Arjun Rajput,arjun.rajput6552@example.com,Kochi,Kerala,South
C06553,Sneha Verma,sneha.verma6553@example.com,Chandigarh,Chandigarh,North
C06554,Aditi Sharma,aditi.sharma6554@example.com,Bengaluru,Karnataka,South
C06555,Priya Yadav,priya.yadav6555@example.com,Chennai,Tamil Nadu,South
C06556,Simran Mishra,simran.mishra6556@example.com,Bhubaneswar,Odisha,East
C06557,Priya Agarwal,priya.agarwal6557@example.com,Mumbai,Maharashtra,West
C06558,Arjun Kumar,arjun.kumar6558@example.com,Kolkata,West Bengal,East
C06559,Sahil Kumar,sahil.kumar6559@example.com,Kochi,Kerala,South
C06560,Aditya Verma,aditya.verma6560@example.com,Ahmedabad,Gujarat,West
C06561,Pooja Kumar,pooja.kumar6561@example.com,Delhi,Delhi,North
C06562,Rohan Yadav,rohan.yadav6562@example.com,Hyderabad,Telangana,South
C06563,Ananya Mishra,ananya.mishra6563@example.com,Mumbai,Maharashtra,West
C06564,Arjun Gupta,arjun.gupta6564@example.com,Bhubaneswar,Odisha,East
C06565,Sneha Sharma,sneha.sharma6565@example.com,Chandigarh,Chandigarh,North
C06566,Aarav Yadav,aarav.yadav6566@example.com,Kanpur,Uttar Pradesh,North
C06567,Arjun Patel,arjun.patel6567@example.com,Mumbai,Maharashtra,West
C06568,Aman Mishra,aman.mishra6568@example.com,Delhi,Delhi,North
C06569,Vikash Verma,vikash.verma6569@example.com,Kolkata,West Bengal,East
C06570,Vikash Singh,vikash.singh6570@example.com,Mumbai,Maharashtra,West
C06571,Arjun Patel,arjun.patel6571@example.com,Kanpur,Uttar Pradesh,North
C06572,Isha Agarwal,isha.agarwal6572@example.com,Patna,Bihar,East
C06573,Aarav Patel,aarav.patel6573@example.com,Kanpur,Uttar Pradesh,North
C06574,Pooja Singh,pooja.singh6574@example.com,Kanpur,Uttar Pradesh,North
C06575,Isha Rajput,isha.rajput6575@example.com,Pune,Maharashtra,West
C06576,Riya Patel,riya.patel6576@example.com,Chennai,Tamil Nadu,South
C06577,Riya Mishra,riya.mishra6577@example.com,Lucknow,Uttar Pradesh,North
C06578,Simran Patel,simran.patel6578@example.com,Bhubaneswar,Odisha,East
C06579,Kavya Kumar,kavya.kumar6579@example.com,Kanpur,Uttar Pradesh,North
C06580,Neha Mishra,neha.mishra6580@example.com,Jaipur,Rajasthan,North
C06581,Aditya Patel,aditya.patel6581@example.com,Ahmedabad,Gujarat,West
C06582,Kavya Mishra,kavya.mishra6582@example.com,Pune,Maharashtra,West
C06583,Arjun Mishra,arjun.mishra6583@example.com,Kochi,Kerala,South
C06584,Aditi Kumar,aditi.kumar6584@example.com,Patna,Bihar,East
C06585,Vikash Mishra,vikash.mishra6585@example.com,Surat,Gujarat,West
C06586,Priya Gupta,priya.gupta6586@example.com,Jaipur,Rajasthan,North
C06587,Rahul Mishra,rahul.mishra6587@example.com,Chandigarh,Chandigarh,North
C06588,Vikash Yadav,vikash.yadav6588@example.com,Mumbai,Maharashtra,West
C06589,Aarav Sharma,aarav.sharma6589@example.com,Mumbai,Maharashtra,West
C06590,Riya Verma,riya.verma6590@example.com,Bengaluru,Karnataka,South
C06591,Riya Kumar,riya.kumar6591@example.com,Ahmedabad,Gujarat,West
C06592,Rohan Kumar,rohan.kumar6592@example.com,Jaipur,Rajasthan,North
C06593,Ankit Singh,ankit.singh6593@example.com,Surat,Gujarat,West
C06594,Ankit Yadav,ankit.yadav6594@example.com,Surat,Gujarat,West
C06595,Karan Kumar,karan.kumar6595@example.com,Kanpur,Uttar Pradesh,North
C06596,Arjun Rajput,arjun.rajput6596@example.com,Hyderabad,Telangana,South
C06597,Simran Agarwal,simran.agarwal6597@example.com,Pune,Maharashtra,West
C06598,Aarav Kumar,aarav.kumar6598@example.com,Delhi,Delhi,North
C06599,Rohan Sharma,rohan.sharma6599@example.com,Pune,Maharashtra,West
C06600,Aditya Gupta,aditya.gupta6600@example.com,Chandigarh,Chandigarh,North
C06601,Aman Kumar,aman.kumar6601@example.com,Chandigarh,Chandigarh,North
C06602,Sneha Yadav,sneha.yadav6602@example.com,Hyderabad,Telangana,South
C06603,Rohan Singh,rohan.singh6603@example.com,Ahmedabad,Gujarat,West
C06604,Ananya Verma,ananya.verma6604@example.com,Jaipur,Rajasthan,North
C06605,Rohan Mishra,rohan.mishra6605@example.com,Lucknow,Uttar Pradesh,North
C06606,Pooja Patel,pooja.patel6606@example.com,Jaipur,Rajasthan,North
C06607,Pooja Gupta,pooja.gupta6607@example.com,Kochi,Kerala,South
C06608,Karan Sharma,karan.sharma6608@example.com,Jaipur,Rajasthan,North
C06609,Ananya Agarwal,ananya.agarwal6609@example.com,Ahmedabad,Gujarat,West
C06610,Sneha Yadav,sneha.yadav6610@example.com,Bhubaneswar,Odisha,East
C06611,Ananya Rajput,ananya.rajput6611@example.com,Kanpur,Uttar Pradesh,North
C06612,Aditi Mishra,aditi.mishra6612@example.com,Ahmedabad,Gujarat,West
C06613,Rohan Singh,rohan.singh6613@example.com,Delhi,Delhi,North
C06614,Vikash Agarwal,vikash.agarwal6614@example.com,Lucknow,Uttar Pradesh,North
C06615,Pooja Singh,pooja.singh6615@example.com,Patna,Bihar,East
C06616,Sahil Rajput,sahil.rajput6616@example.com,Jaipur,Rajasthan,North
C06617,Vikash Agarwal,vikash.agarwal6617@example.com,Pune,Maharashtra,West
C06618,Rahul Sharma,rahul.sharma6618@example.com,Surat,Gujarat,West
C06619,Aman Mishra,aman.mishra6619@example.com,Surat,Gujarat,West
C06620,Arjun Agarwal,arjun.agarwal6620@example.com,Kochi,Kerala,South
C06621,Neha Kumar,neha.kumar6621@example.com,Chandigarh,Chandigarh,North
C06622,Simran Singh,simran.singh6622@example.com,Pune,Maharashtra,West
C06623,Rahul Rajput,rahul.rajput6623@example.com,Patna,Bihar,East
C06624,Aarav Mishra,aarav.mishra6624@example.com,Jaipur,Rajasthan,North
C06625,Ananya Rajput,ananya.rajput6625@example.com,Hyderabad,Telangana,South
C06626,Pooja Rajput,pooja.rajput6626@example.com,Bhubaneswar,Odisha,East
C06627,Aditya Rajput,aditya.rajput6627@example.com,Ahmedabad,Gujarat,West
C06628,Neha Kumar,neha.kumar6628@example.com,Lucknow,Uttar Pradesh,North
C06629,Simran Mishra,simran.mishra6629@example.com,Kochi,Kerala,South
C06630,Ananya Patel,ananya.patel6630@example.com,Jaipur,Rajasthan,North
C06631,Sahil Agarwal,sahil.agarwal6631@example.com,Bengaluru,Karnataka,South
C06632,Ankit Gupta,ankit.gupta6632@example.com,Jaipur,Rajasthan,North
C06633,Sneha Rajput,sneha.rajput6633@example.com,Kochi,Kerala,South
C06634,Karan Gupta,karan.gupta6634@example.com,Pune,Maharashtra,West
C06635,Aman Agarwal,aman.agarwal6635@example.com,Kolkata,West Bengal,East
C06636,Ananya Sharma,ananya.sharma6636@example.com,Bengaluru,Karnataka,South
C06637,Aditi Rajput,aditi.rajput6637@example.com,Mumbai,Maharashtra,West
C06638,Sneha Verma,sneha.verma6638@example.com,Chandigarh,Chandigarh,North
C06639,Vikash Rajput,vikash.rajput6639@example.com,Chandigarh,Chandigarh,North
C06640,Pooja Singh,pooja.singh6640@example.com,Lucknow,Uttar Pradesh,North
C06641,Sahil Kumar,sahil.kumar6641@example.com,Surat,Gujarat,West
C06642,Karan Rajput,karan.rajput6642@example.com,Chandigarh,Chandigarh,North
C06643,Priya Mishra,priya.mishra6643@example.com,Chennai,Tamil Nadu,South
C06644,Ankit Kumar,ankit.kumar6644@example.com,Kanpur,Uttar Pradesh,North
C06645,Isha Mishra,isha.mishra6645@example.com,Jaipur,Rajasthan,North
C06646,Riya Yadav,riya.yadav6646@example.com,Kanpur,Uttar Pradesh,North
C06647,Aditi Rajput,aditi.rajput6647@example.com,Chandigarh,Chandigarh,North
C06648,Aman Gupta,aman.gupta6648@example.com,Lucknow,Uttar Pradesh,North
C06649,Aditi Agarwal,aditi.agarwal6649@example.com,Kochi,Kerala,South
C06650,Ankit Verma,ankit.verma6650@example.com,Pune,Maharashtra,West
C06651,Riya Patel,riya.patel6651@example.com,Ahmedabad,Gujarat,West
C06652,Rohan Gupta,rohan.gupta6652@example.com,Bhubaneswar,Odisha,East
C06653,Vikash Patel,vikash.patel6653@example.com,Jaipur,Rajasthan,North
C06654,Ananya Mishra,ananya.mishra6654@example.com,Ahmedabad,Gujarat,West
C06655,Aman Verma,aman.verma6655@example.com,Surat,Gujarat,West
C06656,Karan Sharma,karan.sharma6656@example.com,Ahmedabad,Gujarat,West
C06657,Arjun Singh,arjun.singh6657@example.com,Hyderabad,Telangana,South
C06658,Isha Yadav,isha.yadav6658@example.com,Kochi,Kerala,South
C06659,Aarav Patel,aarav.patel6659@example.com,Surat,Gujarat,West
C06660,Ananya Yadav,ananya.yadav6660@example.com,Kochi,Kerala,South
C06661,Simran Gupta,simran.gupta6661@example.com,Patna,Bihar,East
C06662,Priya Yadav,priya.yadav6662@example.com,Kochi,Kerala,South
C06663,Simran Gupta,simran.gupta6663@example.com,Chennai,Tamil Nadu,South
C06664,Karan Patel,karan.patel6664@example.com,Ahmedabad,Gujarat,West
C06665,Pooja Patel,pooja.patel6665@example.com,Patna,Bihar,East
C06666,Ankit Rajput,ankit.rajput6666@example.com,Kochi,Kerala,South
C06667,Aditi Mishra,aditi.mishra6667@example.com,Kochi,Kerala,South
C06668,Arjun Rajput,arjun.rajput6668@example.com,Pune,Maharashtra,West
C06669,Ankit Kumar,ankit.kumar6669@example.com,Lucknow,Uttar Pradesh,North
C06670,Vikash Patel,vikash.patel6670@example.com,Bengaluru,Karnataka,South
C06671,Ananya Sharma,ananya.sharma6671@example.com,Delhi,Delhi,North
C06672,Simran Patel,simran.patel6672@example.com,Bengaluru,Karnataka,South
C06673,Isha Singh,isha.singh6673@example.com,Chennai,Tamil Nadu,South
C06674,Vikash Rajput,vikash.rajput6674@example.com,Chandigarh,Chandigarh,North
C06675,Priya Patel,priya.patel6675@example.com,Kochi,Kerala,South
C06676,Neha Gupta,neha.gupta6676@example.com,Bhubaneswar,Odisha,East
C06677,Vikash Singh,vikash.singh6677@example.com,Ahmedabad,Gujarat,West
C06678,Aarav Yadav,aarav.yadav6678@example.com,Surat,Gujarat,West
C06679,Rohan Verma,rohan.verma6679@example.com,Hyderabad,Telangana,South
C06680,Simran Singh,simran.singh6680@example.com,Surat,Gujarat,West
C06681,Vikash Rajput,vikash.rajput6681@example.com,Kanpur,Uttar Pradesh,North
C06682,Sahil Sharma,sahil.sharma6682@example.com,Surat,Gujarat,West
C06683,Riya Agarwal,riya.agarwal6683@example.com,Pune,Maharashtra,West
C06684,Aman Kumar,aman.kumar6684@example.com,Kolkata,West Bengal,East
C06685,Rahul Gupta,rahul.gupta6685@example.com,Chennai,Tamil Nadu,South
C06686,Sahil Verma,sahil.verma6686@example.com,Jaipur,Rajasthan,North
C06687,Sneha Agarwal,sneha.agarwal6687@example.com,Kolkata,West Bengal,East
C06688,Aman Yadav,aman.yadav6688@example.com,Ahmedabad,Gujarat,West
C06689,Rahul Sharma,rahul.sharma6689@example.com,Delhi,Delhi,North
C06690,Riya Singh,riya.singh6690@example.com,Patna,Bihar,East
C06691,Isha Patel,isha.patel6691@example.com,Mumbai,Maharashtra,West
C06692,Rohan Singh,rohan.singh6692@example.com,Lucknow,Uttar Pradesh,North
C06693,Ananya Mishra,ananya.mishra6693@example.com,Bhubaneswar,Odisha,East
C06694,Arjun Mishra,arjun.mishra6694@example.com,Surat,Gujarat,West
C06695,Priya Kumar,priya.kumar6695@example.com,Pune,Maharashtra,West
C06696,Ananya Gupta,ananya.gupta6696@example.com,Mumbai,Maharashtra,West
C06697,Pooja Mishra,pooja.mishra6697@example.com,Bhubaneswar,Odisha,East
C06698,Ankit Gupta,ankit.gupta6698@example.com,Patna,Bihar,East
C06699,Aditya Singh,aditya.singh6699@example.com,Patna,Bihar,East
C06700,Karan Kumar,karan.kumar6700@example.com,Delhi,Delhi,North
C06701,Isha Rajput,isha.rajput6701@example.com,Chennai,Tamil Nadu,South
C06702,Rohan Verma,rohan.verma6702@example.com,Bhubaneswar,Odisha,East
C06703,Sneha Yadav,sneha.yadav6703@example.com,Chandigarh,Chandigarh,North
C06704,Simran Rajput,simran.rajput6704@example.com,Kochi,Kerala,South
C06705,Priya Rajput,priya.rajput6705@example.com,Pune,Maharashtra,West
C06706,Karan Yadav,karan.yadav6706@example.com,Delhi,Delhi,North
C06707,Rahul Gupta,rahul.gupta6707@example.com,Jaipur,Rajasthan,North
C06708,Aditya Patel,aditya.patel6708@example.com,Chandigarh,Chandigarh,North
C06709,Sneha Mishra,sneha.mishra6709@example.com,Lucknow,Uttar Pradesh,North
C06710,Aarav Patel,aarav.patel6710@example.com,Chennai,Tamil Nadu,South
C06711,Isha Sharma,isha.sharma6711@example.com,Jaipur,Rajasthan,North
C06712,Aarav Kumar,aarav.kumar6712@example.com,Patna,Bihar,East
C06713,Vikash Kumar,vikash.kumar6713@example.com,Lucknow,Uttar Pradesh,North
C06714,Sahil Kumar,sahil.kumar6714@example.com,Chennai,Tamil Nadu,South
C06715,Sneha Verma,sneha.verma6715@example.com,Kanpur,Uttar Pradesh,North
C06716,Pooja Sharma,pooja.sharma6716@example.com,Bengaluru,Karnataka,South
C06717,Aman Agarwal,aman.agarwal6717@example.com,Kanpur,Uttar Pradesh,North
C06718,Karan Rajput,karan.rajput6718@example.com,Lucknow,Uttar Pradesh,North
C06719,Kavya Kumar,kavya.kumar6719@example.com,Jaipur,Rajasthan,North
C06720,Karan Singh,karan.singh6720@example.com,Pune,Maharashtra,West
C06721,Neha Agarwal,neha.agarwal6721@example.com,Hyderabad,Telangana,South
C06722,Ananya Kumar,ananya.kumar6722@example.com,Kochi,Kerala,South
C06723,Vikash Sharma,vikash.sharma6723@example.com,Mumbai,Maharashtra,West
C06724,Simran Yadav,simran.yadav6724@example.com,Ahmedabad,Gujarat,West
C06725,Ananya Kumar,ananya.kumar6725@example.com,Hyderabad,Telangana,South
C06726,Aditi Patel,aditi.patel6726@example.com,Pune,Maharashtra,West
C06727,Aman Kumar,aman.kumar6727@example.com,Mumbai,Maharashtra,West
C06728,Rohan Yadav,rohan.yadav6728@example.com,Ahmedabad,Gujarat,West
C06729,Aditi Verma,aditi.verma6729@example.com,Mumbai,Maharashtra,West
C06730,Aarav Gupta,aarav.gupta6730@example.com,Hyderabad,Telangana,South
C06731,Kavya Verma,kavya.verma6731@example.com,Hyderabad,Telangana,South
C06732,Aman Kumar,aman.kumar6732@example.com,Ahmedabad,Gujarat,West
C06733,Pooja Rajput,pooja.rajput6733@example.com,Lucknow,Uttar Pradesh,North
C06734,Isha Patel,isha.patel6734@example.com,Jaipur,Rajasthan,North
C06735,Kavya Rajput,kavya.rajput6735@example.com,Lucknow,Uttar Pradesh,North
C06736,Aditya Mishra,aditya.mishra6736@example.com,Bhubaneswar,Odisha,East
C06737,Aditya Mishra,aditya.mishra6737@example.com,Mumbai,Maharashtra,West
C06738,Neha Agarwal,neha.agarwal6738@example.com,Patna,Bihar,East
C06739,Rahul Mishra,rahul.mishra6739@example.com,Mumbai,Maharashtra,West
C06740,Karan Rajput,karan.rajput6740@example.com,Jaipur,Rajasthan,North
C06741,Rahul Sharma,rahul.sharma6741@example.com,Patna,Bihar,East
C06742,Rahul Kumar,rahul.kumar6742@example.com,Kochi,Kerala,South
C06743,Rahul Patel,rahul.patel6743@example.com,Ahmedabad,Gujarat,West
C06744,Riya Mishra,riya.mishra6744@example.com,Mumbai,Maharashtra,West
C06745,Arjun Yadav,arjun.yadav6745@example.com,Kolkata,West Bengal,East
C06746,Ankit Mishra,ankit.mishra6746@example.com,Surat,Gujarat,West
C06747,Neha Yadav,neha.yadav6747@example.com,Pune,Maharashtra,West
C06748,Priya Yadav,priya.yadav6748@example.com,Surat,Gujarat,West
C06749,Rohan Kumar,rohan.kumar6749@example.com,Pune,Maharashtra,West
C06750,Karan Kumar,karan.kumar6750@example.com,Chandigarh,Chandigarh,North
C06751,Vikash Mishra,vikash.mishra6751@example.com,Delhi,Delhi,North
C06752,Rahul Agarwal,rahul.agarwal6752@example.com,Bengaluru,Karnataka,South
C06753,Ankit Kumar,ankit.kumar6753@example.com,Hyderabad,Telangana,South
C06754,Riya Agarwal,riya.agarwal6754@example.com,Chandigarh,Chandigarh,North
C06755,Vikash Kumar,vikash.kumar6755@example.com,Hyderabad,Telangana,South
C06756,Neha Sharma,neha.sharma6756@example.com,Kochi,Kerala,South
C06757,Vikash Agarwal,vikash.agarwal6757@example.com,Chennai,Tamil Nadu,South
C06758,Karan Patel,karan.patel6758@example.com,Jaipur,Rajasthan,North
C06759,Neha Verma,neha.verma6759@example.com,Patna,Bihar,East
C06760,Aman Singh,aman.singh6760@example.com,Kanpur,Uttar Pradesh,North
C06761,Riya Sharma,riya.sharma6761@example.com,Surat,Gujarat,West
C06762,Neha Yadav,neha.yadav6762@example.com,Surat,Gujarat,West
C06763,Rahul Verma,rahul.verma6763@example.com,Delhi,Delhi,North
C06764,Kavya Patel,kavya.patel6764@example.com,Ahmedabad,Gujarat,West
C06765,Riya Gupta,riya.gupta6765@example.com,Kanpur,Uttar Pradesh,North
C06766,Riya Patel,riya.patel6766@example.com,Chandigarh,Chandigarh,North
C06767,Aarav Singh,aarav.singh6767@example.com,Ahmedabad,Gujarat,West
C06768,Neha Kumar,neha.kumar6768@example.com,Kochi,Kerala,South
C06769,Aditya Mishra,aditya.mishra6769@example.com,Bengaluru,Karnataka,South
C06770,Neha Verma,neha.verma6770@example.com,Patna,Bihar,East
C06771,Ananya Rajput,ananya.rajput6771@example.com,Lucknow,Uttar Pradesh,North
C06772,Priya Gupta,priya.gupta6772@example.com,Patna,Bihar,East
C06773,Aditya Patel,aditya.patel6773@example.com,Chennai,Tamil Nadu,South
C06774,Ankit Agarwal,ankit.agarwal6774@example.com,Lucknow,Uttar Pradesh,North
C06775,Vikash Singh,vikash.singh6775@example.com,Hyderabad,Telangana,South
C06776,Arjun Rajput,arjun.rajput6776@example.com,Surat,Gujarat,West
C06777,Arjun Singh,arjun.singh6777@example.com,Chennai,Tamil Nadu,South
C06778,Priya Rajput,priya.rajput6778@example.com,Surat,Gujarat,West
C06779,Aarav Agarwal,aarav.agarwal6779@example.com,Lucknow,Uttar Pradesh,North
C06780,Simran Rajput,simran.rajput6780@example.com,Pune,Maharashtra,West
C06781,Simran Patel,simran.patel6781@example.com,Bhubaneswar,Odisha,East
C06782,Riya Yadav,riya.yadav6782@example.com,Hyderabad,Telangana,South
C06783,Vikash Sharma,vikash.sharma6783@example.com,Patna,Bihar,East
C06784,Aarav Kumar,aarav.kumar6784@example.com,Delhi,Delhi,North
C06785,Ankit Kumar,ankit.kumar6785@example.com,Kolkata,West Bengal,East
C06786,Vikash Sharma,vikash.sharma6786@example.com,Lucknow,Uttar Pradesh,North
C06787,Aditi Yadav,aditi.yadav6787@example.com,Kanpur,Uttar Pradesh,North
C06788,Rohan Singh,rohan.singh6788@example.com,Chandigarh,Chandigarh,North
C06789,Sahil Singh,sahil.singh6789@example.com,Pune,Maharashtra,West
C06790,Simran Verma,simran.verma6790@example.com,Kolkata,West Bengal,East
C06791,Aditi Rajput,aditi.rajput6791@example.com,Bhubaneswar,Odisha,East
C06792,Riya Agarwal,riya.agarwal6792@example.com,Bhubaneswar,Odisha,East
C06793,Neha Sharma,neha.sharma6793@example.com,Patna,Bihar,East
C06794,Karan Singh,karan.singh6794@example.com,Mumbai,Maharashtra,West
C06795,Pooja Yadav,pooja.yadav6795@example.com,Patna,Bihar,East
C06796,Aman Singh,aman.singh6796@example.com,Mumbai,Maharashtra,West
C06797,Rohan Yadav,rohan.yadav6797@example.com,Kochi,Kerala,South
C06798,Aarav Yadav,aarav.yadav6798@example.com,Chennai,Tamil Nadu,South
C06799,Simran Mishra,simran.mishra6799@example.com,Patna,Bihar,East
C06800,Riya Rajput,riya.rajput6800@example.com,Hyderabad,Telangana,South
C06801,Aman Verma,aman.verma6801@example.com,Bengaluru,Karnataka,South
C06802,Karan Singh,karan.singh6802@example.com,Lucknow,Uttar Pradesh,North
C06803,Neha Patel,neha.patel6803@example.com,Bengaluru,Karnataka,South
C06804,Karan Sharma,karan.sharma6804@example.com,Chennai,Tamil Nadu,South
C06805,Vikash Verma,vikash.verma6805@example.com,Kanpur,Uttar Pradesh,North
C06806,Rohan Sharma,rohan.sharma6806@example.com,Mumbai,Maharashtra,West
C06807,Rahul Agarwal,rahul.agarwal6807@example.com,Lucknow,Uttar Pradesh,North
C06808,Ananya Sharma,ananya.sharma6808@example.com,Hyderabad,Telangana,South
C06809,Kavya Rajput,kavya.rajput6809@example.com,Surat,Gujarat,West
C06810,Sahil Agarwal,sahil.agarwal6810@example.com,Bhubaneswar,Odisha,East
C06811,Sahil Yadav,sahil.yadav6811@example.com,Delhi,Delhi,North
C06812,Aditya Sharma,aditya.sharma6812@example.com,Chandigarh,Chandigarh,North
C06813,Pooja Mishra,pooja.mishra6813@example.com,Bhubaneswar,Odisha,East
C06814,Neha Gupta,neha.gupta6814@example.com,Bengaluru,Karnataka,South
C06815,Riya Rajput,riya.rajput6815@example.com,Patna,Bihar,East
C06816,Neha Gupta,neha.gupta6816@example.com,Bhubaneswar,Odisha,East
C06817,Simran Yadav,simran.yadav6817@example.com,Bengaluru,Karnataka,South
C06818,Arjun Rajput,arjun.rajput6818@example.com,Pune,Maharashtra,West
C06819,Neha Patel,neha.patel6819@example.com,Kolkata,West Bengal,East
C06820,Aditya Gupta,aditya.gupta6820@example.com,Chennai,Tamil Nadu,South
C06821,Aditya Sharma,aditya.sharma6821@example.com,Kolkata,West Bengal,East
C06822,Aman Patel,aman.patel6822@example.com,Chennai,Tamil Nadu,South
C06823,Aman Yadav,aman.yadav6823@example.com,Pune,Maharashtra,West
C06824,Aditya Agarwal,aditya.agarwal6824@example.com,Kochi,Kerala,South
C06825,Ankit Agarwal,ankit.agarwal6825@example.com,Kolkata,West Bengal,East
C06826,Aditi Kumar,aditi.kumar6826@example.com,Bhubaneswar,Odisha,East
C06827,Sneha Singh,sneha.singh6827@example.com,Kanpur,Uttar Pradesh,North
C06828,Simran Patel,simran.patel6828@example.com,Chandigarh,Chandigarh,North
C06829,Simran Rajput,simran.rajput6829@example.com,Ahmedabad,Gujarat,West
C06830,Priya Verma,priya.verma6830@example.com,Jaipur,Rajasthan,North
C06831,Ananya Agarwal,ananya.agarwal6831@example.com,Bhubaneswar,Odisha,East
C06832,Aarav Kumar,aarav.kumar6832@example.com,Hyderabad,Telangana,South
C06833,Ananya Singh,ananya.singh6833@example.com,Mumbai,Maharashtra,West
C06834,Isha Kumar,isha.kumar6834@example.com,Bhubaneswar,Odisha,East
C06835,Pooja Verma,pooja.verma6835@example.com,Kolkata,West Bengal,East
C06836,Sahil Verma,sahil.verma6836@example.com,Lucknow,Uttar Pradesh,North
C06837,Priya Agarwal,priya.agarwal6837@example.com,Bengaluru,Karnataka,South
C06838,Isha Agarwal,isha.agarwal6838@example.com,Chennai,Tamil Nadu,South
C06839,Aditi Rajput,aditi.rajput6839@example.com,Hyderabad,Telangana,South
C06840,Sahil Rajput,sahil.rajput6840@example.com,Kolkata,West Bengal,East
C06841,Aman Gupta,aman.gupta6841@example.com,Chennai,Tamil Nadu,South
C06842,Ankit Gupta,ankit.gupta6842@example.com,Ahmedabad,Gujarat,West
C06843,Sahil Gupta,sahil.gupta6843@example.com,Lucknow,Uttar Pradesh,North
C06844,Sahil Agarwal,sahil.agarwal6844@example.com,Kanpur,Uttar Pradesh,North
C06845,Neha Agarwal,neha.agarwal6845@example.com,Ahmedabad,Gujarat,West
C06846,Aditi Verma,aditi.verma6846@example.com,Surat,Gujarat,West
C06847,Ankit Agarwal,ankit.agarwal6847@example.com,Bhubaneswar,Odisha,East
C06848,Sahil Verma,sahil.verma6848@example.com,Surat,Gujarat,West
C06849,Pooja Gupta,pooja.gupta6849@example.com,Delhi,Delhi,North
C06850,Isha Mishra,isha.mishra6850@example.com,Mumbai,Maharashtra,West
C06851,Rohan Verma,rohan.verma6851@example.com,Jaipur,Rajasthan,North
C06852,Simran Patel,simran.patel6852@example.com,Kolkata,West Bengal,East
C06853,Rohan Agarwal,rohan.agarwal6853@example.com,Patna,Bihar,East
C06854,Karan Agarwal,karan.agarwal6854@example.com,Surat,Gujarat,West
C06855,Rahul Verma,rahul.verma6855@example.com,Mumbai,Maharashtra,West
C06856,Rahul Sharma,rahul.sharma6856@example.com,Bhubaneswar,Odisha,East
C06857,Rohan Sharma,rohan.sharma6857@example.com,Mumbai,Maharashtra,West
C06858,Rahul Yadav,rahul.yadav6858@example.com,Jaipur,Rajasthan,North
C06859,Kavya Patel,kavya.patel6859@example.com,Bengaluru,Karnataka,South
C06860,Isha Patel,isha.patel6860@example.com,Pune,Maharashtra,West
C06861,Sahil Rajput,sahil.rajput6861@example.com,Hyderabad,Telangana,South
C06862,Priya Yadav,priya.yadav6862@example.com,Chandigarh,Chandigarh,North
C06863,Rohan Sharma,rohan.sharma6863@example.com,Ahmedabad,Gujarat,West
C06864,Aarav Sharma,aarav.sharma6864@example.com,Bengaluru,Karnataka,South
C06865,Ankit Agarwal,ankit.agarwal6865@example.com,Kolkata,West Bengal,East
C06866,Sahil Rajput,sahil.rajput6866@example.com,Lucknow,Uttar Pradesh,North
C06867,Rohan Agarwal,rohan.agarwal6867@example.com,Ahmedabad,Gujarat,West
C06868,Simran Sharma,simran.sharma6868@example.com,Delhi,Delhi,North
C06869,Rohan Patel,rohan.patel6869@example.com,Kanpur,Uttar Pradesh,North
C06870,Rohan Singh,rohan.singh6870@example.com,Pune,Maharashtra,West
C06871,Sneha Patel,sneha.patel6871@example.com,Kochi,Kerala,South
C06872,Ananya Mishra,ananya.mishra6872@example.com,Kochi,Kerala,South
C06873,Karan Patel,karan.patel6873@example.com,Chennai,Tamil Nadu,South
C06874,Kavya Sharma,kavya.sharma6874@example.com,Kolkata,West Bengal,East
C06875,Arjun Agarwal,arjun.agarwal6875@example.com,Pune,Maharashtra,West
C06876,Arjun Gupta,arjun.gupta6876@example.com,Hyderabad,Telangana,South
C06877,Riya Gupta,riya.gupta6877@example.com,Pune,Maharashtra,West
C06878,Ankit Patel,ankit.patel6878@example.com,Kochi,Kerala,South
C06879,Neha Verma,neha.verma6879@example.com,Lucknow,Uttar Pradesh,North
C06880,Arjun Verma,arjun.verma6880@example.com,Hyderabad,Telangana,South
C06881,Aditya Verma,aditya.verma6881@example.com,Bengaluru,Karnataka,South
C06882,Vikash Verma,vikash.verma6882@example.com,Kolkata,West Bengal,East
C06883,Vikash Kumar,vikash.kumar6883@example.com,Jaipur,Rajasthan,North
C06884,Aman Verma,aman.verma6884@example.com,Bengaluru,Karnataka,South
C06885,Sneha Gupta,sneha.gupta6885@example.com,Mumbai,Maharashtra,West
C06886,Ankit Rajput,ankit.rajput6886@example.com,Pune,Maharashtra,West
C06887,Rahul Sharma,rahul.sharma6887@example.com,Bengaluru,Karnataka,South
C06888,Aman Yadav,aman.yadav6888@example.com,Kolkata,West Bengal,East
C06889,Isha Rajput,isha.rajput6889@example.com,Delhi,Delhi,North
C06890,Aditya Mishra,aditya.mishra6890@example.com,Chennai,Tamil Nadu,South
C06891,Rohan Agarwal,rohan.agarwal6891@example.com,Surat,Gujarat,West
C06892,Neha Agarwal,neha.agarwal6892@example.com,Jaipur,Rajasthan,North
C06893,Rohan Singh,rohan.singh6893@example.com,Patna,Bihar,East
C06894,Sneha Gupta,sneha.gupta6894@example.com,Lucknow,Uttar Pradesh,North
C06895,Sneha Gupta,sneha.gupta6895@example.com,Pune,Maharashtra,West
C06896,Aditya Gupta,aditya.gupta6896@example.com,Pune,Maharashtra,West
C06897,Priya Sharma,priya.sharma6897@example.com,Chandigarh,Chandigarh,North
C06898,Aman Mishra,aman.mishra6898@example.com,Hyderabad,Telangana,South
C06899,Aditya Kumar,aditya.kumar6899@example.com,Mumbai,Maharashtra,West
C06900,Riya Agarwal,riya.agarwal6900@example.com,Surat,Gujarat,West
C06901,Pooja Rajput,pooja.rajput6901@example.com,Chennai,Tamil Nadu,South
C06902,Vikash Yadav,vikash.yadav6902@example.com,Chennai,Tamil Nadu,South
C06903,Vikash Verma,vikash.verma6903@example.com,Pune,Maharashtra,West
C06904,Rohan Mishra,rohan.mishra6904@example.com,Chandigarh,Chandigarh,North
C06905,Aditi Verma,aditi.verma6905@example.com,Delhi,Delhi,North
C06906,Rohan Sharma,rohan.sharma6906@example.com,Chandigarh,Chandigarh,North
C06907,Priya Rajput,priya.rajput6907@example.com,Kanpur,Uttar Pradesh,North
C06908,Karan Verma,karan.verma6908@example.com,Delhi,Delhi,North
C06909,Aman Sharma,aman.sharma6909@example.com,Ahmedabad,Gujarat,West
C06910,Karan Gupta,karan.gupta6910@example.com,Kolkata,West Bengal,East
C06911,Sneha Yadav,sneha.yadav6911@example.com,Lucknow,Uttar Pradesh,North
C06912,Rahul Rajput,rahul.rajput6912@example.com,Bhubaneswar,Odisha,East
C06913,Ananya Sharma,ananya.sharma6913@example.com,Bhubaneswar,Odisha,East
C06914,Pooja Kumar,pooja.kumar6914@example.com,Patna,Bihar,East
C06915,Aditi Agarwal,aditi.agarwal6915@example.com,Hyderabad,Telangana,South
C06916,Priya Verma,priya.verma6916@example.com,Jaipur,Rajasthan,North
C06917,Vikash Gupta,vikash.gupta6917@example.com,Hyderabad,Telangana,South
C06918,Karan Sharma,karan.sharma6918@example.com,Lucknow,Uttar Pradesh,North
C06919,Vikash Verma,vikash.verma6919@example.com,Surat,Gujarat,West
C06920,Kavya Kumar,kavya.kumar6920@example.com,Ahmedabad,Gujarat,West
C06921,Aarav Verma,aarav.verma6921@example.com,Surat,Gujarat,West
C06922,Rohan Sharma,rohan.sharma6922@example.com,Chandigarh,Chandigarh,North
C06923,Riya Gupta,riya.gupta6923@example.com,Bhubaneswar,Odisha,East
C06924,Arjun Agarwal,arjun.agarwal6924@example.com,Delhi,Delhi,North
C06925,Arjun Yadav,arjun.yadav6925@example.com,Mumbai,Maharashtra,West
C06926,Vikash Kumar,vikash.kumar6926@example.com,Bengaluru,Karnataka,South
C06927,Aditya Patel,aditya.patel6927@example.com,Jaipur,Rajasthan,North
C06928,Sneha Rajput,sneha.rajput6928@example.com,Surat,Gujarat,West
C06929,Riya Yadav,riya.yadav6929@example.com,Kanpur,Uttar Pradesh,North
C06930,Kavya Yadav,kavya.yadav6930@example.com,Chennai,Tamil Nadu,South
C06931,Ankit Rajput,ankit.rajput6931@example.com,Kanpur,Uttar Pradesh,North
C06932,Aditi Agarwal,aditi.agarwal6932@example.com,Mumbai,Maharashtra,West
C06933,Ankit Sharma,ankit.sharma6933@example.com,Kochi,Kerala,South
C06934,Ananya Mishra,ananya.mishra6934@example.com,Ahmedabad,Gujarat,West
C06935,Riya Yadav,riya.yadav6935@example.com,Chandigarh,Chandigarh,North
C06936,Kavya Kumar,kavya.kumar6936@example.com,Chennai,Tamil Nadu,South
C06937,Isha Singh,isha.singh6937@example.com,Mumbai,Maharashtra,West
C06938,Rohan Patel,rohan.patel6938@example.com,Jaipur,Rajasthan,North
C06939,Simran Patel,simran.patel6939@example.com,Kochi,Kerala,South
C06940,Neha Mishra,neha.mishra6940@example.com,Bengaluru,Karnataka,South
C06941,Ankit Mishra,ankit.mishra6941@example.com,Chandigarh,Chandigarh,North
C06942,Aman Yadav,aman.yadav6942@example.com,Ahmedabad,Gujarat,West
C06943,Karan Yadav,karan.yadav6943@example.com,Lucknow,Uttar Pradesh,North
C06944,Vikash Singh,vikash.singh6944@example.com,Chandigarh,Chandigarh,North
C06945,Arjun Singh,arjun.singh6945@example.com,Jaipur,Rajasthan,North
C06946,Rahul Mishra,rahul.mishra6946@example.com,Bhubaneswar,Odisha,East
C06947,Isha Sharma,isha.sharma6947@example.com,Ahmedabad,Gujarat,West
C06948,Ananya Mishra,ananya.mishra6948@example.com,Kolkata,West Bengal,East
C06949,Aditi Sharma,aditi.sharma6949@example.com,Lucknow,Uttar Pradesh,North
C06950,Sneha Sharma,sneha.sharma6950@example.com,Patna,Bihar,East
C06951,Sahil Sharma,sahil.sharma6951@example.com,Ahmedabad,Gujarat,West
C06952,Aditi Kumar,aditi.kumar6952@example.com,Hyderabad,Telangana,South
C06953,Rahul Agarwal,rahul.agarwal6953@example.com,Surat,Gujarat,West
C06954,Ananya Kumar,ananya.kumar6954@example.com,Chennai,Tamil Nadu,South
C06955,Rahul Yadav,rahul.yadav6955@example.com,Kanpur,Uttar Pradesh,North
C06956,Vikash Kumar,vikash.kumar6956@example.com,Chandigarh,Chandigarh,North
C06957,Kavya Rajput,kavya.rajput6957@example.com,Surat,Gujarat,West
C06958,Aman Verma,aman.verma6958@example.com,Bhubaneswar,Odisha,East
C06959,Vikash Kumar,vikash.kumar6959@example.com,Delhi,Delhi,North
C06960,Ananya Gupta,ananya.gupta6960@example.com,Chandigarh,Chandigarh,North
C06961,Rohan Singh,rohan.singh6961@example.com,Kochi,Kerala,South
C06962,Vikash Rajput,vikash.rajput6962@example.com,Chennai,Tamil Nadu,South
C06963,Ankit Agarwal,ankit.agarwal6963@example.com,Kochi,Kerala,South
C06964,Karan Verma,karan.verma6964@example.com,Delhi,Delhi,North
C06965,Riya Verma,riya.verma6965@example.com,Pune,Maharashtra,West
C06966,Sahil Gupta,sahil.gupta6966@example.com,Bengaluru,Karnataka,South
C06967,Sneha Sharma,sneha.sharma6967@example.com,Bengaluru,Karnataka,South
C06968,Isha Mishra,isha.mishra6968@example.com,Patna,Bihar,East
C06969,Isha Agarwal,isha.agarwal6969@example.com,Chennai,Tamil Nadu,South
C06970,Aarav Gupta,aarav.gupta6970@example.com,Bhubaneswar,Odisha,East
C06971,Aarav Kumar,aarav.kumar6971@example.com,Delhi,Delhi,North
C06972,Ananya Agarwal,ananya.agarwal6972@example.com,Kochi,Kerala,South
C06973,Isha Patel,isha.patel6973@example.com,Lucknow,Uttar Pradesh,North
C06974,Aditi Patel,aditi.patel6974@example.com,Pune,Maharashtra,West
C06975,Sneha Yadav,sneha.yadav6975@example.com,Surat,Gujarat,West
C06976,Aditi Kumar,aditi.kumar6976@example.com,Kochi,Kerala,South
C06977,Pooja Verma,pooja.verma6977@example.com,Mumbai,Maharashtra,West
C06978,Aditi Patel,aditi.patel6978@example.com,Kolkata,West Bengal,East
C06979,Aman Gupta,aman.gupta6979@example.com,Mumbai,Maharashtra,West
C06980,Sneha Yadav,sneha.yadav6980@example.com,Patna,Bihar,East
C06981,Priya Kumar,priya.kumar6981@example.com,Mumbai,Maharashtra,West
C06982,Ananya Agarwal,ananya.agarwal6982@example.com,Chandigarh,Chandigarh,North
C06983,Aarav Rajput,aarav.rajput6983@example.com,Lucknow,Uttar Pradesh,North
C06984,Neha Patel,neha.patel6984@example.com,Lucknow,Uttar Pradesh,North
C06985,Rohan Agarwal,rohan.agarwal6985@example.com,Chandigarh,Chandigarh,North
C06986,Aarav Patel,aarav.patel6986@example.com,Mumbai,Maharashtra,West
C06987,Rohan Agarwal,rohan.agarwal6987@example.com,Bengaluru,Karnataka,South
C06988,Rahul Singh,rahul.singh6988@example.com,Chennai,Tamil Nadu,South
C06989,Pooja Verma,pooja.verma6989@example.com,Jaipur,Rajasthan,North
C06990,Rohan Agarwal,rohan.agarwal6990@example.com,Chennai,Tamil Nadu,South
C06991,Priya Agarwal,priya.agarwal6991@example.com,Kochi,Kerala,South
C06992,Aman Rajput,aman.rajput6992@example.com,Ahmedabad,Gujarat,West
C06993,Sneha Kumar,sneha.kumar6993@example.com,Kolkata,West Bengal,East
C06994,Vikash Agarwal,vikash.agarwal6994@example.com,Bengaluru,Karnataka,South
C06995,Vikash Sharma,vikash.sharma6995@example.com,Kolkata,West Bengal,East
C06996,Neha Singh,neha.singh6996@example.com,Chennai,Tamil Nadu,South
C06997,Ankit Agarwal,ankit.agarwal6997@example.com,Delhi,Delhi,North
C06998,Riya Patel,riya.patel6998@example.com,Kanpur,Uttar Pradesh,North
C06999,Karan Verma,karan.verma6999@example.com,Kanpur,Uttar Pradesh,North
C07000,Aman Mishra,aman.mishra7000@example.com,Jaipur,Rajasthan,North
C07001,Aditya Gupta,aditya.gupta7001@example.com,Ahmedabad,Gujarat,West
C07002,Vikash Singh,vikash.singh7002@example.com,Lucknow,Uttar Pradesh,North
C07003,Vikash Kumar,vikash.kumar7003@example.com,Kanpur,Uttar Pradesh,North
C07004,Vikash Singh,vikash.singh7004@example.com,Hyderabad,Telangana,South
C07005,Sahil Mishra,sahil.mishra7005@example.com,Kanpur,Uttar Pradesh,North
C07006,Ananya Mishra,ananya.mishra7006@example.com,Chandigarh,Chandigarh,North
C07007,Pooja Mishra,pooja.mishra7007@example.com,Kolkata,West Bengal,East
C07008,Riya Yadav,riya.yadav7008@example.com,Kochi,Kerala,South
C07009,Sahil Sharma,sahil.sharma7009@example.com,Kanpur,Uttar Pradesh,North
C07010,Simran Singh,simran.singh7010@example.com,Chennai,Tamil Nadu,South
C07011,Ankit Mishra,ankit.mishra7011@example.com,Jaipur,Rajasthan,North
C07012,Neha Gupta,neha.gupta7012@example.com,Bengaluru,Karnataka,South
C07013,Rohan Sharma,rohan.sharma7013@example.com,Jaipur,Rajasthan,North
C07014,Neha Kumar,neha.kumar7014@example.com,Patna,Bihar,East
C07015,Sneha Mishra,sneha.mishra7015@example.com,Patna,Bihar,East
C07016,Aman Patel,aman.patel7016@example.com,Chennai,Tamil Nadu,South
C07017,Neha Rajput,neha.rajput7017@example.com,Bengaluru,Karnataka,South
C07018,Neha Gupta,neha.gupta7018@example.com,Kanpur,Uttar Pradesh,North
C07019,Aditi Rajput,aditi.rajput7019@example.com,Chandigarh,Chandigarh,North
C07020,Karan Gupta,karan.gupta7020@example.com,Mumbai,Maharashtra,West
C07021,Rahul Agarwal,rahul.agarwal7021@example.com,Chandigarh,Chandigarh,North
C07022,Pooja Kumar,pooja.kumar7022@example.com,Mumbai,Maharashtra,West
C07023,Arjun Verma,arjun.verma7023@example.com,Mumbai,Maharashtra,West
C07024,Aarav Gupta,aarav.gupta7024@example.com,Lucknow,Uttar Pradesh,North
C07025,Aditya Gupta,aditya.gupta7025@example.com,Mumbai,Maharashtra,West
C07026,Aditi Gupta,aditi.gupta7026@example.com,Pune,Maharashtra,West
C07027,Rahul Gupta,rahul.gupta7027@example.com,Patna,Bihar,East
C07028,Isha Agarwal,isha.agarwal7028@example.com,Kanpur,Uttar Pradesh,North
C07029,Arjun Yadav,arjun.yadav7029@example.com,Bhubaneswar,Odisha,East
C07030,Rohan Rajput,rohan.rajput7030@example.com,Surat,Gujarat,West
C07031,Simran Mishra,simran.mishra7031@example.com,Kanpur,Uttar Pradesh,North
C07032,Vikash Mishra,vikash.mishra7032@example.com,Pune,Maharashtra,West
C07033,Rahul Mishra,rahul.mishra7033@example.com,Delhi,Delhi,North
C07034,Aditya Verma,aditya.verma7034@example.com,Kolkata,West Bengal,East
C07035,Pooja Rajput,pooja.rajput7035@example.com,Delhi,Delhi,North
C07036,Vikash Sharma,vikash.sharma7036@example.com,Jaipur,Rajasthan,North
C07037,Aarav Patel,aarav.patel7037@example.com,Pune,Maharashtra,West
C07038,Vikash Mishra,vikash.mishra7038@example.com,Chennai,Tamil Nadu,South
C07039,Karan Mishra,karan.mishra7039@example.com,Kochi,Kerala,South
C07040,Karan Singh,karan.singh7040@example.com,Delhi,Delhi,North
C07041,Priya Sharma,priya.sharma7041@example.com,Chennai,Tamil Nadu,South
C07042,Vikash Gupta,vikash.gupta7042@example.com,Ahmedabad,Gujarat,West
C07043,Isha Verma,isha.verma7043@example.com,Delhi,Delhi,North
C07044,Ananya Mishra,ananya.mishra7044@example.com,Mumbai,Maharashtra,West
C07045,Pooja Agarwal,pooja.agarwal7045@example.com,Mumbai,Maharashtra,West
C07046,Simran Agarwal,simran.agarwal7046@example.com,Jaipur,Rajasthan,North
C07047,Aditya Yadav,aditya.yadav7047@example.com,Kochi,Kerala,South
C07048,Riya Rajput,riya.rajput7048@example.com,Mumbai,Maharashtra,West
C07049,Sneha Rajput,sneha.rajput7049@example.com,Ahmedabad,Gujarat,West
C07050,Aman Kumar,aman.kumar7050@example.com,Pune,Maharashtra,West
C07051,Isha Agarwal,isha.agarwal7051@example.com,Kochi,Kerala,South
C07052,Karan Verma,karan.verma7052@example.com,Patna,Bihar,East
C07053,Pooja Singh,pooja.singh7053@example.com,Chennai,Tamil Nadu,South
C07054,Rahul Mishra,rahul.mishra7054@example.com,Kochi,Kerala,South
C07055,Vikash Rajput,vikash.rajput7055@example.com,Bhubaneswar,Odisha,East
C07056,Rahul Verma,rahul.verma7056@example.com,Kolkata,West Bengal,East
C07057,Riya Gupta,riya.gupta7057@example.com,Kanpur,Uttar Pradesh,North
C07058,Aarav Singh,aarav.singh7058@example.com,Pune,Maharashtra,West
C07059,Rohan Mishra,rohan.mishra7059@example.com,Mumbai,Maharashtra,West
C07060,Karan Verma,karan.verma7060@example.com,Chandigarh,Chandigarh,North
C07061,Rahul Mishra,rahul.mishra7061@example.com,Ahmedabad,Gujarat,West
C07062,Ananya Kumar,ananya.kumar7062@example.com,Bhubaneswar,Odisha,East
C07063,Aditi Singh,aditi.singh7063@example.com,Patna,Bihar,East
C07064,Priya Sharma,priya.sharma7064@example.com,Kochi,Kerala,South
C07065,Kavya Yadav,kavya.yadav7065@example.com,Kochi,Kerala,South
C07066,Rahul Sharma,rahul.sharma7066@example.com,Kolkata,West Bengal,East
C07067,Ananya Agarwal,ananya.agarwal7067@example.com,Mumbai,Maharashtra,West
C07068,Aarav Mishra,aarav.mishra7068@example.com,Kanpur,Uttar Pradesh,North
C07069,Ankit Verma,ankit.verma7069@example.com,Lucknow,Uttar Pradesh,North
C07070,Aditi Kumar,aditi.kumar7070@example.com,Bhubaneswar,Odisha,East
C07071,Aditi Yadav,aditi.yadav7071@example.com,Kolkata,West Bengal,East
C07072,Rahul Yadav,rahul.yadav7072@example.com,Kanpur,Uttar Pradesh,North
C07073,Ananya Agarwal,ananya.agarwal7073@example.com,Kolkata,West Bengal,East
C07074,Simran Mishra,simran.mishra7074@example.com,Ahmedabad,Gujarat,West
C07075,Riya Gupta,riya.gupta7075@example.com,Hyderabad,Telangana,South
C07076,Kavya Kumar,kavya.kumar7076@example.com,Delhi,Delhi,North
C07077,Rohan Rajput,rohan.rajput7077@example.com,Kochi,Kerala,South
C07078,Ananya Rajput,ananya.rajput7078@example.com,Kochi,Kerala,South
C07079,Vikash Agarwal,vikash.agarwal7079@example.com,Hyderabad,Telangana,South
C07080,Simran Singh,simran.singh7080@example.com,Chandigarh,Chandigarh,North
C07081,Priya Yadav,priya.yadav7081@example.com,Pune,Maharashtra,West
C07082,Sahil Agarwal,sahil.agarwal7082@example.com,Mumbai,Maharashtra,West
C07083,Priya Patel,priya.patel7083@example.com,Ahmedabad,Gujarat,West
C07084,Aditi Gupta,aditi.gupta7084@example.com,Kolkata,West Bengal,East
C07085,Aarav Yadav,aarav.yadav7085@example.com,Bengaluru,Karnataka,South
C07086,Rohan Agarwal,rohan.agarwal7086@example.com,Delhi,Delhi,North
C07087,Sneha Gupta,sneha.gupta7087@example.com,Patna,Bihar,East
C07088,Rohan Agarwal,rohan.agarwal7088@example.com,Kolkata,West Bengal,East
C07089,Pooja Agarwal,pooja.agarwal7089@example.com,Bengaluru,Karnataka,South
C07090,Arjun Yadav,arjun.yadav7090@example.com,Kochi,Kerala,South
C07091,Kavya Sharma,kavya.sharma7091@example.com,Delhi,Delhi,North
C07092,Riya Agarwal,riya.agarwal7092@example.com,Bhubaneswar,Odisha,East
C07093,Sahil Yadav,sahil.yadav7093@example.com,Surat,Gujarat,West
C07094,Riya Patel,riya.patel7094@example.com,Bengaluru,Karnataka,South
C07095,Neha Gupta,neha.gupta7095@example.com,Lucknow,Uttar Pradesh,North
C07096,Isha Verma,isha.verma7096@example.com,Bengaluru,Karnataka,South
C07097,Rahul Rajput,rahul.rajput7097@example.com,Bhubaneswar,Odisha,East
C07098,Aman Gupta,aman.gupta7098@example.com,Bhubaneswar,Odisha,East
C07099,Isha Patel,isha.patel7099@example.com,Pune,Maharashtra,West
C07100,Neha Agarwal,neha.agarwal7100@example.com,Kanpur,Uttar Pradesh,North
C07101,Neha Gupta,neha.gupta7101@example.com,Delhi,Delhi,North
C07102,Ankit Gupta,ankit.gupta7102@example.com,Chennai,Tamil Nadu,South
C07103,Aarav Agarwal,aarav.agarwal7103@example.com,Mumbai,Maharashtra,West
C07104,Isha Rajput,isha.rajput7104@example.com,Delhi,Delhi,North
C07105,Priya Kumar,priya.kumar7105@example.com,Kanpur,Uttar Pradesh,North
C07106,Aditya Kumar,aditya.kumar7106@example.com,Kochi,Kerala,South
C07107,Rohan Yadav,rohan.yadav7107@example.com,Jaipur,Rajasthan,North
C07108,Neha Rajput,neha.rajput7108@example.com,Bengaluru,Karnataka,South
C07109,Riya Agarwal,riya.agarwal7109@example.com,Jaipur,Rajasthan,North
C07110,Aarav Mishra,aarav.mishra7110@example.com,Mumbai,Maharashtra,West
C07111,Ankit Mishra,ankit.mishra7111@example.com,Surat,Gujarat,West
C07112,Ananya Mishra,ananya.mishra7112@example.com,Kanpur,Uttar Pradesh,North
C07113,Aman Sharma,aman.sharma7113@example.com,Pune,Maharashtra,West
C07114,Aditya Patel,aditya.patel7114@example.com,Patna,Bihar,East
C07115,Sahil Mishra,sahil.mishra7115@example.com,Ahmedabad,Gujarat,West
C07116,Aditi Agarwal,aditi.agarwal7116@example.com,Patna,Bihar,East
C07117,Ankit Singh,ankit.singh7117@example.com,Hyderabad,Telangana,South
C07118,Pooja Verma,pooja.verma7118@example.com,Delhi,Delhi,North
C07119,Rohan Yadav,rohan.yadav7119@example.com,Hyderabad,Telangana,South
C07120,Aarav Sharma,aarav.sharma7120@example.com,Delhi,Delhi,North
C07121,Karan Sharma,karan.sharma7121@example.com,Hyderabad,Telangana,South
C07122,Neha Rajput,neha.rajput7122@example.com,Kanpur,Uttar Pradesh,North
C07123,Simran Agarwal,simran.agarwal7123@example.com,Hyderabad,Telangana,South
C07124,Karan Sharma,karan.sharma7124@example.com,Hyderabad,Telangana,South
C07125,Neha Gupta,neha.gupta7125@example.com,Kanpur,Uttar Pradesh,North
C07126,Riya Gupta,riya.gupta7126@example.com,Pune,Maharashtra,West
C07127,Sneha Mishra,sneha.mishra7127@example.com,Bengaluru,Karnataka,South
C07128,Pooja Yadav,pooja.yadav7128@example.com,Jaipur,Rajasthan,North
C07129,Isha Yadav,isha.yadav7129@example.com,Delhi,Delhi,North
C07130,Rahul Mishra,rahul.mishra7130@example.com,Patna,Bihar,East
C07131,Vikash Rajput,vikash.rajput7131@example.com,Jaipur,Rajasthan,North
C07132,Aarav Singh,aarav.singh7132@example.com,Pune,Maharashtra,West
C07133,Pooja Patel,pooja.patel7133@example.com,Kanpur,Uttar Pradesh,North
C07134,Aditya Verma,aditya.verma7134@example.com,Surat,Gujarat,West
C07135,Sahil Gupta,sahil.gupta7135@example.com,Surat,Gujarat,West
C07136,Rohan Agarwal,rohan.agarwal7136@example.com,Jaipur,Rajasthan,North
C07137,Neha Yadav,neha.yadav7137@example.com,Surat,Gujarat,West
C07138,Priya Rajput,priya.rajput7138@example.com,Kochi,Kerala,South
C07139,Ananya Kumar,ananya.kumar7139@example.com,Bengaluru,Karnataka,South
C07140,Aditya Rajput,aditya.rajput7140@example.com,Chandigarh,Chandigarh,North
C07141,Rohan Singh,rohan.singh7141@example.com,Chennai,Tamil Nadu,South
C07142,Ananya Agarwal,ananya.agarwal7142@example.com,Kolkata,West Bengal,East
C07143,Kavya Kumar,kavya.kumar7143@example.com,Chennai,Tamil Nadu,South
C07144,Pooja Kumar,pooja.kumar7144@example.com,Mumbai,Maharashtra,West
C07145,Vikash Singh,vikash.singh7145@example.com,Delhi,Delhi,North
C07146,Priya Verma,priya.verma7146@example.com,Pune,Maharashtra,West
C07147,Sahil Yadav,sahil.yadav7147@example.com,Delhi,Delhi,North
C07148,Ankit Yadav,ankit.yadav7148@example.com,Bengaluru,Karnataka,South
C07149,Kavya Rajput,kavya.rajput7149@example.com,Bengaluru,Karnataka,South
C07150,Riya Gupta,riya.gupta7150@example.com,Chennai,Tamil Nadu,South
C07151,Ananya Agarwal,ananya.agarwal7151@example.com,Ahmedabad,Gujarat,West
C07152,Aditi Rajput,aditi.rajput7152@example.com,Chennai,Tamil Nadu,South
C07153,Vikash Singh,vikash.singh7153@example.com,Ahmedabad,Gujarat,West
C07154,Riya Verma,riya.verma7154@example.com,Chennai,Tamil Nadu,South
C07155,Aarav Yadav,aarav.yadav7155@example.com,Lucknow,Uttar Pradesh,North
C07156,Rohan Gupta,rohan.gupta7156@example.com,Chennai,Tamil Nadu,South
C07157,Ananya Verma,ananya.verma7157@example.com,Kanpur,Uttar Pradesh,North
C07158,Vikash Agarwal,vikash.agarwal7158@example.com,Jaipur,Rajasthan,North
C07159,Aarav Verma,aarav.verma7159@example.com,Kochi,Kerala,South
C07160,Rohan Kumar,rohan.kumar7160@example.com,Lucknow,Uttar Pradesh,North
C07161,Arjun Yadav,arjun.yadav7161@example.com,Ahmedabad,Gujarat,West
C07162,Rohan Yadav,rohan.yadav7162@example.com,Patna,Bihar,East
C07163,Vikash Rajput,vikash.rajput7163@example.com,Surat,Gujarat,West
C07164,Riya Mishra,riya.mishra7164@example.com,Ahmedabad,Gujarat,West
C07165,Aditi Patel,aditi.patel7165@example.com,Chennai,Tamil Nadu,South
C07166,Priya Mishra,priya.mishra7166@example.com,Chennai,Tamil Nadu,South
C07167,Vikash Kumar,vikash.kumar7167@example.com,Bengaluru,Karnataka,South
C07168,Vikash Patel,vikash.patel7168@example.com,Chandigarh,Chandigarh,North
C07169,Priya Singh,priya.singh7169@example.com,Kochi,Kerala,South
C07170,Rahul Mishra,rahul.mishra7170@example.com,Chennai,Tamil Nadu,South
C07171,Kavya Patel,kavya.patel7171@example.com,Lucknow,Uttar Pradesh,North
C07172,Sneha Singh,sneha.singh7172@example.com,Jaipur,Rajasthan,North
C07173,Priya Sharma,priya.sharma7173@example.com,Jaipur,Rajasthan,North
C07174,Ananya Gupta,ananya.gupta7174@example.com,Lucknow,Uttar Pradesh,North
C07175,Ankit Yadav,ankit.yadav7175@example.com,Bhubaneswar,Odisha,East
C07176,Sahil Gupta,sahil.gupta7176@example.com,Patna,Bihar,East
C07177,Aman Patel,aman.patel7177@example.com,Pune,Maharashtra,West
C07178,Ananya Kumar,ananya.kumar7178@example.com,Bengaluru,Karnataka,South
C07179,Sneha Mishra,sneha.mishra7179@example.com,Bengaluru,Karnataka,South
C07180,Rahul Yadav,rahul.yadav7180@example.com,Kanpur,Uttar Pradesh,North
C07181,Ananya Agarwal,ananya.agarwal7181@example.com,Bengaluru,Karnataka,South
C07182,Simran Yadav,simran.yadav7182@example.com,Pune,Maharashtra,West
C07183,Ankit Gupta,ankit.gupta7183@example.com,Pune,Maharashtra,West
C07184,Aditya Patel,aditya.patel7184@example.com,Ahmedabad,Gujarat,West
C07185,Kavya Mishra,kavya.mishra7185@example.com,Delhi,Delhi,North
C07186,Aman Verma,aman.verma7186@example.com,Kanpur,Uttar Pradesh,North
C07187,Isha Verma,isha.verma7187@example.com,Kolkata,West Bengal,East
C07188,Arjun Singh,arjun.singh7188@example.com,Pune,Maharashtra,West
C07189,Aman Mishra,aman.mishra7189@example.com,Mumbai,Maharashtra,West
C07190,Pooja Sharma,pooja.sharma7190@example.com,Patna,Bihar,East
C07191,Isha Mishra,isha.mishra7191@example.com,Mumbai,Maharashtra,West
C07192,Riya Singh,riya.singh7192@example.com,Hyderabad,Telangana,South
C07193,Vikash Yadav,vikash.yadav7193@example.com,Patna,Bihar,East
C07194,Karan Sharma,karan.sharma7194@example.com,Bengaluru,Karnataka,South
C07195,Riya Rajput,riya.rajput7195@example.com,Mumbai,Maharashtra,West
C07196,Priya Singh,priya.singh7196@example.com,Chennai,Tamil Nadu,South
C07197,Vikash Singh,vikash.singh7197@example.com,Bhubaneswar,Odisha,East
C07198,Sahil Rajput,sahil.rajput7198@example.com,Chennai,Tamil Nadu,South
C07199,Karan Patel,karan.patel7199@example.com,Ahmedabad,Gujarat,West
C07200,Kavya Mishra,kavya.mishra7200@example.com,Jaipur,Rajasthan,North
C07201,Rahul Mishra,rahul.mishra7201@example.com,Kanpur,Uttar Pradesh,North
C07202,Ananya Rajput,ananya.rajput7202@example.com,Patna,Bihar,East
C07203,Karan Gupta,karan.gupta7203@example.com,Surat,Gujarat,West
C07204,Neha Yadav,neha.yadav7204@example.com,Lucknow,Uttar Pradesh,North
C07205,Kavya Yadav,kavya.yadav7205@example.com,Kochi,Kerala,South
C07206,Vikash Agarwal,vikash.agarwal7206@example.com,Kochi,Kerala,South
C07207,Simran Singh,simran.singh7207@example.com,Bengaluru,Karnataka,South
C07208,Aman Verma,aman.verma7208@example.com,Kochi,Kerala,South
C07209,Rohan Agarwal,rohan.agarwal7209@example.com,Surat,Gujarat,West
C07210,Neha Rajput,neha.rajput7210@example.com,Surat,Gujarat,West
C07211,Priya Sharma,priya.sharma7211@example.com,Delhi,Delhi,North
C07212,Aditya Singh,aditya.singh7212@example.com,Jaipur,Rajasthan,North
C07213,Riya Agarwal,riya.agarwal7213@example.com,Chennai,Tamil Nadu,South
C07214,Kavya Verma,kavya.verma7214@example.com,Delhi,Delhi,North
C07215,Riya Verma,riya.verma7215@example.com,Chennai,Tamil Nadu,South
C07216,Vikash Singh,vikash.singh7216@example.com,Lucknow,Uttar Pradesh,North
C07217,Riya Agarwal,riya.agarwal7217@example.com,Kolkata,West Bengal,East
C07218,Isha Gupta,isha.gupta7218@example.com,Bengaluru,Karnataka,South
C07219,Vikash Gupta,vikash.gupta7219@example.com,Kochi,Kerala,South
C07220,Ankit Mishra,ankit.mishra7220@example.com,Bengaluru,Karnataka,South
C07221,Aditi Agarwal,aditi.agarwal7221@example.com,Bhubaneswar,Odisha,East
C07222,Simran Patel,simran.patel7222@example.com,Bhubaneswar,Odisha,East
C07223,Vikash Mishra,vikash.mishra7223@example.com,Hyderabad,Telangana,South
C07224,Kavya Patel,kavya.patel7224@example.com,Hyderabad,Telangana,South
C07225,Isha Kumar,isha.kumar7225@example.com,Kanpur,Uttar Pradesh,North
C07226,Simran Sharma,simran.sharma7226@example.com,Mumbai,Maharashtra,West
C07227,Rohan Singh,rohan.singh7227@example.com,Bhubaneswar,Odisha,East
C07228,Simran Yadav,simran.yadav7228@example.com,Lucknow,Uttar Pradesh,North
C07229,Rohan Gupta,rohan.gupta7229@example.com,Pune,Maharashtra,West
C07230,Aditi Yadav,aditi.yadav7230@example.com,Lucknow,Uttar Pradesh,North
C07231,Sneha Sharma,sneha.sharma7231@example.com,Chennai,Tamil Nadu,South
C07232,Simran Mishra,simran.mishra7232@example.com,Bengaluru,Karnataka,South
C07233,Ankit Patel,ankit.patel7233@example.com,Kanpur,Uttar Pradesh,North
C07234,Ankit Verma,ankit.verma7234@example.com,Kolkata,West Bengal,East
C07235,Kavya Kumar,kavya.kumar7235@example.com,Kochi,Kerala,South
C07236,Isha Singh,isha.singh7236@example.com,Lucknow,Uttar Pradesh,North
C07237,Vikash Verma,vikash.verma7237@example.com,Delhi,Delhi,North
C07238,Karan Mishra,karan.mishra7238@example.com,Chennai,Tamil Nadu,South
C07239,Pooja Mishra,pooja.mishra7239@example.com,Kanpur,Uttar Pradesh,North
C07240,Arjun Agarwal,arjun.agarwal7240@example.com,Ahmedabad,Gujarat,West
C07241,Aditi Yadav,aditi.yadav7241@example.com,Lucknow,Uttar Pradesh,North
C07242,Ankit Patel,ankit.patel7242@example.com,Delhi,Delhi,North
C07243,Aarav Agarwal,aarav.agarwal7243@example.com,Mumbai,Maharashtra,West
C07244,Rahul Yadav,rahul.yadav7244@example.com,Bhubaneswar,Odisha,East
C07245,Simran Sharma,simran.sharma7245@example.com,Hyderabad,Telangana,South
C07246,Priya Kumar,priya.kumar7246@example.com,Kolkata,West Bengal,East
C07247,Pooja Agarwal,pooja.agarwal7247@example.com,Pune,Maharashtra,West
C07248,Aman Patel,aman.patel7248@example.com,Lucknow,Uttar Pradesh,North
C07249,Priya Mishra,priya.mishra7249@example.com,Delhi,Delhi,North
C07250,Sneha Sharma,sneha.sharma7250@example.com,Chennai,Tamil Nadu,South
C07251,Karan Kumar,karan.kumar7251@example.com,Kochi,Kerala,South
C07252,Aarav Singh,aarav.singh7252@example.com,Kanpur,Uttar Pradesh,North
C07253,Simran Verma,simran.verma7253@example.com,Lucknow,Uttar Pradesh,North
C07254,Aarav Verma,aarav.verma7254@example.com,Chandigarh,Chandigarh,North
C07255,Simran Yadav,simran.yadav7255@example.com,Bengaluru,Karnataka,South
C07256,Rohan Patel,rohan.patel7256@example.com,Hyderabad,Telangana,South
C07257,Rahul Verma,rahul.verma7257@example.com,Kolkata,West Bengal,East
C07258,Aditya Agarwal,aditya.agarwal7258@example.com,Jaipur,Rajasthan,North
C07259,Isha Patel,isha.patel7259@example.com,Kanpur,Uttar Pradesh,North
C07260,Isha Singh,isha.singh7260@example.com,Jaipur,Rajasthan,North
C07261,Sahil Patel,sahil.patel7261@example.com,Jaipur,Rajasthan,North
C07262,Rohan Gupta,rohan.gupta7262@example.com,Pune,Maharashtra,West
C07263,Sneha Verma,sneha.verma7263@example.com,Kochi,Kerala,South
C07264,Arjun Patel,arjun.patel7264@example.com,Patna,Bihar,East
C07265,Karan Rajput,karan.rajput7265@example.com,Kochi,Kerala,South
C07266,Rohan Yadav,rohan.yadav7266@example.com,Lucknow,Uttar Pradesh,North
C07267,Karan Patel,karan.patel7267@example.com,Kochi,Kerala,South
C07268,Simran Verma,simran.verma7268@example.com,Pune,Maharashtra,West
C07269,Ananya Verma,ananya.verma7269@example.com,Jaipur,Rajasthan,North
C07270,Aarav Patel,aarav.patel7270@example.com,Chennai,Tamil Nadu,South
C07271,Pooja Singh,pooja.singh7271@example.com,Hyderabad,Telangana,South
C07272,Sahil Yadav,sahil.yadav7272@example.com,Ahmedabad,Gujarat,West
C07273,Arjun Patel,arjun.patel7273@example.com,Kochi,Kerala,South
C07274,Neha Verma,neha.verma7274@example.com,Patna,Bihar,East
C07275,Simran Kumar,simran.kumar7275@example.com,Hyderabad,Telangana,South
C07276,Ananya Singh,ananya.singh7276@example.com,Kanpur,Uttar Pradesh,North
C07277,Neha Gupta,neha.gupta7277@example.com,Ahmedabad,Gujarat,West
C07278,Neha Agarwal,neha.agarwal7278@example.com,Jaipur,Rajasthan,North
C07279,Rohan Mishra,rohan.mishra7279@example.com,Ahmedabad,Gujarat,West
C07280,Kavya Yadav,kavya.yadav7280@example.com,Mumbai,Maharashtra,West
C07281,Sneha Sharma,sneha.sharma7281@example.com,Mumbai,Maharashtra,West
C07282,Riya Agarwal,riya.agarwal7282@example.com,Kolkata,West Bengal,East
C07283,Neha Rajput,neha.rajput7283@example.com,Delhi,Delhi,North
C07284,Priya Verma,priya.verma7284@example.com,Bengaluru,Karnataka,South
C07285,Vikash Mishra,vikash.mishra7285@example.com,Lucknow,Uttar Pradesh,North
C07286,Neha Gupta,neha.gupta7286@example.com,Surat,Gujarat,West
C07287,Arjun Rajput,arjun.rajput7287@example.com,Lucknow,Uttar Pradesh,North
C07288,Aditya Singh,aditya.singh7288@example.com,Bhubaneswar,Odisha,East
C07289,Priya Verma,priya.verma7289@example.com,Chennai,Tamil Nadu,South
C07290,Riya Gupta,riya.gupta7290@example.com,Kolkata,West Bengal,East
C07291,Ankit Sharma,ankit.sharma7291@example.com,Hyderabad,Telangana,South
C07292,Rahul Sharma,rahul.sharma7292@example.com,Pune,Maharashtra,West
C07293,Riya Mishra,riya.mishra7293@example.com,Delhi,Delhi,North
C07294,Rohan Yadav,rohan.yadav7294@example.com,Pune,Maharashtra,West
C07295,Aarav Gupta,aarav.gupta7295@example.com,Chandigarh,Chandigarh,North
C07296,Kavya Rajput,kavya.rajput7296@example.com,Pune,Maharashtra,West
C07297,Pooja Kumar,pooja.kumar7297@example.com,Kanpur,Uttar Pradesh,North
C07298,Ankit Gupta,ankit.gupta7298@example.com,Surat,Gujarat,West
C07299,Sneha Singh,sneha.singh7299@example.com,Ahmedabad,Gujarat,West
C07300,Simran Patel,simran.patel7300@example.com,Pune,Maharashtra,West
C07301,Aarav Agarwal,aarav.agarwal7301@example.com,Kolkata,West Bengal,East
C07302,Simran Sharma,simran.sharma7302@example.com,Kolkata,West Bengal,East
C07303,Kavya Rajput,kavya.rajput7303@example.com,Surat,Gujarat,West
C07304,Aditi Sharma,aditi.sharma7304@example.com,Mumbai,Maharashtra,West
C07305,Vikash Mishra,vikash.mishra7305@example.com,Surat,Gujarat,West
C07306,Aditi Mishra,aditi.mishra7306@example.com,Bhubaneswar,Odisha,East
C07307,Ankit Patel,ankit.patel7307@example.com,Hyderabad,Telangana,South
C07308,Rahul Verma,rahul.verma7308@example.com,Chennai,Tamil Nadu,South
C07309,Riya Yadav,riya.yadav7309@example.com,Chandigarh,Chandigarh,North
C07310,Kavya Singh,kavya.singh7310@example.com,Bhubaneswar,Odisha,East
C07311,Ankit Verma,ankit.verma7311@example.com,Delhi,Delhi,North
C07312,Pooja Mishra,pooja.mishra7312@example.com,Kanpur,Uttar Pradesh,North
C07313,Rahul Rajput,rahul.rajput7313@example.com,Surat,Gujarat,West
C07314,Aditya Verma,aditya.verma7314@example.com,Bengaluru,Karnataka,South
C07315,Karan Agarwal,karan.agarwal7315@example.com,Lucknow,Uttar Pradesh,North
C07316,Isha Yadav,isha.yadav7316@example.com,Pune,Maharashtra,West
C07317,Riya Yadav,riya.yadav7317@example.com,Bhubaneswar,Odisha,East
C07318,Ananya Mishra,ananya.mishra7318@example.com,Ahmedabad,Gujarat,West
C07319,Aman Verma,aman.verma7319@example.com,Kochi,Kerala,South
C07320,Sahil Yadav,sahil.yadav7320@example.com,Bhubaneswar,Odisha,East
C07321,Aarav Gupta,aarav.gupta7321@example.com,Kanpur,Uttar Pradesh,North
C07322,Aman Sharma,aman.sharma7322@example.com,Delhi,Delhi,North
C07323,Aditi Singh,aditi.singh7323@example.com,Hyderabad,Telangana,South
C07324,Karan Mishra,karan.mishra7324@example.com,Kolkata,West Bengal,East
C07325,Aarav Kumar,aarav.kumar7325@example.com,Chandigarh,Chandigarh,North
C07326,Neha Kumar,neha.kumar7326@example.com,Hyderabad,Telangana,South
C07327,Ankit Kumar,ankit.kumar7327@example.com,Jaipur,Rajasthan,North
C07328,Ankit Singh,ankit.singh7328@example.com,Mumbai,Maharashtra,West
C07329,Aman Singh,aman.singh7329@example.com,Jaipur,Rajasthan,North
C07330,Ananya Yadav,ananya.yadav7330@example.com,Bhubaneswar,Odisha,East
C07331,Rohan Sharma,rohan.sharma7331@example.com,Surat,Gujarat,West
C07332,Ankit Singh,ankit.singh7332@example.com,Delhi,Delhi,North
C07333,Aditya Yadav,aditya.yadav7333@example.com,Surat,Gujarat,West
C07334,Rahul Agarwal,rahul.agarwal7334@example.com,Pune,Maharashtra,West
C07335,Vikash Gupta,vikash.gupta7335@example.com,Hyderabad,Telangana,South
C07336,Aman Mishra,aman.mishra7336@example.com,Lucknow,Uttar Pradesh,North
C07337,Aditya Agarwal,aditya.agarwal7337@example.com,Patna,Bihar,East
C07338,Aditi Gupta,aditi.gupta7338@example.com,Kanpur,Uttar Pradesh,North
C07339,Rohan Kumar,rohan.kumar7339@example.com,Surat,Gujarat,West
C07340,Riya Yadav,riya.yadav7340@example.com,Delhi,Delhi,North
C07341,Simran Mishra,simran.mishra7341@example.com,Patna,Bihar,East
C07342,Rohan Rajput,rohan.rajput7342@example.com,Surat,Gujarat,West
C07343,Simran Rajput,simran.rajput7343@example.com,Pune,Maharashtra,West
C07344,Vikash Kumar,vikash.kumar7344@example.com,Hyderabad,Telangana,South
C07345,Arjun Yadav,arjun.yadav7345@example.com,Bengaluru,Karnataka,South
C07346,Rohan Kumar,rohan.kumar7346@example.com,Bengaluru,Karnataka,South
C07347,Aarav Gupta,aarav.gupta7347@example.com,Pune,Maharashtra,West
C07348,Vikash Rajput,vikash.rajput7348@example.com,Kanpur,Uttar Pradesh,North
C07349,Rahul Mishra,rahul.mishra7349@example.com,Jaipur,Rajasthan,North
C07350,Aditya Verma,aditya.verma7350@example.com,Bengaluru,Karnataka,South
C07351,Neha Mishra,neha.mishra7351@example.com,Kolkata,West Bengal,East
C07352,Rahul Rajput,rahul.rajput7352@example.com,Pune,Maharashtra,West
C07353,Aditya Yadav,aditya.yadav7353@example.com,Delhi,Delhi,North
C07354,Rohan Mishra,rohan.mishra7354@example.com,Kochi,Kerala,South
C07355,Sneha Kumar,sneha.kumar7355@example.com,Jaipur,Rajasthan,North
C07356,Rohan Sharma,rohan.sharma7356@example.com,Jaipur,Rajasthan,North
C07357,Aditi Patel,aditi.patel7357@example.com,Ahmedabad,Gujarat,West
C07358,Neha Rajput,neha.rajput7358@example.com,Chandigarh,Chandigarh,North
C07359,Arjun Agarwal,arjun.agarwal7359@example.com,Hyderabad,Telangana,South
C07360,Karan Rajput,karan.rajput7360@example.com,Delhi,Delhi,North
C07361,Aarav Patel,aarav.patel7361@example.com,Bhubaneswar,Odisha,East
C07362,Kavya Agarwal,kavya.agarwal7362@example.com,Chennai,Tamil Nadu,South
C07363,Aarav Sharma,aarav.sharma7363@example.com,Kanpur,Uttar Pradesh,North
C07364,Kavya Verma,kavya.verma7364@example.com,Chandigarh,Chandigarh,North
C07365,Priya Agarwal,priya.agarwal7365@example.com,Delhi,Delhi,North
C07366,Aarav Yadav,aarav.yadav7366@example.com,Pune,Maharashtra,West
C07367,Aditi Yadav,aditi.yadav7367@example.com,Lucknow,Uttar Pradesh,North
C07368,Karan Sharma,karan.sharma7368@example.com,Bhubaneswar,Odisha,East
C07369,Vikash Kumar,vikash.kumar7369@example.com,Lucknow,Uttar Pradesh,North
C07370,Rahul Verma,rahul.verma7370@example.com,Kochi,Kerala,South
C07371,Simran Sharma,simran.sharma7371@example.com,Patna,Bihar,East
C07372,Arjun Rajput,arjun.rajput7372@example.com,Patna,Bihar,East
C07373,Rohan Kumar,rohan.kumar7373@example.com,Kanpur,Uttar Pradesh,North
C07374,Aarav Gupta,aarav.gupta7374@example.com,Chennai,Tamil Nadu,South
C07375,Ankit Rajput,ankit.rajput7375@example.com,Kanpur,Uttar Pradesh,North
C07376,Kavya Singh,kavya.singh7376@example.com,Mumbai,Maharashtra,West
C07377,Riya Singh,riya.singh7377@example.com,Patna,Bihar,East
C07378,Aarav Yadav,aarav.yadav7378@example.com,Surat,Gujarat,West
C07379,Sahil Verma,sahil.verma7379@example.com,Kolkata,West Bengal,East
C07380,Aditya Kumar,aditya.kumar7380@example.com,Ahmedabad,Gujarat,West
C07381,Sahil Gupta,sahil.gupta7381@example.com,Chandigarh,Chandigarh,North
C07382,Vikash Patel,vikash.patel7382@example.com,Chandigarh,Chandigarh,North
C07383,Arjun Rajput,arjun.rajput7383@example.com,Delhi,Delhi,North
C07384,Rohan Patel,rohan.patel7384@example.com,Mumbai,Maharashtra,West
C07385,Karan Agarwal,karan.agarwal7385@example.com,Surat,Gujarat,West
C07386,Arjun Kumar,arjun.kumar7386@example.com,Delhi,Delhi,North
C07387,Simran Gupta,simran.gupta7387@example.com,Bengaluru,Karnataka,South
C07388,Sneha Yadav,sneha.yadav7388@example.com,Mumbai,Maharashtra,West
C07389,Neha Agarwal,neha.agarwal7389@example.com,Delhi,Delhi,North
C07390,Karan Kumar,karan.kumar7390@example.com,Kolkata,West Bengal,East
C07391,Ananya Patel,ananya.patel7391@example.com,Kanpur,Uttar Pradesh,North
C07392,Aman Kumar,aman.kumar7392@example.com,Patna,Bihar,East
C07393,Pooja Singh,pooja.singh7393@example.com,Bhubaneswar,Odisha,East
C07394,Aditi Gupta,aditi.gupta7394@example.com,Delhi,Delhi,North
C07395,Rohan Gupta,rohan.gupta7395@example.com,Hyderabad,Telangana,South
C07396,Ananya Agarwal,ananya.agarwal7396@example.com,Hyderabad,Telangana,South
C07397,Rahul Rajput,rahul.rajput7397@example.com,Jaipur,Rajasthan,North
C07398,Rohan Singh,rohan.singh7398@example.com,Kanpur,Uttar Pradesh,North
C07399,Simran Singh,simran.singh7399@example.com,Chennai,Tamil Nadu,South
C07400,Riya Agarwal,riya.agarwal7400@example.com,Lucknow,Uttar Pradesh,North
C07401,Vikash Rajput,vikash.rajput7401@example.com,Kochi,Kerala,South
C07402,Sahil Agarwal,sahil.agarwal7402@example.com,Kolkata,West Bengal,East
C07403,Ankit Yadav,ankit.yadav7403@example.com,Kolkata,West Bengal,East
C07404,Isha Rajput,isha.rajput7404@example.com,Chandigarh,Chandigarh,North
C07405,Karan Yadav,karan.yadav7405@example.com,Kochi,Kerala,South
C07406,Aditya Sharma,aditya.sharma7406@example.com,Surat,Gujarat,West
C07407,Sahil Yadav,sahil.yadav7407@example.com,Surat,Gujarat,West
C07408,Aarav Mishra,aarav.mishra7408@example.com,Ahmedabad,Gujarat,West
C07409,Sneha Mishra,sneha.mishra7409@example.com,Lucknow,Uttar Pradesh,North
C07410,Simran Singh,simran.singh7410@example.com,Jaipur,Rajasthan,North
C07411,Kavya Gupta,kavya.gupta7411@example.com,Chandigarh,Chandigarh,North
C07412,Arjun Rajput,arjun.rajput7412@example.com,Bengaluru,Karnataka,South
C07413,Aditya Sharma,aditya.sharma7413@example.com,Kochi,Kerala,South
C07414,Simran Mishra,simran.mishra7414@example.com,Pune,Maharashtra,West
C07415,Neha Agarwal,neha.agarwal7415@example.com,Chandigarh,Chandigarh,North
C07416,Karan Patel,karan.patel7416@example.com,Ahmedabad,Gujarat,West
C07417,Ankit Mishra,ankit.mishra7417@example.com,Surat,Gujarat,West
C07418,Isha Rajput,isha.rajput7418@example.com,Surat,Gujarat,West
C07419,Sneha Sharma,sneha.sharma7419@example.com,Mumbai,Maharashtra,West
C07420,Rahul Verma,rahul.verma7420@example.com,Kolkata,West Bengal,East
C07421,Priya Gupta,priya.gupta7421@example.com,Kolkata,West Bengal,East
C07422,Vikash Kumar,vikash.kumar7422@example.com,Delhi,Delhi,North
C07423,Vikash Singh,vikash.singh7423@example.com,Mumbai,Maharashtra,West
C07424,Karan Yadav,karan.yadav7424@example.com,Chandigarh,Chandigarh,North
C07425,Aarav Patel,aarav.patel7425@example.com,Chennai,Tamil Nadu,South
C07426,Aarav Verma,aarav.verma7426@example.com,Pune,Maharashtra,West
C07427,Aarav Sharma,aarav.sharma7427@example.com,Delhi,Delhi,North
C07428,Aarav Mishra,aarav.mishra7428@example.com,Kochi,Kerala,South
C07429,Aman Gupta,aman.gupta7429@example.com,Kochi,Kerala,South
C07430,Sneha Verma,sneha.verma7430@example.com,Kanpur,Uttar Pradesh,North
C07431,Aditi Sharma,aditi.sharma7431@example.com,Delhi,Delhi,North
C07432,Isha Mishra,isha.mishra7432@example.com,Lucknow,Uttar Pradesh,North
C07433,Rahul Gupta,rahul.gupta7433@example.com,Kanpur,Uttar Pradesh,North
C07434,Neha Sharma,neha.sharma7434@example.com,Delhi,Delhi,North
C07435,Simran Singh,simran.singh7435@example.com,Kochi,Kerala,South
C07436,Simran Kumar,simran.kumar7436@example.com,Ahmedabad,Gujarat,West
C07437,Rohan Yadav,rohan.yadav7437@example.com,Pune,Maharashtra,West
C07438,Sneha Agarwal,sneha.agarwal7438@example.com,Bhubaneswar,Odisha,East
C07439,Aditi Sharma,aditi.sharma7439@example.com,Kochi,Kerala,South
C07440,Aarav Mishra,aarav.mishra7440@example.com,Chennai,Tamil Nadu,South
C07441,Sahil Mishra,sahil.mishra7441@example.com,Lucknow,Uttar Pradesh,North
C07442,Riya Rajput,riya.rajput7442@example.com,Patna,Bihar,East
C07443,Ankit Rajput,ankit.rajput7443@example.com,Ahmedabad,Gujarat,West
C07444,Aditya Sharma,aditya.sharma7444@example.com,Delhi,Delhi,North
C07445,Aditi Agarwal,aditi.agarwal7445@example.com,Surat,Gujarat,West
C07446,Aman Verma,aman.verma7446@example.com,Kolkata,West Bengal,East
C07447,Rahul Singh,rahul.singh7447@example.com,Ahmedabad,Gujarat,West
C07448,Sneha Singh,sneha.singh7448@example.com,Kanpur,Uttar Pradesh,North
C07449,Isha Singh,isha.singh7449@example.com,Chennai,Tamil Nadu,South
C07450,Arjun Agarwal,arjun.agarwal7450@example.com,Hyderabad,Telangana,South
C07451,Ankit Patel,ankit.patel7451@example.com,Chandigarh,Chandigarh,North
C07452,Simran Gupta,simran.gupta7452@example.com,Chandigarh,Chandigarh,North
C07453,Aarav Verma,aarav.verma7453@example.com,Surat,Gujarat,West
C07454,Aarav Singh,aarav.singh7454@example.com,Hyderabad,Telangana,South
C07455,Karan Patel,karan.patel7455@example.com,Ahmedabad,Gujarat,West
C07456,Ankit Rajput,ankit.rajput7456@example.com,Kolkata,West Bengal,East
C07457,Aarav Yadav,aarav.yadav7457@example.com,Chennai,Tamil Nadu,South
C07458,Neha Agarwal,neha.agarwal7458@example.com,Surat,Gujarat,West
C07459,Sahil Agarwal,sahil.agarwal7459@example.com,Surat,Gujarat,West
C07460,Neha Rajput,neha.rajput7460@example.com,Bhubaneswar,Odisha,East
C07461,Rohan Sharma,rohan.sharma7461@example.com,Kanpur,Uttar Pradesh,North
C07462,Aditya Mishra,aditya.mishra7462@example.com,Chandigarh,Chandigarh,North
C07463,Ankit Sharma,ankit.sharma7463@example.com,Chandigarh,Chandigarh,North
C07464,Riya Singh,riya.singh7464@example.com,Chandigarh,Chandigarh,North
C07465,Rohan Verma,rohan.verma7465@example.com,Bhubaneswar,Odisha,East
C07466,Aditi Gupta,aditi.gupta7466@example.com,Delhi,Delhi,North
C07467,Rohan Rajput,rohan.rajput7467@example.com,Chandigarh,Chandigarh,North
C07468,Aditya Mishra,aditya.mishra7468@example.com,Hyderabad,Telangana,South
C07469,Isha Singh,isha.singh7469@example.com,Patna,Bihar,East
C07470,Ankit Patel,ankit.patel7470@example.com,Chandigarh,Chandigarh,North
C07471,Sneha Verma,sneha.verma7471@example.com,Hyderabad,Telangana,South
C07472,Karan Rajput,karan.rajput7472@example.com,Bengaluru,Karnataka,South
C07473,Vikash Verma,vikash.verma7473@example.com,Hyderabad,Telangana,South
C07474,Sneha Sharma,sneha.sharma7474@example.com,Delhi,Delhi,North
C07475,Sahil Singh,sahil.singh7475@example.com,Mumbai,Maharashtra,West
C07476,Aditi Singh,aditi.singh7476@example.com,Chandigarh,Chandigarh,North
C07477,Riya Patel,riya.patel7477@example.com,Kanpur,Uttar Pradesh,North
C07478,Riya Singh,riya.singh7478@example.com,Kolkata,West Bengal,East
C07479,Arjun Kumar,arjun.kumar7479@example.com,Chennai,Tamil Nadu,South
C07480,Ananya Agarwal,ananya.agarwal7480@example.com,Delhi,Delhi,North
C07481,Sahil Rajput,sahil.rajput7481@example.com,Kanpur,Uttar Pradesh,North
C07482,Aditya Sharma,aditya.sharma7482@example.com,Bhubaneswar,Odisha,East
C07483,Aditi Kumar,aditi.kumar7483@example.com,Ahmedabad,Gujarat,West
C07484,Aditya Gupta,aditya.gupta7484@example.com,Kolkata,West Bengal,East
C07485,Pooja Sharma,pooja.sharma7485@example.com,Jaipur,Rajasthan,North
C07486,Arjun Kumar,arjun.kumar7486@example.com,Ahmedabad,Gujarat,West
C07487,Isha Kumar,isha.kumar7487@example.com,Bhubaneswar,Odisha,East
C07488,Arjun Sharma,arjun.sharma7488@example.com,Lucknow,Uttar Pradesh,North
C07489,Vikash Verma,vikash.verma7489@example.com,Chandigarh,Chandigarh,North
C07490,Simran Rajput,simran.rajput7490@example.com,Lucknow,Uttar Pradesh,North
C07491,Ananya Singh,ananya.singh7491@example.com,Chandigarh,Chandigarh,North
C07492,Aarav Gupta,aarav.gupta7492@example.com,Hyderabad,Telangana,South
C07493,Aarav Yadav,aarav.yadav7493@example.com,Kolkata,West Bengal,East
C07494,Pooja Patel,pooja.patel7494@example.com,Ahmedabad,Gujarat,West
C07495,Ankit Gupta,ankit.gupta7495@example.com,Kochi,Kerala,South
C07496,Aditya Gupta,aditya.gupta7496@example.com,Mumbai,Maharashtra,West
C07497,Rohan Yadav,rohan.yadav7497@example.com,Kolkata,West Bengal,East
C07498,Aman Gupta,aman.gupta7498@example.com,Kochi,Kerala,South
C07499,Aarav Singh,aarav.singh7499@example.com,Lucknow,Uttar Pradesh,North
C07500,Priya Verma,priya.verma7500@example.com,Delhi,Delhi,North
C07501,Ananya Yadav,ananya.yadav7501@example.com,Pune,Maharashtra,West
C07502,Sahil Yadav,sahil.yadav7502@example.com,Chandigarh,Chandigarh,North
C07503,Ankit Verma,ankit.verma7503@example.com,Hyderabad,Telangana,South
C07504,Riya Rajput,riya.rajput7504@example.com,Lucknow,Uttar Pradesh,North
C07505,Kavya Rajput,kavya.rajput7505@example.com,Mumbai,Maharashtra,West
C07506,Vikash Patel,vikash.patel7506@example.com,Kanpur,Uttar Pradesh,North
C07507,Rohan Yadav,rohan.yadav7507@example.com,Mumbai,Maharashtra,West
C07508,Neha Yadav,neha.yadav7508@example.com,Delhi,Delhi,North
C07509,Isha Rajput,isha.rajput7509@example.com,Kolkata,West Bengal,East
C07510,Neha Patel,neha.patel7510@example.com,Kochi,Kerala,South
C07511,Rohan Kumar,rohan.kumar7511@example.com,Surat,Gujarat,West
C07512,Arjun Agarwal,arjun.agarwal7512@example.com,Bhubaneswar,Odisha,East
C07513,Pooja Mishra,pooja.mishra7513@example.com,Bhubaneswar,Odisha,East
C07514,Isha Gupta,isha.gupta7514@example.com,Bengaluru,Karnataka,South
C07515,Kavya Yadav,kavya.yadav7515@example.com,Lucknow,Uttar Pradesh,North
C07516,Vikash Agarwal,vikash.agarwal7516@example.com,Jaipur,Rajasthan,North
C07517,Karan Patel,karan.patel7517@example.com,Delhi,Delhi,North
C07518,Aditya Rajput,aditya.rajput7518@example.com,Kanpur,Uttar Pradesh,North
C07519,Isha Gupta,isha.gupta7519@example.com,Patna,Bihar,East
C07520,Sahil Kumar,sahil.kumar7520@example.com,Chandigarh,Chandigarh,North
C07521,Aman Patel,aman.patel7521@example.com,Surat,Gujarat,West
C07522,Karan Gupta,karan.gupta7522@example.com,Jaipur,Rajasthan,North
C07523,Sahil Rajput,sahil.rajput7523@example.com,Kochi,Kerala,South
C07524,Riya Kumar,riya.kumar7524@example.com,Kanpur,Uttar Pradesh,North
C07525,Rohan Singh,rohan.singh7525@example.com,Chennai,Tamil Nadu,South
C07526,Pooja Gupta,pooja.gupta7526@example.com,Hyderabad,Telangana,South
C07527,Vikash Patel,vikash.patel7527@example.com,Surat,Gujarat,West
C07528,Simran Kumar,simran.kumar7528@example.com,Delhi,Delhi,North
C07529,Neha Gupta,neha.gupta7529@example.com,Bengaluru,Karnataka,South
C07530,Arjun Singh,arjun.singh7530@example.com,Kanpur,Uttar Pradesh,North
C07531,Aditi Yadav,aditi.yadav7531@example.com,Pune,Maharashtra,West
C07532,Riya Mishra,riya.mishra7532@example.com,Lucknow,Uttar Pradesh,North
C07533,Isha Kumar,isha.kumar7533@example.com,Bhubaneswar,Odisha,East
C07534,Aman Sharma,aman.sharma7534@example.com,Kolkata,West Bengal,East
C07535,Aman Gupta,aman.gupta7535@example.com,Ahmedabad,Gujarat,West
C07536,Priya Agarwal,priya.agarwal7536@example.com,Bengaluru,Karnataka,South
C07537,Isha Mishra,isha.mishra7537@example.com,Mumbai,Maharashtra,West
C07538,Arjun Mishra,arjun.mishra7538@example.com,Surat,Gujarat,West
C07539,Simran Rajput,simran.rajput7539@example.com,Delhi,Delhi,North
C07540,Neha Rajput,neha.rajput7540@example.com,Surat,Gujarat,West
C07541,Aarav Patel,aarav.patel7541@example.com,Kanpur,Uttar Pradesh,North
C07542,Rahul Sharma,rahul.sharma7542@example.com,Mumbai,Maharashtra,West
C07543,Arjun Kumar,arjun.kumar7543@example.com,Hyderabad,Telangana,South
C07544,Sahil Verma,sahil.verma7544@example.com,Surat,Gujarat,West
C07545,Arjun Kumar,arjun.kumar7545@example.com,Ahmedabad,Gujarat,West
C07546,Aarav Singh,aarav.singh7546@example.com,Kochi,Kerala,South
C07547,Aditya Gupta,aditya.gupta7547@example.com,Kolkata,West Bengal,East
C07548,Aarav Verma,aarav.verma7548@example.com,Patna,Bihar,East
C07549,Rohan Singh,rohan.singh7549@example.com,Kochi,Kerala,South
C07550,Aditya Sharma,aditya.sharma7550@example.com,Pune,Maharashtra,West
C07551,Vikash Sharma,vikash.sharma7551@example.com,Pune,Maharashtra,West
C07552,Rahul Agarwal,rahul.agarwal7552@example.com,Bhubaneswar,Odisha,East
C07553,Riya Agarwal,riya.agarwal7553@example.com,Jaipur,Rajasthan,North
C07554,Arjun Singh,arjun.singh7554@example.com,Surat,Gujarat,West
C07555,Aditya Sharma,aditya.sharma7555@example.com,Pune,Maharashtra,West
C07556,Sahil Yadav,sahil.yadav7556@example.com,Kanpur,Uttar Pradesh,North
C07557,Aman Singh,aman.singh7557@example.com,Patna,Bihar,East
C07558,Rahul Agarwal,rahul.agarwal7558@example.com,Bhubaneswar,Odisha,East
C07559,Riya Rajput,riya.rajput7559@example.com,Jaipur,Rajasthan,North
C07560,Rahul Rajput,rahul.rajput7560@example.com,Chandigarh,Chandigarh,North
C07561,Ananya Agarwal,ananya.agarwal7561@example.com,Jaipur,Rajasthan,North
C07562,Isha Gupta,isha.gupta7562@example.com,Kanpur,Uttar Pradesh,North
C07563,Simran Gupta,simran.gupta7563@example.com,Bhubaneswar,Odisha,East
C07564,Isha Patel,isha.patel7564@example.com,Hyderabad,Telangana,South
C07565,Aarav Singh,aarav.singh7565@example.com,Lucknow,Uttar Pradesh,North
C07566,Karan Yadav,karan.yadav7566@example.com,Chennai,Tamil Nadu,South
C07567,Aman Patel,aman.patel7567@example.com,Mumbai,Maharashtra,West
C07568,Rahul Sharma,rahul.sharma7568@example.com,Patna,Bihar,East
C07569,Vikash Mishra,vikash.mishra7569@example.com,Bhubaneswar,Odisha,East
C07570,Isha Sharma,isha.sharma7570@example.com,Patna,Bihar,East
C07571,Rohan Yadav,rohan.yadav7571@example.com,Jaipur,Rajasthan,North
C07572,Aman Yadav,aman.yadav7572@example.com,Kanpur,Uttar Pradesh,North
C07573,Pooja Singh,pooja.singh7573@example.com,Kolkata,West Bengal,East
C07574,Aarav Mishra,aarav.mishra7574@example.com,Kanpur,Uttar Pradesh,North
C07575,Aditi Yadav,aditi.yadav7575@example.com,Chandigarh,Chandigarh,North
C07576,Rohan Verma,rohan.verma7576@example.com,Kochi,Kerala,South
C07577,Ankit Yadav,ankit.yadav7577@example.com,Patna,Bihar,East
C07578,Rahul Mishra,rahul.mishra7578@example.com,Pune,Maharashtra,West
C07579,Kavya Patel,kavya.patel7579@example.com,Ahmedabad,Gujarat,West
C07580,Aditya Yadav,aditya.yadav7580@example.com,Kolkata,West Bengal,East
C07581,Riya Singh,riya.singh7581@example.com,Delhi,Delhi,North
C07582,Vikash Gupta,vikash.gupta7582@example.com,Delhi,Delhi,North
C07583,Riya Patel,riya.patel7583@example.com,Hyderabad,Telangana,South
C07584,Sneha Mishra,sneha.mishra7584@example.com,Jaipur,Rajasthan,North
C07585,Aarav Kumar,aarav.kumar7585@example.com,Surat,Gujarat,West
C07586,Sahil Verma,sahil.verma7586@example.com,Chandigarh,Chandigarh,North
C07587,Karan Rajput,karan.rajput7587@example.com,Mumbai,Maharashtra,West
C07588,Vikash Singh,vikash.singh7588@example.com,Kochi,Kerala,South
C07589,Simran Sharma,simran.sharma7589@example.com,Kochi,Kerala,South
C07590,Aditi Rajput,aditi.rajput7590@example.com,Hyderabad,Telangana,South
C07591,Sneha Gupta,sneha.gupta7591@example.com,Kochi,Kerala,South
C07592,Kavya Sharma,kavya.sharma7592@example.com,Kochi,Kerala,South
C07593,Sneha Patel,sneha.patel7593@example.com,Lucknow,Uttar Pradesh,North
C07594,Pooja Agarwal,pooja.agarwal7594@example.com,Kanpur,Uttar Pradesh,North
C07595,Aman Agarwal,aman.agarwal7595@example.com,Hyderabad,Telangana,South
C07596,Rohan Singh,rohan.singh7596@example.com,Chennai,Tamil Nadu,South
C07597,Aditya Singh,aditya.singh7597@example.com,Kolkata,West Bengal,East
C07598,Sahil Kumar,sahil.kumar7598@example.com,Kochi,Kerala,South
C07599,Arjun Sharma,arjun.sharma7599@example.com,Patna,Bihar,East
C07600,Aarav Verma,aarav.verma7600@example.com,Pune,Maharashtra,West
C07601,Ananya Sharma,ananya.sharma7601@example.com,Surat,Gujarat,West
C07602,Vikash Gupta,vikash.gupta7602@example.com,Pune,Maharashtra,West
C07603,Rahul Agarwal,rahul.agarwal7603@example.com,Ahmedabad,Gujarat,West
C07604,Simran Kumar,simran.kumar7604@example.com,Bengaluru,Karnataka,South
C07605,Riya Gupta,riya.gupta7605@example.com,Lucknow,Uttar Pradesh,North
C07606,Aman Sharma,aman.sharma7606@example.com,Delhi,Delhi,North
C07607,Sahil Singh,sahil.singh7607@example.com,Kolkata,West Bengal,East
C07608,Aditi Singh,aditi.singh7608@example.com,Delhi,Delhi,North
C07609,Priya Verma,priya.verma7609@example.com,Jaipur,Rajasthan,North
C07610,Rohan Singh,rohan.singh7610@example.com,Hyderabad,Telangana,South
C07611,Arjun Rajput,arjun.rajput7611@example.com,Patna,Bihar,East
C07612,Ananya Mishra,ananya.mishra7612@example.com,Kochi,Kerala,South
C07613,Sahil Rajput,sahil.rajput7613@example.com,Ahmedabad,Gujarat,West
C07614,Aman Agarwal,aman.agarwal7614@example.com,Chennai,Tamil Nadu,South
C07615,Aman Gupta,aman.gupta7615@example.com,Lucknow,Uttar Pradesh,North
C07616,Arjun Sharma,arjun.sharma7616@example.com,Chennai,Tamil Nadu,South
C07617,Aarav Singh,aarav.singh7617@example.com,Surat,Gujarat,West
C07618,Kavya Rajput,kavya.rajput7618@example.com,Surat,Gujarat,West
C07619,Rohan Yadav,rohan.yadav7619@example.com,Kolkata,West Bengal,East
C07620,Rahul Patel,rahul.patel7620@example.com,Patna,Bihar,East
C07621,Aman Mishra,aman.mishra7621@example.com,Chennai,Tamil Nadu,South
C07622,Priya Singh,priya.singh7622@example.com,Chandigarh,Chandigarh,North
C07623,Riya Singh,riya.singh7623@example.com,Bhubaneswar,Odisha,East
C07624,Kavya Patel,kavya.patel7624@example.com,Kanpur,Uttar Pradesh,North
C07625,Rohan Verma,rohan.verma7625@example.com,Hyderabad,Telangana,South
C07626,Simran Yadav,simran.yadav7626@example.com,Kanpur,Uttar Pradesh,North
C07627,Priya Patel,priya.patel7627@example.com,Surat,Gujarat,West
C07628,Rohan Rajput,rohan.rajput7628@example.com,Jaipur,Rajasthan,North
C07629,Aditi Yadav,aditi.yadav7629@example.com,Mumbai,Maharashtra,West
C07630,Aman Rajput,aman.rajput7630@example.com,Delhi,Delhi,North
C07631,Rohan Gupta,rohan.gupta7631@example.com,Bengaluru,Karnataka,South
C07632,Pooja Patel,pooja.patel7632@example.com,Surat,Gujarat,West
C07633,Pooja Yadav,pooja.yadav7633@example.com,Bhubaneswar,Odisha,East
C07634,Rohan Sharma,rohan.sharma7634@example.com,Hyderabad,Telangana,South
C07635,Arjun Yadav,arjun.yadav7635@example.com,Kanpur,Uttar Pradesh,North
C07636,Aarav Yadav,aarav.yadav7636@example.com,Pune,Maharashtra,West
C07637,Aditya Mishra,aditya.mishra7637@example.com,Bhubaneswar,Odisha,East
C07638,Rahul Patel,rahul.patel7638@example.com,Kochi,Kerala,South
C07639,Ankit Yadav,ankit.yadav7639@example.com,Ahmedabad,Gujarat,West
C07640,Kavya Sharma,kavya.sharma7640@example.com,Pune,Maharashtra,West
C07641,Rahul Yadav,rahul.yadav7641@example.com,Chennai,Tamil Nadu,South
C07642,Sahil Verma,sahil.verma7642@example.com,Delhi,Delhi,North
C07643,Vikash Yadav,vikash.yadav7643@example.com,Bengaluru,Karnataka,South
C07644,Arjun Gupta,arjun.gupta7644@example.com,Chennai,Tamil Nadu,South
C07645,Sneha Kumar,sneha.kumar7645@example.com,Kochi,Kerala,South
C07646,Aditya Kumar,aditya.kumar7646@example.com,Mumbai,Maharashtra,West
C07647,Priya Gupta,priya.gupta7647@example.com,Kochi,Kerala,South
C07648,Isha Rajput,isha.rajput7648@example.com,Chandigarh,Chandigarh,North
C07649,Sneha Kumar,sneha.kumar7649@example.com,Bengaluru,Karnataka,South
C07650,Aditya Yadav,aditya.yadav7650@example.com,Kolkata,West Bengal,East
C07651,Pooja Gupta,pooja.gupta7651@example.com,Chandigarh,Chandigarh,North
C07652,Aarav Yadav,aarav.yadav7652@example.com,Kochi,Kerala,South
C07653,Karan Kumar,karan.kumar7653@example.com,Patna,Bihar,East
C07654,Arjun Verma,arjun.verma7654@example.com,Chennai,Tamil Nadu,South
C07655,Karan Mishra,karan.mishra7655@example.com,Kochi,Kerala,South
C07656,Kavya Rajput,kavya.rajput7656@example.com,Chandigarh,Chandigarh,North
C07657,Ananya Agarwal,ananya.agarwal7657@example.com,Chandigarh,Chandigarh,North
C07658,Karan Mishra,karan.mishra7658@example.com,Kolkata,West Bengal,East
C07659,Isha Yadav,isha.yadav7659@example.com,Jaipur,Rajasthan,North
C07660,Pooja Sharma,pooja.sharma7660@example.com,Surat,Gujarat,West
C07661,Isha Mishra,isha.mishra7661@example.com,Kochi,Kerala,South
C07662,Simran Verma,simran.verma7662@example.com,Mumbai,Maharashtra,West
C07663,Aditya Patel,aditya.patel7663@example.com,Hyderabad,Telangana,South
C07664,Aman Gupta,aman.gupta7664@example.com,Delhi,Delhi,North
C07665,Ananya Sharma,ananya.sharma7665@example.com,Chandigarh,Chandigarh,North
C07666,Kavya Verma,kavya.verma7666@example.com,Kolkata,West Bengal,East
C07667,Arjun Patel,arjun.patel7667@example.com,Bhubaneswar,Odisha,East
C07668,Pooja Gupta,pooja.gupta7668@example.com,Delhi,Delhi,North
C07669,Priya Verma,priya.verma7669@example.com,Chennai,Tamil Nadu,South
C07670,Pooja Yadav,pooja.yadav7670@example.com,Jaipur,Rajasthan,North
C07671,Kavya Mishra,kavya.mishra7671@example.com,Bhubaneswar,Odisha,East
C07672,Kavya Patel,kavya.patel7672@example.com,Hyderabad,Telangana,South
C07673,Ankit Kumar,ankit.kumar7673@example.com,Kolkata,West Bengal,East
C07674,Arjun Agarwal,arjun.agarwal7674@example.com,Delhi,Delhi,North
C07675,Aman Mishra,aman.mishra7675@example.com,Surat,Gujarat,West
C07676,Rohan Kumar,rohan.kumar7676@example.com,Patna,Bihar,East
C07677,Karan Rajput,karan.rajput7677@example.com,Chandigarh,Chandigarh,North
C07678,Sneha Verma,sneha.verma7678@example.com,Mumbai,Maharashtra,West
C07679,Aditya Kumar,aditya.kumar7679@example.com,Mumbai,Maharashtra,West
C07680,Rohan Yadav,rohan.yadav7680@example.com,Kanpur,Uttar Pradesh,North
C07681,Rahul Singh,rahul.singh7681@example.com,Bhubaneswar,Odisha,East
C07682,Ananya Yadav,ananya.yadav7682@example.com,Kolkata,West Bengal,East
C07683,Aditi Singh,aditi.singh7683@example.com,Patna,Bihar,East
C07684,Rahul Rajput,rahul.rajput7684@example.com,Mumbai,Maharashtra,West
C07685,Aditya Gupta,aditya.gupta7685@example.com,Mumbai,Maharashtra,West
C07686,Aditi Mishra,aditi.mishra7686@example.com,Hyderabad,Telangana,South
C07687,Rahul Gupta,rahul.gupta7687@example.com,Surat,Gujarat,West
C07688,Riya Rajput,riya.rajput7688@example.com,Ahmedabad,Gujarat,West
C07689,Aditya Patel,aditya.patel7689@example.com,Mumbai,Maharashtra,West
C07690,Rahul Rajput,rahul.rajput7690@example.com,Delhi,Delhi,North
C07691,Karan Agarwal,karan.agarwal7691@example.com,Mumbai,Maharashtra,West
C07692,Vikash Sharma,vikash.sharma7692@example.com,Mumbai,Maharashtra,West
C07693,Pooja Agarwal,pooja.agarwal7693@example.com,Delhi,Delhi,North
C07694,Rahul Gupta,rahul.gupta7694@example.com,Mumbai,Maharashtra,West
C07695,Neha Gupta,neha.gupta7695@example.com,Patna,Bihar,East
C07696,Arjun Sharma,arjun.sharma7696@example.com,Kolkata,West Bengal,East
C07697,Riya Sharma,riya.sharma7697@example.com,Lucknow,Uttar Pradesh,North
C07698,Sneha Yadav,sneha.yadav7698@example.com,Delhi,Delhi,North
C07699,Karan Singh,karan.singh7699@example.com,Kochi,Kerala,South
C07700,Karan Yadav,karan.yadav7700@example.com,Jaipur,Rajasthan,North
C07701,Priya Sharma,priya.sharma7701@example.com,Jaipur,Rajasthan,North
C07702,Sahil Agarwal,sahil.agarwal7702@example.com,Pune,Maharashtra,West
C07703,Karan Kumar,karan.kumar7703@example.com,Kolkata,West Bengal,East
C07704,Sneha Kumar,sneha.kumar7704@example.com,Surat,Gujarat,West
C07705,Ankit Rajput,ankit.rajput7705@example.com,Ahmedabad,Gujarat,West
C07706,Rahul Yadav,rahul.yadav7706@example.com,Mumbai,Maharashtra,West
C07707,Simran Gupta,simran.gupta7707@example.com,Bhubaneswar,Odisha,East
C07708,Pooja Verma,pooja.verma7708@example.com,Delhi,Delhi,North
C07709,Riya Verma,riya.verma7709@example.com,Jaipur,Rajasthan,North
C07710,Neha Patel,neha.patel7710@example.com,Surat,Gujarat,West
C07711,Aditya Kumar,aditya.kumar7711@example.com,Hyderabad,Telangana,South
C07712,Aditi Agarwal,aditi.agarwal7712@example.com,Chennai,Tamil Nadu,South
C07713,Rahul Agarwal,rahul.agarwal7713@example.com,Ahmedabad,Gujarat,West
C07714,Aditi Verma,aditi.verma7714@example.com,Chandigarh,Chandigarh,North
C07715,Sneha Kumar,sneha.kumar7715@example.com,Patna,Bihar,East
C07716,Vikash Mishra,vikash.mishra7716@example.com,Lucknow,Uttar Pradesh,North
C07717,Vikash Agarwal,vikash.agarwal7717@example.com,Kanpur,Uttar Pradesh,North
C07718,Neha Verma,neha.verma7718@example.com,Hyderabad,Telangana,South
C07719,Aditya Gupta,aditya.gupta7719@example.com,Kolkata,West Bengal,East
C07720,Aditya Kumar,aditya.kumar7720@example.com,Kolkata,West Bengal,East
C07721,Pooja Yadav,pooja.yadav7721@example.com,Kochi,Kerala,South
C07722,Priya Kumar,priya.kumar7722@example.com,Bhubaneswar,Odisha,East
C07723,Vikash Mishra,vikash.mishra7723@example.com,Bengaluru,Karnataka,South
C07724,Ananya Verma,ananya.verma7724@example.com,Patna,Bihar,East
C07725,Ankit Agarwal,ankit.agarwal7725@example.com,Hyderabad,Telangana,South
C07726,Aarav Yadav,aarav.yadav7726@example.com,Delhi,Delhi,North
C07727,Isha Mishra,isha.mishra7727@example.com,Kolkata,West Bengal,East
C07728,Sahil Sharma,sahil.sharma7728@example.com,Kolkata,West Bengal,East
C07729,Kavya Patel,kavya.patel7729@example.com,Kolkata,West Bengal,East
C07730,Aarav Kumar,aarav.kumar7730@example.com,Jaipur,Rajasthan,North
C07731,Riya Sharma,riya.sharma7731@example.com,Kanpur,Uttar Pradesh,North
C07732,Simran Kumar,simran.kumar7732@example.com,Jaipur,Rajasthan,North
C07733,Vikash Kumar,vikash.kumar7733@example.com,Lucknow,Uttar Pradesh,North
C07734,Ananya Gupta,ananya.gupta7734@example.com,Ahmedabad,Gujarat,West
C07735,Aditi Sharma,aditi.sharma7735@example.com,Surat,Gujarat,West
C07736,Ankit Mishra,ankit.mishra7736@example.com,Jaipur,Rajasthan,North
C07737,Simran Verma,simran.verma7737@example.com,Mumbai,Maharashtra,West
C07738,Vikash Patel,vikash.patel7738@example.com,Pune,Maharashtra,West
C07739,Aman Verma,aman.verma7739@example.com,Mumbai,Maharashtra,West
C07740,Aarav Kumar,aarav.kumar7740@example.com,Ahmedabad,Gujarat,West
C07741,Ananya Singh,ananya.singh7741@example.com,Jaipur,Rajasthan,North
C07742,Rohan Patel,rohan.patel7742@example.com,Chennai,Tamil Nadu,South
C07743,Ananya Sharma,ananya.sharma7743@example.com,Kanpur,Uttar Pradesh,North
C07744,Aditi Verma,aditi.verma7744@example.com,Chennai,Tamil Nadu,South
C07745,Sahil Patel,sahil.patel7745@example.com,Jaipur,Rajasthan,North
C07746,Aman Rajput,aman.rajput7746@example.com,Bengaluru,Karnataka,South
C07747,Karan Agarwal,karan.agarwal7747@example.com,Pune,Maharashtra,West
C07748,Aman Verma,aman.verma7748@example.com,Mumbai,Maharashtra,West
C07749,Sahil Verma,sahil.verma7749@example.com,Kochi,Kerala,South
C07750,Vikash Agarwal,vikash.agarwal7750@example.com,Kolkata,West Bengal,East
C07751,Rohan Sharma,rohan.sharma7751@example.com,Delhi,Delhi,North
C07752,Ananya Agarwal,ananya.agarwal7752@example.com,Ahmedabad,Gujarat,West
C07753,Rahul Kumar,rahul.kumar7753@example.com,Surat,Gujarat,West
C07754,Ankit Singh,ankit.singh7754@example.com,Mumbai,Maharashtra,West
C07755,Simran Sharma,simran.sharma7755@example.com,Bhubaneswar,Odisha,East
C07756,Priya Agarwal,priya.agarwal7756@example.com,Kochi,Kerala,South
C07757,Priya Agarwal,priya.agarwal7757@example.com,Chandigarh,Chandigarh,North
C07758,Aditya Singh,aditya.singh7758@example.com,Chandigarh,Chandigarh,North
C07759,Aman Yadav,aman.yadav7759@example.com,Kochi,Kerala,South
C07760,Karan Singh,karan.singh7760@example.com,Patna,Bihar,East
C07761,Sneha Gupta,sneha.gupta7761@example.com,Hyderabad,Telangana,South
C07762,Ankit Kumar,ankit.kumar7762@example.com,Lucknow,Uttar Pradesh,North
C07763,Aarav Rajput,aarav.rajput7763@example.com,Mumbai,Maharashtra,West
C07764,Aditi Gupta,aditi.gupta7764@example.com,Lucknow,Uttar Pradesh,North
C07765,Simran Verma,simran.verma7765@example.com,Bhubaneswar,Odisha,East
C07766,Priya Agarwal,priya.agarwal7766@example.com,Kanpur,Uttar Pradesh,North
C07767,Simran Kumar,simran.kumar7767@example.com,Mumbai,Maharashtra,West
C07768,Neha Yadav,neha.yadav7768@example.com,Lucknow,Uttar Pradesh,North
C07769,Aman Singh,aman.singh7769@example.com,Patna,Bihar,East
C07770,Ananya Verma,ananya.verma7770@example.com,Kochi,Kerala,South
C07771,Rohan Rajput,rohan.rajput7771@example.com,Surat,Gujarat,West
C07772,Kavya Patel,kavya.patel7772@example.com,Chandigarh,Chandigarh,North
C07773,Isha Rajput,isha.rajput7773@example.com,Surat,Gujarat,West
C07774,Neha Singh,neha.singh7774@example.com,Chandigarh,Chandigarh,North
C07775,Aarav Agarwal,aarav.agarwal7775@example.com,Kolkata,West Bengal,East
C07776,Rahul Yadav,rahul.yadav7776@example.com,Ahmedabad,Gujarat,West
C07777,Aarav Sharma,aarav.sharma7777@example.com,Mumbai,Maharashtra,West
C07778,Riya Gupta,riya.gupta7778@example.com,Chennai,Tamil Nadu,South
C07779,Rohan Gupta,rohan.gupta7779@example.com,Jaipur,Rajasthan,North
C07780,Karan Kumar,karan.kumar7780@example.com,Kanpur,Uttar Pradesh,North
C07781,Arjun Patel,arjun.patel7781@example.com,Ahmedabad,Gujarat,West
C07782,Priya Patel,priya.patel7782@example.com,Delhi,Delhi,North
C07783,Priya Singh,priya.singh7783@example.com,Surat,Gujarat,West
C07784,Karan Kumar,karan.kumar7784@example.com,Kanpur,Uttar Pradesh,North
C07785,Simran Singh,simran.singh7785@example.com,Bengaluru,Karnataka,South
C07786,Aman Sharma,aman.sharma7786@example.com,Bhubaneswar,Odisha,East
C07787,Kavya Agarwal,kavya.agarwal7787@example.com,Bhubaneswar,Odisha,East
C07788,Rohan Gupta,rohan.gupta7788@example.com,Bhubaneswar,Odisha,East
C07789,Aditi Kumar,aditi.kumar7789@example.com,Hyderabad,Telangana,South
C07790,Ankit Kumar,ankit.kumar7790@example.com,Chandigarh,Chandigarh,North
C07791,Arjun Mishra,arjun.mishra7791@example.com,Ahmedabad,Gujarat,West
C07792,Ankit Patel,ankit.patel7792@example.com,Kanpur,Uttar Pradesh,North
C07793,Simran Kumar,simran.kumar7793@example.com,Delhi,Delhi,North
C07794,Sahil Mishra,sahil.mishra7794@example.com,Patna,Bihar,East
C07795,Kavya Sharma,kavya.sharma7795@example.com,Kolkata,West Bengal,East
C07796,Kavya Rajput,kavya.rajput7796@example.com,Pune,Maharashtra,West
C07797,Karan Verma,karan.verma7797@example.com,Mumbai,Maharashtra,West
C07798,Simran Agarwal,simran.agarwal7798@example.com,Kolkata,West Bengal,East
C07799,Ananya Singh,ananya.singh7799@example.com,Hyderabad,Telangana,South
C07800,Aditi Sharma,aditi.sharma7800@example.com,Mumbai,Maharashtra,West
C07801,Priya Yadav,priya.yadav7801@example.com,Bengaluru,Karnataka,South
C07802,Pooja Gupta,pooja.gupta7802@example.com,Jaipur,Rajasthan,North
C07803,Isha Patel,isha.patel7803@example.com,Hyderabad,Telangana,South
C07804,Isha Mishra,isha.mishra7804@example.com,Pune,Maharashtra,West
C07805,Riya Kumar,riya.kumar7805@example.com,Chennai,Tamil Nadu,South
C07806,Pooja Yadav,pooja.yadav7806@example.com,Chandigarh,Chandigarh,North
C07807,Neha Kumar,neha.kumar7807@example.com,Delhi,Delhi,North
C07808,Isha Gupta,isha.gupta7808@example.com,Kochi,Kerala,South
C07809,Kavya Kumar,kavya.kumar7809@example.com,Mumbai,Maharashtra,West
C07810,Ananya Gupta,ananya.gupta7810@example.com,Pune,Maharashtra,West
C07811,Priya Patel,priya.patel7811@example.com,Lucknow,Uttar Pradesh,North
C07812,Simran Rajput,simran.rajput7812@example.com,Mumbai,Maharashtra,West
C07813,Riya Kumar,riya.kumar7813@example.com,Mumbai,Maharashtra,West
C07814,Vikash Patel,vikash.patel7814@example.com,Delhi,Delhi,North
C07815,Rahul Mishra,rahul.mishra7815@example.com,Mumbai,Maharashtra,West
C07816,Ananya Rajput,ananya.rajput7816@example.com,Mumbai,Maharashtra,West
C07817,Sahil Yadav,sahil.yadav7817@example.com,Mumbai,Maharashtra,West
C07818,Riya Rajput,riya.rajput7818@example.com,Pune,Maharashtra,West
C07819,Simran Gupta,simran.gupta7819@example.com,Mumbai,Maharashtra,West
C07820,Aarav Singh,aarav.singh7820@example.com,Mumbai,Maharashtra,West
C07821,Vikash Verma,vikash.verma7821@example.com,Surat,Gujarat,West
C07822,Arjun Gupta,arjun.gupta7822@example.com,Mumbai,Maharashtra,West
C07823,Aditi Sharma,aditi.sharma7823@example.com,Delhi,Delhi,North
C07824,Aditi Rajput,aditi.rajput7824@example.com,Kochi,Kerala,South
C07825,Vikash Yadav,vikash.yadav7825@example.com,Jaipur,Rajasthan,North
C07826,Rohan Rajput,rohan.rajput7826@example.com,Kochi,Kerala,South
C07827,Aarav Gupta,aarav.gupta7827@example.com,Chennai,Tamil Nadu,South
C07828,Aditya Agarwal,aditya.agarwal7828@example.com,Hyderabad,Telangana,South
C07829,Pooja Verma,pooja.verma7829@example.com,Mumbai,Maharashtra,West
C07830,Arjun Yadav,arjun.yadav7830@example.com,Bengaluru,Karnataka,South
C07831,Aditya Sharma,aditya.sharma7831@example.com,Ahmedabad,Gujarat,West
C07832,Aditi Singh,aditi.singh7832@example.com,Jaipur,Rajasthan,North
C07833,Arjun Agarwal,arjun.agarwal7833@example.com,Ahmedabad,Gujarat,West
C07834,Aman Patel,aman.patel7834@example.com,Pune,Maharashtra,West
C07835,Riya Agarwal,riya.agarwal7835@example.com,Mumbai,Maharashtra,West
C07836,Rohan Kumar,rohan.kumar7836@example.com,Bengaluru,Karnataka,South
C07837,Sneha Singh,sneha.singh7837@example.com,Lucknow,Uttar Pradesh,North
C07838,Simran Verma,simran.verma7838@example.com,Kochi,Kerala,South
C07839,Aarav Sharma,aarav.sharma7839@example.com,Kolkata,West Bengal,East
C07840,Aarav Mishra,aarav.mishra7840@example.com,Chandigarh,Chandigarh,North
C07841,Sneha Yadav,sneha.yadav7841@example.com,Jaipur,Rajasthan,North
C07842,Priya Rajput,priya.rajput7842@example.com,Surat,Gujarat,West
C07843,Neha Singh,neha.singh7843@example.com,Kolkata,West Bengal,East
C07844,Aditya Yadav,aditya.yadav7844@example.com,Kolkata,West Bengal,East
C07845,Rohan Rajput,rohan.rajput7845@example.com,Bengaluru,Karnataka,South
C07846,Karan Mishra,karan.mishra7846@example.com,Hyderabad,Telangana,South
C07847,Aarav Sharma,aarav.sharma7847@example.com,Chennai,Tamil Nadu,South
C07848,Aman Yadav,aman.yadav7848@example.com,Mumbai,Maharashtra,West
C07849,Karan Gupta,karan.gupta7849@example.com,Kolkata,West Bengal,East
C07850,Arjun Yadav,arjun.yadav7850@example.com,Kolkata,West Bengal,East
C07851,Rohan Verma,rohan.verma7851@example.com,Kanpur,Uttar Pradesh,North
C07852,Karan Verma,karan.verma7852@example.com,Kolkata,West Bengal,East
C07853,Rahul Sharma,rahul.sharma7853@example.com,Surat,Gujarat,West
C07854,Sahil Singh,sahil.singh7854@example.com,Kolkata,West Bengal,East
C07855,Sahil Kumar,sahil.kumar7855@example.com,Pune,Maharashtra,West
C07856,Rahul Rajput,rahul.rajput7856@example.com,Hyderabad,Telangana,South
C07857,Ankit Gupta,ankit.gupta7857@example.com,Kanpur,Uttar Pradesh,North
C07858,Karan Yadav,karan.yadav7858@example.com,Mumbai,Maharashtra,West
C07859,Sneha Yadav,sneha.yadav7859@example.com,Kochi,Kerala,South
C07860,Isha Patel,isha.patel7860@example.com,Patna,Bihar,East
C07861,Pooja Sharma,pooja.sharma7861@example.com,Kolkata,West Bengal,East
C07862,Karan Gupta,karan.gupta7862@example.com,Bengaluru,Karnataka,South
C07863,Vikash Agarwal,vikash.agarwal7863@example.com,Jaipur,Rajasthan,North
C07864,Ankit Rajput,ankit.rajput7864@example.com,Lucknow,Uttar Pradesh,North
C07865,Kavya Patel,kavya.patel7865@example.com,Chennai,Tamil Nadu,South
C07866,Rahul Mishra,rahul.mishra7866@example.com,Bhubaneswar,Odisha,East
C07867,Aarav Singh,aarav.singh7867@example.com,Patna,Bihar,East
C07868,Aditi Agarwal,aditi.agarwal7868@example.com,Pune,Maharashtra,West
C07869,Vikash Gupta,vikash.gupta7869@example.com,Mumbai,Maharashtra,West
C07870,Aditya Kumar,aditya.kumar7870@example.com,Bengaluru,Karnataka,South
C07871,Riya Verma,riya.verma7871@example.com,Bhubaneswar,Odisha,East
C07872,Sahil Gupta,sahil.gupta7872@example.com,Surat,Gujarat,West
C07873,Arjun Yadav,arjun.yadav7873@example.com,Mumbai,Maharashtra,West
C07874,Aman Gupta,aman.gupta7874@example.com,Hyderabad,Telangana,South
C07875,Pooja Patel,pooja.patel7875@example.com,Pune,Maharashtra,West
C07876,Isha Rajput,isha.rajput7876@example.com,Surat,Gujarat,West
C07877,Sneha Agarwal,sneha.agarwal7877@example.com,Delhi,Delhi,North
C07878,Vikash Patel,vikash.patel7878@example.com,Bengaluru,Karnataka,South
C07879,Riya Patel,riya.patel7879@example.com,Ahmedabad,Gujarat,West
C07880,Neha Kumar,neha.kumar7880@example.com,Kolkata,West Bengal,East
C07881,Riya Agarwal,riya.agarwal7881@example.com,Jaipur,Rajasthan,North
C07882,Ankit Yadav,ankit.yadav7882@example.com,Mumbai,Maharashtra,West
C07883,Karan Mishra,karan.mishra7883@example.com,Kolkata,West Bengal,East
C07884,Ankit Singh,ankit.singh7884@example.com,Delhi,Delhi,North
C07885,Aarav Agarwal,aarav.agarwal7885@example.com,Chennai,Tamil Nadu,South
C07886,Aman Mishra,aman.mishra7886@example.com,Chennai,Tamil Nadu,South
C07887,Priya Yadav,priya.yadav7887@example.com,Surat,Gujarat,West
C07888,Vikash Singh,vikash.singh7888@example.com,Kochi,Kerala,South
C07889,Ankit Verma,ankit.verma7889@example.com,Chennai,Tamil Nadu,South
C07890,Simran Agarwal,simran.agarwal7890@example.com,Delhi,Delhi,North
C07891,Aditya Agarwal,aditya.agarwal7891@example.com,Ahmedabad,Gujarat,West
C07892,Kavya Mishra,kavya.mishra7892@example.com,Lucknow,Uttar Pradesh,North
C07893,Ankit Rajput,ankit.rajput7893@example.com,Jaipur,Rajasthan,North
C07894,Sahil Yadav,sahil.yadav7894@example.com,Kolkata,West Bengal,East
C07895,Rahul Gupta,rahul.gupta7895@example.com,Ahmedabad,Gujarat,West
C07896,Sneha Mishra,sneha.mishra7896@example.com,Surat,Gujarat,West
C07897,Ankit Verma,ankit.verma7897@example.com,Bhubaneswar,Odisha,East
C07898,Aditya Rajput,aditya.rajput7898@example.com,Kochi,Kerala,South
C07899,Arjun Mishra,arjun.mishra7899@example.com,Bhubaneswar,Odisha,East
C07900,Ananya Rajput,ananya.rajput7900@example.com,Surat,Gujarat,West
C07901,Pooja Yadav,pooja.yadav7901@example.com,Chandigarh,Chandigarh,North
C07902,Neha Verma,neha.verma7902@example.com,Kochi,Kerala,South
C07903,Riya Singh,riya.singh7903@example.com,Hyderabad,Telangana,South
C07904,Sahil Singh,sahil.singh7904@example.com,Hyderabad,Telangana,South
C07905,Isha Agarwal,isha.agarwal7905@example.com,Jaipur,Rajasthan,North
C07906,Aditya Kumar,aditya.kumar7906@example.com,Bhubaneswar,Odisha,East
C07907,Kavya Kumar,kavya.kumar7907@example.com,Kanpur,Uttar Pradesh,North
C07908,Aarav Mishra,aarav.mishra7908@example.com,Bengaluru,Karnataka,South
C07909,Priya Sharma,priya.sharma7909@example.com,Bhubaneswar,Odisha,East
C07910,Riya Rajput,riya.rajput7910@example.com,Delhi,Delhi,North
C07911,Sahil Verma,sahil.verma7911@example.com,Hyderabad,Telangana,South
C07912,Pooja Rajput,pooja.rajput7912@example.com,Jaipur,Rajasthan,North
C07913,Priya Sharma,priya.sharma7913@example.com,Ahmedabad,Gujarat,West
C07914,Aman Yadav,aman.yadav7914@example.com,Surat,Gujarat,West
C07915,Pooja Agarwal,pooja.agarwal7915@example.com,Ahmedabad,Gujarat,West
C07916,Karan Sharma,karan.sharma7916@example.com,Kochi,Kerala,South
C07917,Kavya Yadav,kavya.yadav7917@example.com,Pune,Maharashtra,West
C07918,Aarav Rajput,aarav.rajput7918@example.com,Patna,Bihar,East
C07919,Rahul Mishra,rahul.mishra7919@example.com,Chandigarh,Chandigarh,North
C07920,Vikash Kumar,vikash.kumar7920@example.com,Kolkata,West Bengal,East
C07921,Pooja Yadav,pooja.yadav7921@example.com,Surat,Gujarat,West
C07922,Arjun Agarwal,arjun.agarwal7922@example.com,Delhi,Delhi,North
C07923,Isha Yadav,isha.yadav7923@example.com,Kolkata,West Bengal,East
C07924,Priya Verma,priya.verma7924@example.com,Chennai,Tamil Nadu,South
C07925,Aditi Sharma,aditi.sharma7925@example.com,Kochi,Kerala,South
C07926,Kavya Verma,kavya.verma7926@example.com,Kolkata,West Bengal,East
C07927,Karan Gupta,karan.gupta7927@example.com,Mumbai,Maharashtra,West
C07928,Isha Agarwal,isha.agarwal7928@example.com,Patna,Bihar,East
C07929,Neha Sharma,neha.sharma7929@example.com,Chennai,Tamil Nadu,South
C07930,Priya Sharma,priya.sharma7930@example.com,Bengaluru,Karnataka,South
C07931,Simran Kumar,simran.kumar7931@example.com,Chandigarh,Chandigarh,North
C07932,Rahul Yadav,rahul.yadav7932@example.com,Jaipur,Rajasthan,North
C07933,Ankit Mishra,ankit.mishra7933@example.com,Kolkata,West Bengal,East
C07934,Arjun Mishra,arjun.mishra7934@example.com,Kochi,Kerala,South
C07935,Sneha Sharma,sneha.sharma7935@example.com,Kolkata,West Bengal,East
C07936,Neha Verma,neha.verma7936@example.com,Mumbai,Maharashtra,West
C07937,Aditya Singh,aditya.singh7937@example.com,Kochi,Kerala,South
C07938,Vikash Agarwal,vikash.agarwal7938@example.com,Delhi,Delhi,North
C07939,Kavya Verma,kavya.verma7939@example.com,Mumbai,Maharashtra,West
C07940,Isha Agarwal,isha.agarwal7940@example.com,Lucknow,Uttar Pradesh,North
C07941,Simran Mishra,simran.mishra7941@example.com,Mumbai,Maharashtra,West
C07942,Kavya Singh,kavya.singh7942@example.com,Chandigarh,Chandigarh,North
C07943,Pooja Patel,pooja.patel7943@example.com,Pune,Maharashtra,West
C07944,Aman Yadav,aman.yadav7944@example.com,Lucknow,Uttar Pradesh,North
C07945,Sneha Sharma,sneha.sharma7945@example.com,Kolkata,West Bengal,East
C07946,Sahil Agarwal,sahil.agarwal7946@example.com,Surat,Gujarat,West
C07947,Vikash Rajput,vikash.rajput7947@example.com,Bengaluru,Karnataka,South
C07948,Vikash Sharma,vikash.sharma7948@example.com,Pune,Maharashtra,West
C07949,Simran Mishra,simran.mishra7949@example.com,Ahmedabad,Gujarat,West
C07950,Arjun Verma,arjun.verma7950@example.com,Chennai,Tamil Nadu,South
C07951,Sahil Agarwal,sahil.agarwal7951@example.com,Delhi,Delhi,North
C07952,Rahul Gupta,rahul.gupta7952@example.com,Hyderabad,Telangana,South
C07953,Simran Agarwal,simran.agarwal7953@example.com,Kolkata,West Bengal,East
C07954,Sneha Sharma,sneha.sharma7954@example.com,Kochi,Kerala,South
C07955,Aditi Kumar,aditi.kumar7955@example.com,Lucknow,Uttar Pradesh,North
C07956,Aditi Patel,aditi.patel7956@example.com,Bhubaneswar,Odisha,East
C07957,Karan Sharma,karan.sharma7957@example.com,Hyderabad,Telangana,South
C07958,Ankit Agarwal,ankit.agarwal7958@example.com,Mumbai,Maharashtra,West
C07959,Ankit Verma,ankit.verma7959@example.com,Surat,Gujarat,West
C07960,Aman Sharma,aman.sharma7960@example.com,Chandigarh,Chandigarh,North
C07961,Arjun Yadav,arjun.yadav7961@example.com,Kanpur,Uttar Pradesh,North
C07962,Pooja Yadav,pooja.yadav7962@example.com,Delhi,Delhi,North
C07963,Neha Rajput,neha.rajput7963@example.com,Surat,Gujarat,West
C07964,Aman Singh,aman.singh7964@example.com,Chennai,Tamil Nadu,South
C07965,Isha Agarwal,isha.agarwal7965@example.com,Jaipur,Rajasthan,North
C07966,Rahul Rajput,rahul.rajput7966@example.com,Surat,Gujarat,West
C07967,Simran Kumar,simran.kumar7967@example.com,Lucknow,Uttar Pradesh,North
C07968,Priya Sharma,priya.sharma7968@example.com,Pune,Maharashtra,West
C07969,Sneha Sharma,sneha.sharma7969@example.com,Kanpur,Uttar Pradesh,North
C07970,Kavya Sharma,kavya.sharma7970@example.com,Chandigarh,Chandigarh,North
C07971,Pooja Gupta,pooja.gupta7971@example.com,Jaipur,Rajasthan,North
C07972,Sneha Sharma,sneha.sharma7972@example.com,Pune,Maharashtra,West
C07973,Aarav Mishra,aarav.mishra7973@example.com,Jaipur,Rajasthan,North
C07974,Isha Singh,isha.singh7974@example.com,Bhubaneswar,Odisha,East
C07975,Vikash Rajput,vikash.rajput7975@example.com,Chandigarh,Chandigarh,North
C07976,Isha Kumar,isha.kumar7976@example.com,Kolkata,West Bengal,East
C07977,Riya Kumar,riya.kumar7977@example.com,Bengaluru,Karnataka,South
C07978,Sahil Mishra,sahil.mishra7978@example.com,Chennai,Tamil Nadu,South
C07979,Aarav Sharma,aarav.sharma7979@example.com,Bhubaneswar,Odisha,East
C07980,Rohan Mishra,rohan.mishra7980@example.com,Chennai,Tamil Nadu,South
C07981,Simran Kumar,simran.kumar7981@example.com,Bhubaneswar,Odisha,East
C07982,Ankit Singh,ankit.singh7982@example.com,Lucknow,Uttar Pradesh,North
C07983,Pooja Mishra,pooja.mishra7983@example.com,Delhi,Delhi,North
C07984,Pooja Agarwal,pooja.agarwal7984@example.com,Kanpur,Uttar Pradesh,North
C07985,Aditi Rajput,aditi.rajput7985@example.com,Kanpur,Uttar Pradesh,North
C07986,Vikash Yadav,vikash.yadav7986@example.com,Kochi,Kerala,South
C07987,Neha Kumar,neha.kumar7987@example.com,Delhi,Delhi,North
C07988,Riya Sharma,riya.sharma7988@example.com,Chandigarh,Chandigarh,North
C07989,Aarav Verma,aarav.verma7989@example.com,Kanpur,Uttar Pradesh,North
C07990,Sneha Sharma,sneha.sharma7990@example.com,Mumbai,Maharashtra,West
C07991,Pooja Verma,pooja.verma7991@example.com,Surat,Gujarat,West
C07992,Ankit Gupta,ankit.gupta7992@example.com,Pune,Maharashtra,West
C07993,Priya Agarwal,priya.agarwal7993@example.com,Kochi,Kerala,South
C07994,Vikash Gupta,vikash.gupta7994@example.com,Chennai,Tamil Nadu,South
C07995,Isha Yadav,isha.yadav7995@example.com,Delhi,Delhi,North
C07996,Arjun Kumar,arjun.kumar7996@example.com,Delhi,Delhi,North
C07997,Sahil Kumar,sahil.kumar7997@example.com,Bengaluru,Karnataka,South
C07998,Vikash Patel,vikash.patel7998@example.com,Pune,Maharashtra,West
C07999,Pooja Agarwal,pooja.agarwal7999@example.com,Delhi,Delhi,North
C08000,Simran Singh,simran.singh8000@example.com,Chandigarh,Chandigarh,North
C08001,Aman Yadav,aman.yadav8001@example.com,Hyderabad,Telangana,South
C08002,Aman Sharma,aman.sharma8002@example.com,Mumbai,Maharashtra,West
C08003,Riya Gupta,riya.gupta8003@example.com,Bhubaneswar,Odisha,East
C08004,Neha Sharma,neha.sharma8004@example.com,Ahmedabad,Gujarat,West
C08005,Aditi Rajput,aditi.rajput8005@example.com,Bhubaneswar,Odisha,East
C08006,Aarav Kumar,aarav.kumar8006@example.com,Bengaluru,Karnataka,South
C08007,Aman Rajput,aman.rajput8007@example.com,Chennai,Tamil Nadu,South
C08008,Rohan Gupta,rohan.gupta8008@example.com,Jaipur,Rajasthan,North
C08009,Ananya Patel,ananya.patel8009@example.com,Ahmedabad,Gujarat,West
C08010,Pooja Gupta,pooja.gupta8010@example.com,Lucknow,Uttar Pradesh,North
C08011,Riya Yadav,riya.yadav8011@example.com,Hyderabad,Telangana,South
C08012,Ankit Sharma,ankit.sharma8012@example.com,Ahmedabad,Gujarat,West
C08013,Neha Gupta,neha.gupta8013@example.com,Chandigarh,Chandigarh,North
C08014,Rahul Patel,rahul.patel8014@example.com,Bhubaneswar,Odisha,East
C08015,Kavya Verma,kavya.verma8015@example.com,Hyderabad,Telangana,South
C08016,Ankit Rajput,ankit.rajput8016@example.com,Kolkata,West Bengal,East
C08017,Rohan Verma,rohan.verma8017@example.com,Chandigarh,Chandigarh,North
C08018,Aman Rajput,aman.rajput8018@example.com,Jaipur,Rajasthan,North
C08019,Neha Rajput,neha.rajput8019@example.com,Bhubaneswar,Odisha,East
C08020,Aditi Agarwal,aditi.agarwal8020@example.com,Kolkata,West Bengal,East
C08021,Sahil Agarwal,sahil.agarwal8021@example.com,Lucknow,Uttar Pradesh,North
C08022,Rohan Patel,rohan.patel8022@example.com,Bengaluru,Karnataka,South
C08023,Simran Yadav,simran.yadav8023@example.com,Mumbai,Maharashtra,West
C08024,Rohan Sharma,rohan.sharma8024@example.com,Surat,Gujarat,West
C08025,Vikash Agarwal,vikash.agarwal8025@example.com,Kochi,Kerala,South
C08026,Vikash Kumar,vikash.kumar8026@example.com,Kolkata,West Bengal,East
C08027,Simran Agarwal,simran.agarwal8027@example.com,Chandigarh,Chandigarh,North
C08028,Aarav Rajput,aarav.rajput8028@example.com,Kolkata,West Bengal,East
C08029,Neha Singh,neha.singh8029@example.com,Bhubaneswar,Odisha,East
C08030,Simran Agarwal,simran.agarwal8030@example.com,Kolkata,West Bengal,East
C08031,Vikash Verma,vikash.verma8031@example.com,Hyderabad,Telangana,South
C08032,Neha Agarwal,neha.agarwal8032@example.com,Chandigarh,Chandigarh,North
C08033,Simran Agarwal,simran.agarwal8033@example.com,Ahmedabad,Gujarat,West
C08034,Karan Patel,karan.patel8034@example.com,Patna,Bihar,East
C08035,Neha Mishra,neha.mishra8035@example.com,Bhubaneswar,Odisha,East
C08036,Kavya Yadav,kavya.yadav8036@example.com,Mumbai,Maharashtra,West
C08037,Ananya Rajput,ananya.rajput8037@example.com,Delhi,Delhi,North
C08038,Sahil Singh,sahil.singh8038@example.com,Ahmedabad,Gujarat,West
C08039,Ankit Mishra,ankit.mishra8039@example.com,Mumbai,Maharashtra,West
C08040,Aditya Mishra,aditya.mishra8040@example.com,Surat,Gujarat,West
C08041,Aditi Verma,aditi.verma8041@example.com,Kanpur,Uttar Pradesh,North
C08042,Priya Verma,priya.verma8042@example.com,Pune,Maharashtra,West
C08043,Aditi Singh,aditi.singh8043@example.com,Chandigarh,Chandigarh,North
C08044,Rohan Rajput,rohan.rajput8044@example.com,Delhi,Delhi,North
C08045,Aarav Sharma,aarav.sharma8045@example.com,Lucknow,Uttar Pradesh,North
C08046,Sahil Gupta,sahil.gupta8046@example.com,Jaipur,Rajasthan,North
C08047,Sneha Rajput,sneha.rajput8047@example.com,Chandigarh,Chandigarh,North
C08048,Aditi Singh,aditi.singh8048@example.com,Bengaluru,Karnataka,South
C08049,Aman Sharma,aman.sharma8049@example.com,Bengaluru,Karnataka,South
C08050,Simran Singh,simran.singh8050@example.com,Pune,Maharashtra,West
C08051,Sahil Singh,sahil.singh8051@example.com,Delhi,Delhi,North
C08052,Karan Mishra,karan.mishra8052@example.com,Patna,Bihar,East
C08053,Priya Kumar,priya.kumar8053@example.com,Patna,Bihar,East
C08054,Rohan Sharma,rohan.sharma8054@example.com,Kolkata,West Bengal,East
C08055,Priya Rajput,priya.rajput8055@example.com,Bengaluru,Karnataka,South
C08056,Vikash Kumar,vikash.kumar8056@example.com,Bengaluru,Karnataka,South
C08057,Aarav Patel,aarav.patel8057@example.com,Chandigarh,Chandigarh,North
C08058,Aditya Mishra,aditya.mishra8058@example.com,Mumbai,Maharashtra,West
C08059,Aman Patel,aman.patel8059@example.com,Ahmedabad,Gujarat,West
C08060,Aarav Agarwal,aarav.agarwal8060@example.com,Patna,Bihar,East
C08061,Pooja Rajput,pooja.rajput8061@example.com,Kanpur,Uttar Pradesh,North
C08062,Aditi Gupta,aditi.gupta8062@example.com,Kochi,Kerala,South
C08063,Rohan Agarwal,rohan.agarwal8063@example.com,Jaipur,Rajasthan,North
C08064,Ananya Rajput,ananya.rajput8064@example.com,Chandigarh,Chandigarh,North
C08065,Aarav Singh,aarav.singh8065@example.com,Patna,Bihar,East
C08066,Ananya Verma,ananya.verma8066@example.com,Delhi,Delhi,North
C08067,Sneha Agarwal,sneha.agarwal8067@example.com,Kolkata,West Bengal,East
C08068,Pooja Singh,pooja.singh8068@example.com,Kolkata,West Bengal,East
C08069,Simran Patel,simran.patel8069@example.com,Patna,Bihar,East
C08070,Rohan Gupta,rohan.gupta8070@example.com,Delhi,Delhi,North
C08071,Sahil Verma,sahil.verma8071@example.com,Bengaluru,Karnataka,South
C08072,Kavya Gupta,kavya.gupta8072@example.com,Kanpur,Uttar Pradesh,North
C08073,Vikash Patel,vikash.patel8073@example.com,Ahmedabad,Gujarat,West
C08074,Arjun Verma,arjun.verma8074@example.com,Patna,Bihar,East
C08075,Aditi Patel,aditi.patel8075@example.com,Kochi,Kerala,South
C08076,Rahul Sharma,rahul.sharma8076@example.com,Jaipur,Rajasthan,North
C08077,Kavya Yadav,kavya.yadav8077@example.com,Patna,Bihar,East
C08078,Karan Kumar,karan.kumar8078@example.com,Lucknow,Uttar Pradesh,North
C08079,Kavya Patel,kavya.patel8079@example.com,Jaipur,Rajasthan,North
C08080,Aman Rajput,aman.rajput8080@example.com,Lucknow,Uttar Pradesh,North
C08081,Simran Kumar,simran.kumar8081@example.com,Jaipur,Rajasthan,North
C08082,Rohan Patel,rohan.patel8082@example.com,Lucknow,Uttar Pradesh,North
C08083,Simran Verma,simran.verma8083@example.com,Patna,Bihar,East
C08084,Karan Verma,karan.verma8084@example.com,Bhubaneswar,Odisha,East
C08085,Aditya Verma,aditya.verma8085@example.com,Bengaluru,Karnataka,South
C08086,Vikash Gupta,vikash.gupta8086@example.com,Bengaluru,Karnataka,South
C08087,Ankit Yadav,ankit.yadav8087@example.com,Bengaluru,Karnataka,South
C08088,Riya Agarwal,riya.agarwal8088@example.com,Delhi,Delhi,North
C08089,Ankit Yadav,ankit.yadav8089@example.com,Kolkata,West Bengal,East
C08090,Aarav Yadav,aarav.yadav8090@example.com,Kolkata,West Bengal,East
C08091,Rohan Verma,rohan.verma8091@example.com,Chennai,Tamil Nadu,South
C08092,Arjun Sharma,arjun.sharma8092@example.com,Patna,Bihar,East
C08093,Pooja Patel,pooja.patel8093@example.com,Lucknow,Uttar Pradesh,North
C08094,Aditi Singh,aditi.singh8094@example.com,Patna,Bihar,East
C08095,Aditya Mishra,aditya.mishra8095@example.com,Hyderabad,Telangana,South
C08096,Arjun Yadav,arjun.yadav8096@example.com,Ahmedabad,Gujarat,West
C08097,Vikash Mishra,vikash.mishra8097@example.com,Hyderabad,Telangana,South
C08098,Arjun Gupta,arjun.gupta8098@example.com,Hyderabad,Telangana,South
C08099,Neha Verma,neha.verma8099@example.com,Surat,Gujarat,West
C08100,Aditya Agarwal,aditya.agarwal8100@example.com,Lucknow,Uttar Pradesh,North
C08101,Riya Patel,riya.patel8101@example.com,Delhi,Delhi,North
C08102,Ananya Patel,ananya.patel8102@example.com,Lucknow,Uttar Pradesh,North
C08103,Rahul Patel,rahul.patel8103@example.com,Bhubaneswar,Odisha,East
C08104,Ankit Gupta,ankit.gupta8104@example.com,Kochi,Kerala,South
C08105,Ananya Verma,ananya.verma8105@example.com,Kanpur,Uttar Pradesh,North
C08106,Neha Sharma,neha.sharma8106@example.com,Patna,Bihar,East
C08107,Kavya Sharma,kavya.sharma8107@example.com,Jaipur,Rajasthan,North
C08108,Sahil Sharma,sahil.sharma8108@example.com,Ahmedabad,Gujarat,West
C08109,Aarav Gupta,aarav.gupta8109@example.com,Chennai,Tamil Nadu,South
C08110,Sahil Singh,sahil.singh8110@example.com,Surat,Gujarat,West
C08111,Aarav Verma,aarav.verma8111@example.com,Chandigarh,Chandigarh,North
C08112,Vikash Singh,vikash.singh8112@example.com,Delhi,Delhi,North
C08113,Karan Agarwal,karan.agarwal8113@example.com,Kochi,Kerala,South
C08114,Neha Kumar,neha.kumar8114@example.com,Jaipur,Rajasthan,North
C08115,Aman Mishra,aman.mishra8115@example.com,Hyderabad,Telangana,South
C08116,Riya Mishra,riya.mishra8116@example.com,Kochi,Kerala,South
C08117,Ankit Sharma,ankit.sharma8117@example.com,Bhubaneswar,Odisha,East
C08118,Riya Mishra,riya.mishra8118@example.com,Delhi,Delhi,North
C08119,Rohan Rajput,rohan.rajput8119@example.com,Chennai,Tamil Nadu,South
C08120,Vikash Agarwal,vikash.agarwal8120@example.com,Chennai,Tamil Nadu,South
C08121,Arjun Rajput,arjun.rajput8121@example.com,Bengaluru,Karnataka,South
C08122,Pooja Agarwal,pooja.agarwal8122@example.com,Pune,Maharashtra,West
C08123,Karan Verma,karan.verma8123@example.com,Chennai,Tamil Nadu,South
C08124,Pooja Kumar,pooja.kumar8124@example.com,Pune,Maharashtra,West
C08125,Aditya Verma,aditya.verma8125@example.com,Bhubaneswar,Odisha,East
C08126,Sahil Gupta,sahil.gupta8126@example.com,Delhi,Delhi,North
C08127,Isha Mishra,isha.mishra8127@example.com,Jaipur,Rajasthan,North
C08128,Pooja Yadav,pooja.yadav8128@example.com,Jaipur,Rajasthan,North
C08129,Isha Agarwal,isha.agarwal8129@example.com,Patna,Bihar,East
C08130,Aditya Agarwal,aditya.agarwal8130@example.com,Mumbai,Maharashtra,West
C08131,Aditya Singh,aditya.singh8131@example.com,Lucknow,Uttar Pradesh,North
C08132,Riya Gupta,riya.gupta8132@example.com,Ahmedabad,Gujarat,West
C08133,Arjun Singh,arjun.singh8133@example.com,Pune,Maharashtra,West
C08134,Rohan Rajput,rohan.rajput8134@example.com,Kochi,Kerala,South
C08135,Rahul Singh,rahul.singh8135@example.com,Chennai,Tamil Nadu,South
C08136,Riya Gupta,riya.gupta8136@example.com,Chennai,Tamil Nadu,South
C08137,Riya Sharma,riya.sharma8137@example.com,Chennai,Tamil Nadu,South
C08138,Vikash Rajput,vikash.rajput8138@example.com,Ahmedabad,Gujarat,West
C08139,Vikash Singh,vikash.singh8139@example.com,Kanpur,Uttar Pradesh,North
C08140,Aditi Rajput,aditi.rajput8140@example.com,Jaipur,Rajasthan,North
C08141,Sahil Yadav,sahil.yadav8141@example.com,Mumbai,Maharashtra,West
C08142,Rohan Sharma,rohan.sharma8142@example.com,Chennai,Tamil Nadu,South
C08143,Aman Agarwal,aman.agarwal8143@example.com,Patna,Bihar,East
C08144,Aarav Yadav,aarav.yadav8144@example.com,Patna,Bihar,East
C08145,Ankit Patel,ankit.patel8145@example.com,Surat,Gujarat,West
C08146,Sahil Yadav,sahil.yadav8146@example.com,Jaipur,Rajasthan,North
C08147,Riya Kumar,riya.kumar8147@example.com,Pune,Maharashtra,West
C08148,Arjun Yadav,arjun.yadav8148@example.com,Lucknow,Uttar Pradesh,North
C08149,Sahil Rajput,sahil.rajput8149@example.com,Lucknow,Uttar Pradesh,North
C08150,Aditi Agarwal,aditi.agarwal8150@example.com,Chennai,Tamil Nadu,South
C08151,Aman Agarwal,aman.agarwal8151@example.com,Surat,Gujarat,West
C08152,Pooja Yadav,pooja.yadav8152@example.com,Kochi,Kerala,South
C08153,Pooja Kumar,pooja.kumar8153@example.com,Kolkata,West Bengal,East
C08154,Vikash Verma,vikash.verma8154@example.com,Chennai,Tamil Nadu,South
C08155,Simran Rajput,simran.rajput8155@example.com,Delhi,Delhi,North
C08156,Ananya Verma,ananya.verma8156@example.com,Delhi,Delhi,North
C08157,Rohan Rajput,rohan.rajput8157@example.com,Lucknow,Uttar Pradesh,North
C08158,Riya Gupta,riya.gupta8158@example.com,Delhi,Delhi,North
C08159,Rohan Patel,rohan.patel8159@example.com,Patna,Bihar,East
C08160,Riya Yadav,riya.yadav8160@example.com,Delhi,Delhi,North
C08161,Karan Rajput,karan.rajput8161@example.com,Kochi,Kerala,South
C08162,Aditya Patel,aditya.patel8162@example.com,Jaipur,Rajasthan,North
C08163,Neha Verma,neha.verma8163@example.com,Jaipur,Rajasthan,North
C08164,Neha Rajput,neha.rajput8164@example.com,Ahmedabad,Gujarat,West
C08165,Pooja Sharma,pooja.sharma8165@example.com,Hyderabad,Telangana,South
C08166,Aditya Kumar,aditya.kumar8166@example.com,Lucknow,Uttar Pradesh,North
C08167,Pooja Gupta,pooja.gupta8167@example.com,Delhi,Delhi,North
C08168,Aditi Mishra,aditi.mishra8168@example.com,Kanpur,Uttar Pradesh,North
C08169,Aarav Verma,aarav.verma8169@example.com,Jaipur,Rajasthan,North
C08170,Simran Singh,simran.singh8170@example.com,Mumbai,Maharashtra,West
C08171,Aditya Verma,aditya.verma8171@example.com,Delhi,Delhi,North
C08172,Rohan Patel,rohan.patel8172@example.com,Chandigarh,Chandigarh,North
C08173,Aarav Agarwal,aarav.agarwal8173@example.com,Surat,Gujarat,West
C08174,Priya Kumar,priya.kumar8174@example.com,Pune,Maharashtra,West
C08175,Sneha Patel,sneha.patel8175@example.com,Bhubaneswar,Odisha,East
C08176,Aditi Patel,aditi.patel8176@example.com,Ahmedabad,Gujarat,West
C08177,Rahul Agarwal,rahul.agarwal8177@example.com,Mumbai,Maharashtra,West
C08178,Neha Sharma,neha.sharma8178@example.com,Jaipur,Rajasthan,North
C08179,Aditi Mishra,aditi.mishra8179@example.com,Kolkata,West Bengal,East
C08180,Aditya Kumar,aditya.kumar8180@example.com,Bhubaneswar,Odisha,East
C08181,Ananya Yadav,ananya.yadav8181@example.com,Bengaluru,Karnataka,South
C08182,Priya Gupta,priya.gupta8182@example.com,Surat,Gujarat,West
C08183,Simran Kumar,simran.kumar8183@example.com,Jaipur,Rajasthan,North
C08184,Priya Gupta,priya.gupta8184@example.com,Bengaluru,Karnataka,South
C08185,Sahil Patel,sahil.patel8185@example.com,Ahmedabad,Gujarat,West
C08186,Isha Singh,isha.singh8186@example.com,Kanpur,Uttar Pradesh,North
C08187,Riya Sharma,riya.sharma8187@example.com,Kanpur,Uttar Pradesh,North
C08188,Riya Agarwal,riya.agarwal8188@example.com,Kochi,Kerala,South
C08189,Ananya Patel,ananya.patel8189@example.com,Pune,Maharashtra,West
C08190,Sahil Gupta,sahil.gupta8190@example.com,Chennai,Tamil Nadu,South
C08191,Neha Rajput,neha.rajput8191@example.com,Mumbai,Maharashtra,West
C08192,Vikash Agarwal,vikash.agarwal8192@example.com,Hyderabad,Telangana,South
C08193,Rohan Singh,rohan.singh8193@example.com,Patna,Bihar,East
C08194,Aditi Yadav,aditi.yadav8194@example.com,Jaipur,Rajasthan,North
C08195,Priya Rajput,priya.rajput8195@example.com,Kochi,Kerala,South
C08196,Aarav Verma,aarav.verma8196@example.com,Kolkata,West Bengal,East
C08197,Rahul Rajput,rahul.rajput8197@example.com,Chandigarh,Chandigarh,North
C08198,Sahil Mishra,sahil.mishra8198@example.com,Kolkata,West Bengal,East
C08199,Aarav Yadav,aarav.yadav8199@example.com,Delhi,Delhi,North
C08200,Sahil Yadav,sahil.yadav8200@example.com,Chandigarh,Chandigarh,North
C08201,Pooja Rajput,pooja.rajput8201@example.com,Delhi,Delhi,North
C08202,Rohan Verma,rohan.verma8202@example.com,Hyderabad,Telangana,South
C08203,Arjun Patel,arjun.patel8203@example.com,Hyderabad,Telangana,South
C08204,Aarav Singh,aarav.singh8204@example.com,Hyderabad,Telangana,South
C08205,Karan Sharma,karan.sharma8205@example.com,Lucknow,Uttar Pradesh,North
C08206,Sneha Verma,sneha.verma8206@example.com,Lucknow,Uttar Pradesh,North
C08207,Pooja Yadav,pooja.yadav8207@example.com,Kanpur,Uttar Pradesh,North
C08208,Priya Rajput,priya.rajput8208@example.com,Jaipur,Rajasthan,North
C08209,Ananya Mishra,ananya.mishra8209@example.com,Bhubaneswar,Odisha,East
C08210,Simran Sharma,simran.sharma8210@example.com,Hyderabad,Telangana,South
C08211,Rohan Kumar,rohan.kumar8211@example.com,Surat,Gujarat,West
C08212,Sahil Singh,sahil.singh8212@example.com,Pune,Maharashtra,West
C08213,Aman Agarwal,aman.agarwal8213@example.com,Chennai,Tamil Nadu,South
C08214,Sahil Yadav,sahil.yadav8214@example.com,Surat,Gujarat,West
C08215,Aditya Rajput,aditya.rajput8215@example.com,Surat,Gujarat,West
C08216,Ananya Verma,ananya.verma8216@example.com,Kanpur,Uttar Pradesh,North
C08217,Priya Yadav,priya.yadav8217@example.com,Jaipur,Rajasthan,North
C08218,Priya Yadav,priya.yadav8218@example.com,Kanpur,Uttar Pradesh,North
C08219,Simran Singh,simran.singh8219@example.com,Kochi,Kerala,South
C08220,Pooja Gupta,pooja.gupta8220@example.com,Kochi,Kerala,South
C08221,Simran Verma,simran.verma8221@example.com,Kolkata,West Bengal,East
C08222,Priya Rajput,priya.rajput8222@example.com,Kanpur,Uttar Pradesh,North
C08223,Riya Verma,riya.verma8223@example.com,Pune,Maharashtra,West
C08224,Priya Agarwal,priya.agarwal8224@example.com,Patna,Bihar,East
C08225,Ankit Mishra,ankit.mishra8225@example.com,Bhubaneswar,Odisha,East
C08226,Neha Mishra,neha.mishra8226@example.com,Delhi,Delhi,North
C08227,Ananya Yadav,ananya.yadav8227@example.com,Jaipur,Rajasthan,North
C08228,Vikash Verma,vikash.verma8228@example.com,Patna,Bihar,East
C08229,Kavya Singh,kavya.singh8229@example.com,Surat,Gujarat,West
C08230,Aman Sharma,aman.sharma8230@example.com,Kanpur,Uttar Pradesh,North
C08231,Simran Kumar,simran.kumar8231@example.com,Mumbai,Maharashtra,West
C08232,Aarav Agarwal,aarav.agarwal8232@example.com,Hyderabad,Telangana,South
C08233,Pooja Yadav,pooja.yadav8233@example.com,Ahmedabad,Gujarat,West
C08234,Karan Verma,karan.verma8234@example.com,Chandigarh,Chandigarh,North
C08235,Aditi Yadav,aditi.yadav8235@example.com,Pune,Maharashtra,West
C08236,Rohan Verma,rohan.verma8236@example.com,Kochi,Kerala,South
C08237,Sahil Gupta,sahil.gupta8237@example.com,Jaipur,Rajasthan,North
C08238,Vikash Mishra,vikash.mishra8238@example.com,Chandigarh,Chandigarh,North
C08239,Priya Verma,priya.verma8239@example.com,Mumbai,Maharashtra,West
C08240,Neha Yadav,neha.yadav8240@example.com,Kochi,Kerala,South
C08241,Aditi Agarwal,aditi.agarwal8241@example.com,Mumbai,Maharashtra,West
C08242,Ankit Kumar,ankit.kumar8242@example.com,Bhubaneswar,Odisha,East
C08243,Kavya Verma,kavya.verma8243@example.com,Mumbai,Maharashtra,West
C08244,Aman Mishra,aman.mishra8244@example.com,Chennai,Tamil Nadu,South
C08245,Rohan Sharma,rohan.sharma8245@example.com,Chandigarh,Chandigarh,North
C08246,Aman Kumar,aman.kumar8246@example.com,Delhi,Delhi,North
C08247,Simran Singh,simran.singh8247@example.com,Surat,Gujarat,West
C08248,Aarav Singh,aarav.singh8248@example.com,Kolkata,West Bengal,East
C08249,Aditi Verma,aditi.verma8249@example.com,Ahmedabad,Gujarat,West
C08250,Vikash Mishra,vikash.mishra8250@example.com,Surat,Gujarat,West
C08251,Sahil Kumar,sahil.kumar8251@example.com,Pune,Maharashtra,West
C08252,Sahil Yadav,sahil.yadav8252@example.com,Lucknow,Uttar Pradesh,North
C08253,Aditi Agarwal,aditi.agarwal8253@example.com,Chandigarh,Chandigarh,North
C08254,Aditi Sharma,aditi.sharma8254@example.com,Patna,Bihar,East
C08255,Priya Patel,priya.patel8255@example.com,Lucknow,Uttar Pradesh,North
C08256,Priya Gupta,priya.gupta8256@example.com,Chennai,Tamil Nadu,South
C08257,Rohan Rajput,rohan.rajput8257@example.com,Jaipur,Rajasthan,North
C08258,Sneha Patel,sneha.patel8258@example.com,Kolkata,West Bengal,East
C08259,Simran Agarwal,simran.agarwal8259@example.com,Lucknow,Uttar Pradesh,North
C08260,Karan Mishra,karan.mishra8260@example.com,Ahmedabad,Gujarat,West
C08261,Rahul Sharma,rahul.sharma8261@example.com,Delhi,Delhi,North
C08262,Neha Gupta,neha.gupta8262@example.com,Ahmedabad,Gujarat,West
C08263,Karan Kumar,karan.kumar8263@example.com,Mumbai,Maharashtra,West
C08264,Pooja Kumar,pooja.kumar8264@example.com,Chandigarh,Chandigarh,North
C08265,Kavya Yadav,kavya.yadav8265@example.com,Bhubaneswar,Odisha,East
C08266,Sneha Verma,sneha.verma8266@example.com,Pune,Maharashtra,West
C08267,Arjun Rajput,arjun.rajput8267@example.com,Jaipur,Rajasthan,North
C08268,Neha Rajput,neha.rajput8268@example.com,Bengaluru,Karnataka,South
C08269,Kavya Sharma,kavya.sharma8269@example.com,Bhubaneswar,Odisha,East
C08270,Aarav Verma,aarav.verma8270@example.com,Hyderabad,Telangana,South
C08271,Aditya Verma,aditya.verma8271@example.com,Kochi,Kerala,South
C08272,Aditya Patel,aditya.patel8272@example.com,Chennai,Tamil Nadu,South
C08273,Vikash Agarwal,vikash.agarwal8273@example.com,Bengaluru,Karnataka,South
C08274,Rohan Gupta,rohan.gupta8274@example.com,Lucknow,Uttar Pradesh,North
C08275,Aditya Yadav,aditya.yadav8275@example.com,Bengaluru,Karnataka,South
C08276,Aditya Kumar,aditya.kumar8276@example.com,Patna,Bihar,East
C08277,Ankit Sharma,ankit.sharma8277@example.com,Kolkata,West Bengal,East
C08278,Kavya Patel,kavya.patel8278@example.com,Mumbai,Maharashtra,West
C08279,Pooja Yadav,pooja.yadav8279@example.com,Kolkata,West Bengal,East
C08280,Rohan Patel,rohan.patel8280@example.com,Delhi,Delhi,North
C08281,Pooja Kumar,pooja.kumar8281@example.com,Delhi,Delhi,North
C08282,Aditya Verma,aditya.verma8282@example.com,Kochi,Kerala,South
C08283,Karan Mishra,karan.mishra8283@example.com,Hyderabad,Telangana,South
C08284,Neha Gupta,neha.gupta8284@example.com,Kolkata,West Bengal,East
C08285,Arjun Gupta,arjun.gupta8285@example.com,Bhubaneswar,Odisha,East
C08286,Ankit Patel,ankit.patel8286@example.com,Patna,Bihar,East
C08287,Simran Verma,simran.verma8287@example.com,Kanpur,Uttar Pradesh,North
C08288,Isha Verma,isha.verma8288@example.com,Patna,Bihar,East
C08289,Simran Mishra,simran.mishra8289@example.com,Surat,Gujarat,West
C08290,Aditi Singh,aditi.singh8290@example.com,Surat,Gujarat,West
C08291,Aditi Mishra,aditi.mishra8291@example.com,Kolkata,West Bengal,East
C08292,Aditya Agarwal,aditya.agarwal8292@example.com,Chennai,Tamil Nadu,South
C08293,Priya Sharma,priya.sharma8293@example.com,Bengaluru,Karnataka,South
C08294,Aditi Verma,aditi.verma8294@example.com,Chandigarh,Chandigarh,North
C08295,Pooja Rajput,pooja.rajput8295@example.com,Bengaluru,Karnataka,South
C08296,Karan Kumar,karan.kumar8296@example.com,Chandigarh,Chandigarh,North
C08297,Aman Agarwal,aman.agarwal8297@example.com,Surat,Gujarat,West
C08298,Neha Singh,neha.singh8298@example.com,Chandigarh,Chandigarh,North
C08299,Rahul Kumar,rahul.kumar8299@example.com,Lucknow,Uttar Pradesh,North
C08300,Rahul Patel,rahul.patel8300@example.com,Bengaluru,Karnataka,South
C08301,Riya Patel,riya.patel8301@example.com,Ahmedabad,Gujarat,West
C08302,Ankit Sharma,ankit.sharma8302@example.com,Delhi,Delhi,North
C08303,Arjun Kumar,arjun.kumar8303@example.com,Bhubaneswar,Odisha,East
C08304,Pooja Kumar,pooja.kumar8304@example.com,Chandigarh,Chandigarh,North
C08305,Karan Agarwal,karan.agarwal8305@example.com,Bengaluru,Karnataka,South
C08306,Kavya Gupta,kavya.gupta8306@example.com,Mumbai,Maharashtra,West
C08307,Vikash Patel,vikash.patel8307@example.com,Kochi,Kerala,South
C08308,Sneha Mishra,sneha.mishra8308@example.com,Patna,Bihar,East
C08309,Arjun Mishra,arjun.mishra8309@example.com,Chandigarh,Chandigarh,North
C08310,Rohan Verma,rohan.verma8310@example.com,Bhubaneswar,Odisha,East
C08311,Isha Mishra,isha.mishra8311@example.com,Patna,Bihar,East
C08312,Aditya Patel,aditya.patel8312@example.com,Bengaluru,Karnataka,South
C08313,Arjun Rajput,arjun.rajput8313@example.com,Jaipur,Rajasthan,North
C08314,Neha Singh,neha.singh8314@example.com,Pune,Maharashtra,West
C08315,Ankit Agarwal,ankit.agarwal8315@example.com,Hyderabad,Telangana,South
C08316,Neha Gupta,neha.gupta8316@example.com,Bhubaneswar,Odisha,East
C08317,Simran Agarwal,simran.agarwal8317@example.com,Surat,Gujarat,West
C08318,Neha Sharma,neha.sharma8318@example.com,Chennai,Tamil Nadu,South
C08319,Isha Rajput,isha.rajput8319@example.com,Bhubaneswar,Odisha,East
C08320,Aditi Gupta,aditi.gupta8320@example.com,Kochi,Kerala,South
C08321,Karan Mishra,karan.mishra8321@example.com,Ahmedabad,Gujarat,West
C08322,Aarav Agarwal,aarav.agarwal8322@example.com,Bhubaneswar,Odisha,East
C08323,Rohan Verma,rohan.verma8323@example.com,Kochi,Kerala,South
C08324,Rahul Sharma,rahul.sharma8324@example.com,Jaipur,Rajasthan,North
C08325,Simran Kumar,simran.kumar8325@example.com,Kolkata,West Bengal,East
C08326,Arjun Rajput,arjun.rajput8326@example.com,Kochi,Kerala,South
C08327,Rohan Sharma,rohan.sharma8327@example.com,Kanpur,Uttar Pradesh,North
C08328,Pooja Patel,pooja.patel8328@example.com,Hyderabad,Telangana,South
C08329,Priya Yadav,priya.yadav8329@example.com,Kolkata,West Bengal,East
C08330,Ankit Patel,ankit.patel8330@example.com,Patna,Bihar,East
C08331,Isha Rajput,isha.rajput8331@example.com,Chennai,Tamil Nadu,South
C08332,Priya Patel,priya.patel8332@example.com,Patna,Bihar,East
C08333,Ananya Singh,ananya.singh8333@example.com,Mumbai,Maharashtra,West
C08334,Ankit Yadav,ankit.yadav8334@example.com,Kolkata,West Bengal,East
C08335,Ankit Sharma,ankit.sharma8335@example.com,Delhi,Delhi,North
C08336,Aditya Rajput,aditya.rajput8336@example.com,Bhubaneswar,Odisha,East
C08337,Priya Mishra,priya.mishra8337@example.com,Kolkata,West Bengal,East
C08338,Isha Kumar,isha.kumar8338@example.com,Bengaluru,Karnataka,South
C08339,Aditya Patel,aditya.patel8339@example.com,Lucknow,Uttar Pradesh,North
C08340,Pooja Rajput,pooja.rajput8340@example.com,Hyderabad,Telangana,South
C08341,Ankit Patel,ankit.patel8341@example.com,Kanpur,Uttar Pradesh,North
C08342,Rohan Kumar,rohan.kumar8342@example.com,Surat,Gujarat,West
C08343,Sahil Gupta,sahil.gupta8343@example.com,Lucknow,Uttar Pradesh,North
C08344,Isha Agarwal,isha.agarwal8344@example.com,Patna,Bihar,East
C08345,Sahil Sharma,sahil.sharma8345@example.com,Chandigarh,Chandigarh,North
C08346,Karan Verma,karan.verma8346@example.com,Kolkata,West Bengal,East
C08347,Riya Rajput,riya.rajput8347@example.com,Delhi,Delhi,North
C08348,Isha Verma,isha.verma8348@example.com,Chennai,Tamil Nadu,South
C08349,Kavya Sharma,kavya.sharma8349@example.com,Lucknow,Uttar Pradesh,North
C08350,Sneha Sharma,sneha.sharma8350@example.com,Ahmedabad,Gujarat,West
C08351,Pooja Verma,pooja.verma8351@example.com,Jaipur,Rajasthan,North
C08352,Aditi Gupta,aditi.gupta8352@example.com,Surat,Gujarat,West
C08353,Rohan Verma,rohan.verma8353@example.com,Kolkata,West Bengal,East
C08354,Aditya Kumar,aditya.kumar8354@example.com,Jaipur,Rajasthan,North
C08355,Priya Sharma,priya.sharma8355@example.com,Ahmedabad,Gujarat,West
C08356,Aarav Agarwal,aarav.agarwal8356@example.com,Surat,Gujarat,West
C08357,Arjun Verma,arjun.verma8357@example.com,Surat,Gujarat,West
C08358,Simran Sharma,simran.sharma8358@example.com,Kolkata,West Bengal,East
C08359,Arjun Agarwal,arjun.agarwal8359@example.com,Patna,Bihar,East
C08360,Aditi Yadav,aditi.yadav8360@example.com,Patna,Bihar,East
C08361,Rohan Gupta,rohan.gupta8361@example.com,Chennai,Tamil Nadu,South
C08362,Rohan Mishra,rohan.mishra8362@example.com,Surat,Gujarat,West
C08363,Rahul Verma,rahul.verma8363@example.com,Hyderabad,Telangana,South
C08364,Neha Agarwal,neha.agarwal8364@example.com,Surat,Gujarat,West
C08365,Isha Sharma,isha.sharma8365@example.com,Bengaluru,Karnataka,South
C08366,Priya Sharma,priya.sharma8366@example.com,Bhubaneswar,Odisha,East
C08367,Karan Patel,karan.patel8367@example.com,Kochi,Kerala,South
C08368,Kavya Gupta,kavya.gupta8368@example.com,Delhi,Delhi,North
C08369,Simran Patel,simran.patel8369@example.com,Patna,Bihar,East
C08370,Aman Agarwal,aman.agarwal8370@example.com,Surat,Gujarat,West
C08371,Aarav Patel,aarav.patel8371@example.com,Jaipur,Rajasthan,North
C08372,Rohan Rajput,rohan.rajput8372@example.com,Delhi,Delhi,North
C08373,Vikash Agarwal,vikash.agarwal8373@example.com,Surat,Gujarat,West
C08374,Ankit Kumar,ankit.kumar8374@example.com,Jaipur,Rajasthan,North
C08375,Aman Singh,aman.singh8375@example.com,Hyderabad,Telangana,South
C08376,Isha Agarwal,isha.agarwal8376@example.com,Chandigarh,Chandigarh,North
C08377,Priya Mishra,priya.mishra8377@example.com,Surat,Gujarat,West
C08378,Aditi Sharma,aditi.sharma8378@example.com,Bhubaneswar,Odisha,East
C08379,Karan Gupta,karan.gupta8379@example.com,Chandigarh,Chandigarh,North
C08380,Aditya Verma,aditya.verma8380@example.com,Kanpur,Uttar Pradesh,North
C08381,Simran Yadav,simran.yadav8381@example.com,Bhubaneswar,Odisha,East
C08382,Kavya Gupta,kavya.gupta8382@example.com,Kolkata,West Bengal,East
C08383,Sneha Patel,sneha.patel8383@example.com,Hyderabad,Telangana,South
C08384,Rahul Gupta,rahul.gupta8384@example.com,Lucknow,Uttar Pradesh,North
C08385,Isha Rajput,isha.rajput8385@example.com,Surat,Gujarat,West
C08386,Isha Kumar,isha.kumar8386@example.com,Pune,Maharashtra,West
C08387,Aarav Mishra,aarav.mishra8387@example.com,Chandigarh,Chandigarh,North
C08388,Aditi Patel,aditi.patel8388@example.com,Kochi,Kerala,South
C08389,Isha Gupta,isha.gupta8389@example.com,Kanpur,Uttar Pradesh,North
C08390,Simran Rajput,simran.rajput8390@example.com,Mumbai,Maharashtra,West
C08391,Aman Verma,aman.verma8391@example.com,Mumbai,Maharashtra,West
C08392,Pooja Sharma,pooja.sharma8392@example.com,Hyderabad,Telangana,South
C08393,Riya Rajput,riya.rajput8393@example.com,Surat,Gujarat,West
C08394,Vikash Yadav,vikash.yadav8394@example.com,Kolkata,West Bengal,East
C08395,Kavya Gupta,kavya.gupta8395@example.com,Pune,Maharashtra,West
C08396,Rahul Yadav,rahul.yadav8396@example.com,Pune,Maharashtra,West
C08397,Aarav Rajput,aarav.rajput8397@example.com,Kochi,Kerala,South
C08398,Vikash Agarwal,vikash.agarwal8398@example.com,Pune,Maharashtra,West
C08399,Arjun Patel,arjun.patel8399@example.com,Lucknow,Uttar Pradesh,North
C08400,Isha Singh,isha.singh8400@example.com,Bhubaneswar,Odisha,East
C08401,Riya Mishra,riya.mishra8401@example.com,Chandigarh,Chandigarh,North
C08402,Sahil Kumar,sahil.kumar8402@example.com,Kochi,Kerala,South
C08403,Ananya Patel,ananya.patel8403@example.com,Bengaluru,Karnataka,South
C08404,Pooja Agarwal,pooja.agarwal8404@example.com,Delhi,Delhi,North
C08405,Pooja Kumar,pooja.kumar8405@example.com,Ahmedabad,Gujarat,West
C08406,Rohan Yadav,rohan.yadav8406@example.com,Chandigarh,Chandigarh,North
C08407,Aman Yadav,aman.yadav8407@example.com,Kanpur,Uttar Pradesh,North
C08408,Sneha Agarwal,sneha.agarwal8408@example.com,Delhi,Delhi,North
C08409,Rohan Kumar,rohan.kumar8409@example.com,Ahmedabad,Gujarat,West
C08410,Kavya Agarwal,kavya.agarwal8410@example.com,Jaipur,Rajasthan,North
C08411,Aditya Rajput,aditya.rajput8411@example.com,Chennai,Tamil Nadu,South
C08412,Ankit Mishra,ankit.mishra8412@example.com,Bhubaneswar,Odisha,East
C08413,Aditya Mishra,aditya.mishra8413@example.com,Surat,Gujarat,West
C08414,Sneha Yadav,sneha.yadav8414@example.com,Chennai,Tamil Nadu,South
C08415,Ankit Singh,ankit.singh8415@example.com,Bhubaneswar,Odisha,East
C08416,Pooja Yadav,pooja.yadav8416@example.com,Chennai,Tamil Nadu,South
C08417,Priya Verma,priya.verma8417@example.com,Lucknow,Uttar Pradesh,North
C08418,Riya Mishra,riya.mishra8418@example.com,Jaipur,Rajasthan,North
C08419,Sneha Verma,sneha.verma8419@example.com,Bhubaneswar,Odisha,East
C08420,Isha Singh,isha.singh8420@example.com,Hyderabad,Telangana,South
C08421,Simran Singh,simran.singh8421@example.com,Chennai,Tamil Nadu,South
C08422,Kavya Agarwal,kavya.agarwal8422@example.com,Jaipur,Rajasthan,North
C08423,Riya Agarwal,riya.agarwal8423@example.com,Bengaluru,Karnataka,South
C08424,Ananya Mishra,ananya.mishra8424@example.com,Kochi,Kerala,South
C08425,Vikash Rajput,vikash.rajput8425@example.com,Pune,Maharashtra,West
C08426,Isha Gupta,isha.gupta8426@example.com,Bhubaneswar,Odisha,East
C08427,Pooja Verma,pooja.verma8427@example.com,Delhi,Delhi,North
C08428,Rohan Sharma,rohan.sharma8428@example.com,Patna,Bihar,East
C08429,Neha Singh,neha.singh8429@example.com,Chandigarh,Chandigarh,North
C08430,Aman Agarwal,aman.agarwal8430@example.com,Kochi,Kerala,South
C08431,Rahul Kumar,rahul.kumar8431@example.com,Kanpur,Uttar Pradesh,North
C08432,Aditi Sharma,aditi.sharma8432@example.com,Chennai,Tamil Nadu,South
C08433,Arjun Mishra,arjun.mishra8433@example.com,Kanpur,Uttar Pradesh,North
C08434,Rohan Agarwal,rohan.agarwal8434@example.com,Kochi,Kerala,South
C08435,Rahul Mishra,rahul.mishra8435@example.com,Chandigarh,Chandigarh,North
C08436,Aarav Yadav,aarav.yadav8436@example.com,Delhi,Delhi,North
C08437,Neha Rajput,neha.rajput8437@example.com,Jaipur,Rajasthan,North
C08438,Rahul Sharma,rahul.sharma8438@example.com,Bhubaneswar,Odisha,East
C08439,Simran Kumar,simran.kumar8439@example.com,Ahmedabad,Gujarat,West
C08440,Kavya Kumar,kavya.kumar8440@example.com,Chandigarh,Chandigarh,North
C08441,Neha Mishra,neha.mishra8441@example.com,Ahmedabad,Gujarat,West
C08442,Aman Gupta,aman.gupta8442@example.com,Kolkata,West Bengal,East
C08443,Sahil Agarwal,sahil.agarwal8443@example.com,Bhubaneswar,Odisha,East
C08444,Aditya Verma,aditya.verma8444@example.com,Chennai,Tamil Nadu,South
C08445,Aditya Rajput,aditya.rajput8445@example.com,Patna,Bihar,East
C08446,Priya Yadav,priya.yadav8446@example.com,Kolkata,West Bengal,East
C08447,Isha Verma,isha.verma8447@example.com,Pune,Maharashtra,West
C08448,Priya Patel,priya.patel8448@example.com,Bhubaneswar,Odisha,East
C08449,Aarav Yadav,aarav.yadav8449@example.com,Bhubaneswar,Odisha,East
C08450,Aman Singh,aman.singh8450@example.com,Mumbai,Maharashtra,West
C08451,Karan Singh,karan.singh8451@example.com,Chennai,Tamil Nadu,South
C08452,Priya Patel,priya.patel8452@example.com,Jaipur,Rajasthan,North
C08453,Priya Yadav,priya.yadav8453@example.com,Jaipur,Rajasthan,North
C08454,Ananya Kumar,ananya.kumar8454@example.com,Lucknow,Uttar Pradesh,North
C08455,Isha Yadav,isha.yadav8455@example.com,Ahmedabad,Gujarat,West
C08456,Isha Gupta,isha.gupta8456@example.com,Surat,Gujarat,West
C08457,Ankit Sharma,ankit.sharma8457@example.com,Bengaluru,Karnataka,South
C08458,Ananya Mishra,ananya.mishra8458@example.com,Pune,Maharashtra,West
C08459,Rahul Singh,rahul.singh8459@example.com,Bengaluru,Karnataka,South
C08460,Arjun Gupta,arjun.gupta8460@example.com,Patna,Bihar,East
C08461,Aditya Singh,aditya.singh8461@example.com,Chandigarh,Chandigarh,North
C08462,Aman Patel,aman.patel8462@example.com,Jaipur,Rajasthan,North
C08463,Karan Rajput,karan.rajput8463@example.com,Bhubaneswar,Odisha,East
C08464,Rahul Patel,rahul.patel8464@example.com,Kochi,Kerala,South
C08465,Riya Agarwal,riya.agarwal8465@example.com,Lucknow,Uttar Pradesh,North
C08466,Aditya Agarwal,aditya.agarwal8466@example.com,Bhubaneswar,Odisha,East
C08467,Sneha Agarwal,sneha.agarwal8467@example.com,Bhubaneswar,Odisha,East
C08468,Riya Sharma,riya.sharma8468@example.com,Chandigarh,Chandigarh,North
C08469,Aman Gupta,aman.gupta8469@example.com,Surat,Gujarat,West
C08470,Ananya Rajput,ananya.rajput8470@example.com,Bengaluru,Karnataka,South
C08471,Ankit Rajput,ankit.rajput8471@example.com,Patna,Bihar,East
C08472,Simran Gupta,simran.gupta8472@example.com,Delhi,Delhi,North
C08473,Aman Rajput,aman.rajput8473@example.com,Kolkata,West Bengal,East
C08474,Sahil Sharma,sahil.sharma8474@example.com,Lucknow,Uttar Pradesh,North
C08475,Pooja Verma,pooja.verma8475@example.com,Chandigarh,Chandigarh,North
C08476,Aditi Patel,aditi.patel8476@example.com,Patna,Bihar,East
C08477,Karan Yadav,karan.yadav8477@example.com,Pune,Maharashtra,West
C08478,Rahul Patel,rahul.patel8478@example.com,Patna,Bihar,East
C08479,Ananya Yadav,ananya.yadav8479@example.com,Mumbai,Maharashtra,West
C08480,Aditi Kumar,aditi.kumar8480@example.com,Bhubaneswar,Odisha,East
C08481,Aman Singh,aman.singh8481@example.com,Kochi,Kerala,South
C08482,Riya Verma,riya.verma8482@example.com,Jaipur,Rajasthan,North
C08483,Rohan Agarwal,rohan.agarwal8483@example.com,Lucknow,Uttar Pradesh,North
C08484,Priya Mishra,priya.mishra8484@example.com,Hyderabad,Telangana,South
C08485,Sahil Kumar,sahil.kumar8485@example.com,Ahmedabad,Gujarat,West
C08486,Aman Kumar,aman.kumar8486@example.com,Bengaluru,Karnataka,South
C08487,Arjun Rajput,arjun.rajput8487@example.com,Hyderabad,Telangana,South
C08488,Arjun Mishra,arjun.mishra8488@example.com,Hyderabad,Telangana,South
C08489,Ankit Mishra,ankit.mishra8489@example.com,Ahmedabad,Gujarat,West
C08490,Simran Rajput,simran.rajput8490@example.com,Kochi,Kerala,South
C08491,Aarav Yadav,aarav.yadav8491@example.com,Pune,Maharashtra,West
C08492,Sahil Gupta,sahil.gupta8492@example.com,Kochi,Kerala,South
C08493,Kavya Gupta,kavya.gupta8493@example.com,Kochi,Kerala,South
C08494,Vikash Singh,vikash.singh8494@example.com,Hyderabad,Telangana,South
C08495,Simran Patel,simran.patel8495@example.com,Bengaluru,Karnataka,South
C08496,Arjun Yadav,arjun.yadav8496@example.com,Surat,Gujarat,West
C08497,Aditi Singh,aditi.singh8497@example.com,Kolkata,West Bengal,East
C08498,Arjun Yadav,arjun.yadav8498@example.com,Delhi,Delhi,North
C08499,Priya Sharma,priya.sharma8499@example.com,Mumbai,Maharashtra,West
C08500,Vikash Singh,vikash.singh8500@example.com,Kanpur,Uttar Pradesh,North
C08501,Neha Agarwal,neha.agarwal8501@example.com,Lucknow,Uttar Pradesh,North
C08502,Sahil Singh,sahil.singh8502@example.com,Ahmedabad,Gujarat,West
C08503,Sahil Gupta,sahil.gupta8503@example.com,Patna,Bihar,East
C08504,Neha Sharma,neha.sharma8504@example.com,Surat,Gujarat,West
C08505,Riya Verma,riya.verma8505@example.com,Patna,Bihar,East
C08506,Sneha Gupta,sneha.gupta8506@example.com,Delhi,Delhi,North
C08507,Rohan Agarwal,rohan.agarwal8507@example.com,Chandigarh,Chandigarh,North
C08508,Riya Rajput,riya.rajput8508@example.com,Bengaluru,Karnataka,South
C08509,Aman Verma,aman.verma8509@example.com,Delhi,Delhi,North
C08510,Rohan Rajput,rohan.rajput8510@example.com,Hyderabad,Telangana,South
C08511,Aarav Agarwal,aarav.agarwal8511@example.com,Kochi,Kerala,South
C08512,Vikash Singh,vikash.singh8512@example.com,Pune,Maharashtra,West
C08513,Pooja Rajput,pooja.rajput8513@example.com,Bhubaneswar,Odisha,East
C08514,Sneha Singh,sneha.singh8514@example.com,Kochi,Kerala,South
C08515,Pooja Rajput,pooja.rajput8515@example.com,Kolkata,West Bengal,East
C08516,Arjun Sharma,arjun.sharma8516@example.com,Chandigarh,Chandigarh,North
C08517,Priya Rajput,priya.rajput8517@example.com,Ahmedabad,Gujarat,West
C08518,Ankit Kumar,ankit.kumar8518@example.com,Jaipur,Rajasthan,North
C08519,Rohan Kumar,rohan.kumar8519@example.com,Chandigarh,Chandigarh,North
C08520,Aman Gupta,aman.gupta8520@example.com,Jaipur,Rajasthan,North
C08521,Arjun Verma,arjun.verma8521@example.com,Bhubaneswar,Odisha,East
C08522,Pooja Mishra,pooja.mishra8522@example.com,Ahmedabad,Gujarat,West
C08523,Pooja Yadav,pooja.yadav8523@example.com,Hyderabad,Telangana,South
C08524,Aditi Sharma,aditi.sharma8524@example.com,Kanpur,Uttar Pradesh,North
C08525,Kavya Yadav,kavya.yadav8525@example.com,Lucknow,Uttar Pradesh,North
C08526,Priya Kumar,priya.kumar8526@example.com,Bengaluru,Karnataka,South
C08527,Ankit Rajput,ankit.rajput8527@example.com,Kanpur,Uttar Pradesh,North
C08528,Ankit Gupta,ankit.gupta8528@example.com,Delhi,Delhi,North
C08529,Aditi Kumar,aditi.kumar8529@example.com,Pune,Maharashtra,West
C08530,Aman Patel,aman.patel8530@example.com,Lucknow,Uttar Pradesh,North
C08531,Sneha Gupta,sneha.gupta8531@example.com,Kochi,Kerala,South
C08532,Ananya Rajput,ananya.rajput8532@example.com,Bengaluru,Karnataka,South
C08533,Rohan Rajput,rohan.rajput8533@example.com,Jaipur,Rajasthan,North
C08534,Rahul Mishra,rahul.mishra8534@example.com,Kochi,Kerala,South
C08535,Aman Yadav,aman.yadav8535@example.com,Chandigarh,Chandigarh,North
C08536,Neha Verma,neha.verma8536@example.com,Lucknow,Uttar Pradesh,North
C08537,Simran Agarwal,simran.agarwal8537@example.com,Hyderabad,Telangana,South
C08538,Neha Agarwal,neha.agarwal8538@example.com,Chennai,Tamil Nadu,South
C08539,Ananya Agarwal,ananya.agarwal8539@example.com,Mumbai,Maharashtra,West
C08540,Vikash Yadav,vikash.yadav8540@example.com,Bhubaneswar,Odisha,East
C08541,Neha Gupta,neha.gupta8541@example.com,Lucknow,Uttar Pradesh,North
C08542,Sahil Agarwal,sahil.agarwal8542@example.com,Jaipur,Rajasthan,North
C08543,Aarav Verma,aarav.verma8543@example.com,Chennai,Tamil Nadu,South
C08544,Aarav Kumar,aarav.kumar8544@example.com,Chennai,Tamil Nadu,South
C08545,Priya Singh,priya.singh8545@example.com,Pune,Maharashtra,West
C08546,Ankit Gupta,ankit.gupta8546@example.com,Surat,Gujarat,West
C08547,Riya Rajput,riya.rajput8547@example.com,Patna,Bihar,East
C08548,Rohan Kumar,rohan.kumar8548@example.com,Ahmedabad,Gujarat,West
C08549,Simran Sharma,simran.sharma8549@example.com,Bengaluru,Karnataka,South
C08550,Kavya Verma,kavya.verma8550@example.com,Ahmedabad,Gujarat,West
C08551,Arjun Gupta,arjun.gupta8551@example.com,Hyderabad,Telangana,South
C08552,Ankit Rajput,ankit.rajput8552@example.com,Lucknow,Uttar Pradesh,North
C08553,Ananya Yadav,ananya.yadav8553@example.com,Bengaluru,Karnataka,South
C08554,Simran Verma,simran.verma8554@example.com,Chandigarh,Chandigarh,North
C08555,Ananya Singh,ananya.singh8555@example.com,Kanpur,Uttar Pradesh,North
C08556,Ankit Agarwal,ankit.agarwal8556@example.com,Bhubaneswar,Odisha,East
C08557,Isha Mishra,isha.mishra8557@example.com,Bhubaneswar,Odisha,East
C08558,Simran Patel,simran.patel8558@example.com,Pune,Maharashtra,West
C08559,Arjun Kumar,arjun.kumar8559@example.com,Delhi,Delhi,North
C08560,Sahil Sharma,sahil.sharma8560@example.com,Chennai,Tamil Nadu,South
C08561,Sahil Verma,sahil.verma8561@example.com,Bhubaneswar,Odisha,East
C08562,Kavya Rajput,kavya.rajput8562@example.com,Kolkata,West Bengal,East
C08563,Rahul Mishra,rahul.mishra8563@example.com,Pune,Maharashtra,West
C08564,Aditya Mishra,aditya.mishra8564@example.com,Hyderabad,Telangana,South
C08565,Isha Sharma,isha.sharma8565@example.com,Jaipur,Rajasthan,North
C08566,Rahul Mishra,rahul.mishra8566@example.com,Patna,Bihar,East
C08567,Aman Singh,aman.singh8567@example.com,Bengaluru,Karnataka,South
C08568,Karan Agarwal,karan.agarwal8568@example.com,Lucknow,Uttar Pradesh,North
C08569,Priya Singh,priya.singh8569@example.com,Lucknow,Uttar Pradesh,North
C08570,Ankit Verma,ankit.verma8570@example.com,Kolkata,West Bengal,East
C08571,Kavya Mishra,kavya.mishra8571@example.com,Kolkata,West Bengal,East
C08572,Vikash Singh,vikash.singh8572@example.com,Delhi,Delhi,North
C08573,Kavya Mishra,kavya.mishra8573@example.com,Lucknow,Uttar Pradesh,North
C08574,Riya Yadav,riya.yadav8574@example.com,Kanpur,Uttar Pradesh,North
C08575,Aditya Agarwal,aditya.agarwal8575@example.com,Kochi,Kerala,South
C08576,Isha Patel,isha.patel8576@example.com,Kolkata,West Bengal,East
C08577,Sahil Kumar,sahil.kumar8577@example.com,Chennai,Tamil Nadu,South
C08578,Sneha Sharma,sneha.sharma8578@example.com,Kolkata,West Bengal,East
C08579,Riya Sharma,riya.sharma8579@example.com,Chandigarh,Chandigarh,North
C08580,Pooja Agarwal,pooja.agarwal8580@example.com,Pune,Maharashtra,West
C08581,Aman Singh,aman.singh8581@example.com,Hyderabad,Telangana,South
C08582,Ankit Kumar,ankit.kumar8582@example.com,Pune,Maharashtra,West
C08583,Aarav Rajput,aarav.rajput8583@example.com,Jaipur,Rajasthan,North
C08584,Aditya Kumar,aditya.kumar8584@example.com,Pune,Maharashtra,West
C08585,Aditya Kumar,aditya.kumar8585@example.com,Kolkata,West Bengal,East
C08586,Priya Patel,priya.patel8586@example.com,Delhi,Delhi,North
C08587,Priya Kumar,priya.kumar8587@example.com,Mumbai,Maharashtra,West
C08588,Sahil Singh,sahil.singh8588@example.com,Kanpur,Uttar Pradesh,North
C08589,Sahil Kumar,sahil.kumar8589@example.com,Delhi,Delhi,North
C08590,Neha Rajput,neha.rajput8590@example.com,Patna,Bihar,East
C08591,Aditya Singh,aditya.singh8591@example.com,Chennai,Tamil Nadu,South
C08592,Arjun Gupta,arjun.gupta8592@example.com,Chennai,Tamil Nadu,South
C08593,Simran Agarwal,simran.agarwal8593@example.com,Chandigarh,Chandigarh,North
C08594,Aarav Singh,aarav.singh8594@example.com,Kochi,Kerala,South
C08595,Pooja Verma,pooja.verma8595@example.com,Pune,Maharashtra,West
C08596,Isha Kumar,isha.kumar8596@example.com,Chandigarh,Chandigarh,North
C08597,Rohan Kumar,rohan.kumar8597@example.com,Surat,Gujarat,West
C08598,Aditya Sharma,aditya.sharma8598@example.com,Chennai,Tamil Nadu,South
C08599,Aman Agarwal,aman.agarwal8599@example.com,Chandigarh,Chandigarh,North
C08600,Vikash Kumar,vikash.kumar8600@example.com,Jaipur,Rajasthan,North
C08601,Ananya Rajput,ananya.rajput8601@example.com,Chandigarh,Chandigarh,North
C08602,Aarav Singh,aarav.singh8602@example.com,Jaipur,Rajasthan,North
C08603,Arjun Singh,arjun.singh8603@example.com,Pune,Maharashtra,West
C08604,Ankit Mishra,ankit.mishra8604@example.com,Bengaluru,Karnataka,South
C08605,Karan Verma,karan.verma8605@example.com,Kanpur,Uttar Pradesh,North
C08606,Karan Verma,karan.verma8606@example.com,Mumbai,Maharashtra,West
C08607,Ananya Kumar,ananya.kumar8607@example.com,Kochi,Kerala,South
C08608,Rahul Verma,rahul.verma8608@example.com,Mumbai,Maharashtra,West
C08609,Aman Agarwal,aman.agarwal8609@example.com,Surat,Gujarat,West
C08610,Priya Rajput,priya.rajput8610@example.com,Bengaluru,Karnataka,South
C08611,Priya Kumar,priya.kumar8611@example.com,Pune,Maharashtra,West
C08612,Sahil Kumar,sahil.kumar8612@example.com,Kochi,Kerala,South
C08613,Sahil Gupta,sahil.gupta8613@example.com,Bhubaneswar,Odisha,East
C08614,Pooja Sharma,pooja.sharma8614@example.com,Mumbai,Maharashtra,West
C08615,Ankit Agarwal,ankit.agarwal8615@example.com,Kolkata,West Bengal,East
C08616,Pooja Verma,pooja.verma8616@example.com,Surat,Gujarat,West
C08617,Vikash Sharma,vikash.sharma8617@example.com,Hyderabad,Telangana,South
C08618,Aman Rajput,aman.rajput8618@example.com,Bhubaneswar,Odisha,East
C08619,Kavya Verma,kavya.verma8619@example.com,Surat,Gujarat,West
C08620,Simran Mishra,simran.mishra8620@example.com,Hyderabad,Telangana,South
C08621,Vikash Agarwal,vikash.agarwal8621@example.com,Patna,Bihar,East
C08622,Aman Patel,aman.patel8622@example.com,Kochi,Kerala,South
C08623,Arjun Patel,arjun.patel8623@example.com,Mumbai,Maharashtra,West
C08624,Neha Rajput,neha.rajput8624@example.com,Hyderabad,Telangana,South
C08625,Priya Agarwal,priya.agarwal8625@example.com,Lucknow,Uttar Pradesh,North
C08626,Ankit Yadav,ankit.yadav8626@example.com,Kochi,Kerala,South
C08627,Vikash Patel,vikash.patel8627@example.com,Ahmedabad,Gujarat,West
C08628,Isha Sharma,isha.sharma8628@example.com,Kolkata,West Bengal,East
C08629,Pooja Gupta,pooja.gupta8629@example.com,Kanpur,Uttar Pradesh,North
C08630,Ankit Yadav,ankit.yadav8630@example.com,Hyderabad,Telangana,South
C08631,Aman Verma,aman.verma8631@example.com,Kochi,Kerala,South
C08632,Simran Patel,simran.patel8632@example.com,Mumbai,Maharashtra,West
C08633,Sahil Yadav,sahil.yadav8633@example.com,Surat,Gujarat,West
C08634,Neha Rajput,neha.rajput8634@example.com,Chennai,Tamil Nadu,South
C08635,Aman Patel,aman.patel8635@example.com,Pune,Maharashtra,West
C08636,Riya Agarwal,riya.agarwal8636@example.com,Kolkata,West Bengal,East
C08637,Rohan Agarwal,rohan.agarwal8637@example.com,Chennai,Tamil Nadu,South
C08638,Aman Kumar,aman.kumar8638@example.com,Bengaluru,Karnataka,South
C08639,Karan Rajput,karan.rajput8639@example.com,Patna,Bihar,East
C08640,Simran Kumar,simran.kumar8640@example.com,Bengaluru,Karnataka,South
C08641,Rahul Patel,rahul.patel8641@example.com,Patna,Bihar,East
C08642,Arjun Kumar,arjun.kumar8642@example.com,Bhubaneswar,Odisha,East
C08643,Pooja Verma,pooja.verma8643@example.com,Ahmedabad,Gujarat,West
C08644,Priya Gupta,priya.gupta8644@example.com,Pune,Maharashtra,West
C08645,Sahil Rajput,sahil.rajput8645@example.com,Chennai,Tamil Nadu,South
C08646,Isha Rajput,isha.rajput8646@example.com,Ahmedabad,Gujarat,West
C08647,Simran Sharma,simran.sharma8647@example.com,Kolkata,West Bengal,East
C08648,Rahul Rajput,rahul.rajput8648@example.com,Chandigarh,Chandigarh,North
C08649,Sahil Agarwal,sahil.agarwal8649@example.com,Patna,Bihar,East
C08650,Simran Verma,simran.verma8650@example.com,Lucknow,Uttar Pradesh,North
C08651,Pooja Singh,pooja.singh8651@example.com,Hyderabad,Telangana,South
C08652,Aman Mishra,aman.mishra8652@example.com,Lucknow,Uttar Pradesh,North
C08653,Rahul Rajput,rahul.rajput8653@example.com,Pune,Maharashtra,West
C08654,Sneha Singh,sneha.singh8654@example.com,Delhi,Delhi,North
C08655,Aman Sharma,aman.sharma8655@example.com,Patna,Bihar,East
C08656,Karan Yadav,karan.yadav8656@example.com,Chandigarh,Chandigarh,North
C08657,Neha Sharma,neha.sharma8657@example.com,Patna,Bihar,East
C08658,Vikash Sharma,vikash.sharma8658@example.com,Kanpur,Uttar Pradesh,North
C08659,Ankit Mishra,ankit.mishra8659@example.com,Kolkata,West Bengal,East
C08660,Kavya Mishra,kavya.mishra8660@example.com,Delhi,Delhi,North
C08661,Riya Kumar,riya.kumar8661@example.com,Kochi,Kerala,South
C08662,Ankit Agarwal,ankit.agarwal8662@example.com,Pune,Maharashtra,West
C08663,Rahul Kumar,rahul.kumar8663@example.com,Kanpur,Uttar Pradesh,North
C08664,Sahil Rajput,sahil.rajput8664@example.com,Pune,Maharashtra,West
C08665,Simran Gupta,simran.gupta8665@example.com,Bhubaneswar,Odisha,East
C08666,Neha Kumar,neha.kumar8666@example.com,Chennai,Tamil Nadu,South
C08667,Ankit Kumar,ankit.kumar8667@example.com,Mumbai,Maharashtra,West
C08668,Neha Gupta,neha.gupta8668@example.com,Hyderabad,Telangana,South
C08669,Neha Verma,neha.verma8669@example.com,Pune,Maharashtra,West
C08670,Aditi Singh,aditi.singh8670@example.com,Bhubaneswar,Odisha,East
C08671,Rohan Agarwal,rohan.agarwal8671@example.com,Bengaluru,Karnataka,South
C08672,Aarav Verma,aarav.verma8672@example.com,Kochi,Kerala,South
C08673,Simran Gupta,simran.gupta8673@example.com,Lucknow,Uttar Pradesh,North
C08674,Rahul Kumar,rahul.kumar8674@example.com,Kolkata,West Bengal,East
C08675,Neha Gupta,neha.gupta8675@example.com,Bhubaneswar,Odisha,East
C08676,Arjun Agarwal,arjun.agarwal8676@example.com,Kolkata,West Bengal,East
C08677,Sneha Sharma,sneha.sharma8677@example.com,Kolkata,West Bengal,East
C08678,Riya Verma,riya.verma8678@example.com,Pune,Maharashtra,West
C08679,Priya Verma,priya.verma8679@example.com,Kanpur,Uttar Pradesh,North
C08680,Aditya Singh,aditya.singh8680@example.com,Kochi,Kerala,South
C08681,Rahul Kumar,rahul.kumar8681@example.com,Hyderabad,Telangana,South
C08682,Simran Sharma,simran.sharma8682@example.com,Kanpur,Uttar Pradesh,North
C08683,Neha Verma,neha.verma8683@example.com,Surat,Gujarat,West
C08684,Simran Sharma,simran.sharma8684@example.com,Lucknow,Uttar Pradesh,North
C08685,Karan Verma,karan.verma8685@example.com,Ahmedabad,Gujarat,West
C08686,Ankit Gupta,ankit.gupta8686@example.com,Pune,Maharashtra,West
C08687,Kavya Rajput,kavya.rajput8687@example.com,Patna,Bihar,East
C08688,Karan Gupta,karan.gupta8688@example.com,Kanpur,Uttar Pradesh,North
C08689,Sahil Sharma,sahil.sharma8689@example.com,Surat,Gujarat,West
C08690,Arjun Sharma,arjun.sharma8690@example.com,Lucknow,Uttar Pradesh,North
C08691,Pooja Yadav,pooja.yadav8691@example.com,Pune,Maharashtra,West
C08692,Aditya Singh,aditya.singh8692@example.com,Surat,Gujarat,West
C08693,Riya Singh,riya.singh8693@example.com,Kanpur,Uttar Pradesh,North
C08694,Neha Sharma,neha.sharma8694@example.com,Bengaluru,Karnataka,South
C08695,Simran Agarwal,simran.agarwal8695@example.com,Lucknow,Uttar Pradesh,North
C08696,Aarav Sharma,aarav.sharma8696@example.com,Bengaluru,Karnataka,South
C08697,Vikash Sharma,vikash.sharma8697@example.com,Chandigarh,Chandigarh,North
C08698,Isha Mishra,isha.mishra8698@example.com,Kolkata,West Bengal,East
C08699,Pooja Singh,pooja.singh8699@example.com,Kochi,Kerala,South
C08700,Riya Sharma,riya.sharma8700@example.com,Lucknow,Uttar Pradesh,North
C08701,Aditi Agarwal,aditi.agarwal8701@example.com,Jaipur,Rajasthan,North
C08702,Aman Gupta,aman.gupta8702@example.com,Chandigarh,Chandigarh,North
C08703,Rahul Verma,rahul.verma8703@example.com,Surat,Gujarat,West
C08704,Isha Patel,isha.patel8704@example.com,Bengaluru,Karnataka,South
C08705,Riya Gupta,riya.gupta8705@example.com,Chandigarh,Chandigarh,North
C08706,Aditya Verma,aditya.verma8706@example.com,Chennai,Tamil Nadu,South
C08707,Karan Singh,karan.singh8707@example.com,Kolkata,West Bengal,East
C08708,Aditya Yadav,aditya.yadav8708@example.com,Kanpur,Uttar Pradesh,North
C08709,Kavya Agarwal,kavya.agarwal8709@example.com,Kanpur,Uttar Pradesh,North
C08710,Karan Mishra,karan.mishra8710@example.com,Kochi,Kerala,South
C08711,Aditya Singh,aditya.singh8711@example.com,Chennai,Tamil Nadu,South
C08712,Kavya Singh,kavya.singh8712@example.com,Lucknow,Uttar Pradesh,North
C08713,Kavya Singh,kavya.singh8713@example.com,Pune,Maharashtra,West
C08714,Rohan Singh,rohan.singh8714@example.com,Bengaluru,Karnataka,South
C08715,Aarav Kumar,aarav.kumar8715@example.com,Bengaluru,Karnataka,South
C08716,Sneha Sharma,sneha.sharma8716@example.com,Mumbai,Maharashtra,West
C08717,Isha Mishra,isha.mishra8717@example.com,Lucknow,Uttar Pradesh,North
C08718,Sahil Singh,sahil.singh8718@example.com,Kanpur,Uttar Pradesh,North
C08719,Rohan Mishra,rohan.mishra8719@example.com,Bhubaneswar,Odisha,East
C08720,Sahil Patel,sahil.patel8720@example.com,Chandigarh,Chandigarh,North
C08721,Kavya Singh,kavya.singh8721@example.com,Pune,Maharashtra,West
C08722,Pooja Yadav,pooja.yadav8722@example.com,Hyderabad,Telangana,South
C08723,Kavya Rajput,kavya.rajput8723@example.com,Bengaluru,Karnataka,South
C08724,Pooja Verma,pooja.verma8724@example.com,Lucknow,Uttar Pradesh,North
C08725,Aman Mishra,aman.mishra8725@example.com,Lucknow,Uttar Pradesh,North
C08726,Aditya Yadav,aditya.yadav8726@example.com,Bengaluru,Karnataka,South
C08727,Aditi Singh,aditi.singh8727@example.com,Kochi,Kerala,South
C08728,Rahul Agarwal,rahul.agarwal8728@example.com,Bengaluru,Karnataka,South
C08729,Vikash Verma,vikash.verma8729@example.com,Chandigarh,Chandigarh,North
C08730,Rahul Patel,rahul.patel8730@example.com,Bengaluru,Karnataka,South
C08731,Aditya Singh,aditya.singh8731@example.com,Ahmedabad,Gujarat,West
C08732,Arjun Patel,arjun.patel8732@example.com,Pune,Maharashtra,West
C08733,Priya Sharma,priya.sharma8733@example.com,Kolkata,West Bengal,East
C08734,Aditi Rajput,aditi.rajput8734@example.com,Mumbai,Maharashtra,West
C08735,Neha Singh,neha.singh8735@example.com,Kolkata,West Bengal,East
C08736,Riya Gupta,riya.gupta8736@example.com,Hyderabad,Telangana,South
C08737,Priya Kumar,priya.kumar8737@example.com,Chennai,Tamil Nadu,South
C08738,Vikash Yadav,vikash.yadav8738@example.com,Bengaluru,Karnataka,South
C08739,Arjun Sharma,arjun.sharma8739@example.com,Chandigarh,Chandigarh,North
C08740,Ananya Gupta,ananya.gupta8740@example.com,Patna,Bihar,East
C08741,Arjun Yadav,arjun.yadav8741@example.com,Surat,Gujarat,West
C08742,Isha Mishra,isha.mishra8742@example.com,Hyderabad,Telangana,South
C08743,Pooja Rajput,pooja.rajput8743@example.com,Bengaluru,Karnataka,South
C08744,Isha Agarwal,isha.agarwal8744@example.com,Ahmedabad,Gujarat,West
C08745,Aditya Sharma,aditya.sharma8745@example.com,Hyderabad,Telangana,South
C08746,Rahul Agarwal,rahul.agarwal8746@example.com,Chennai,Tamil Nadu,South
C08747,Pooja Yadav,pooja.yadav8747@example.com,Hyderabad,Telangana,South
C08748,Neha Verma,neha.verma8748@example.com,Hyderabad,Telangana,South
C08749,Ananya Mishra,ananya.mishra8749@example.com,Bengaluru,Karnataka,South
C08750,Rohan Kumar,rohan.kumar8750@example.com,Bhubaneswar,Odisha,East
C08751,Arjun Yadav,arjun.yadav8751@example.com,Chandigarh,Chandigarh,North
C08752,Neha Rajput,neha.rajput8752@example.com,Chandigarh,Chandigarh,North
C08753,Ananya Rajput,ananya.rajput8753@example.com,Hyderabad,Telangana,South
C08754,Aarav Gupta,aarav.gupta8754@example.com,Kochi,Kerala,South
C08755,Aarav Yadav,aarav.yadav8755@example.com,Delhi,Delhi,North
C08756,Aditya Singh,aditya.singh8756@example.com,Bengaluru,Karnataka,South
C08757,Ankit Singh,ankit.singh8757@example.com,Ahmedabad,Gujarat,West
C08758,Aarav Rajput,aarav.rajput8758@example.com,Kolkata,West Bengal,East
C08759,Vikash Gupta,vikash.gupta8759@example.com,Jaipur,Rajasthan,North
C08760,Isha Yadav,isha.yadav8760@example.com,Kanpur,Uttar Pradesh,North
C08761,Aarav Sharma,aarav.sharma8761@example.com,Kolkata,West Bengal,East
C08762,Pooja Mishra,pooja.mishra8762@example.com,Jaipur,Rajasthan,North
C08763,Ankit Singh,ankit.singh8763@example.com,Patna,Bihar,East
C08764,Rohan Mishra,rohan.mishra8764@example.com,Chandigarh,Chandigarh,North
C08765,Aarav Yadav,aarav.yadav8765@example.com,Kolkata,West Bengal,East
C08766,Vikash Verma,vikash.verma8766@example.com,Kanpur,Uttar Pradesh,North
C08767,Rahul Patel,rahul.patel8767@example.com,Mumbai,Maharashtra,West
C08768,Rohan Verma,rohan.verma8768@example.com,Chandigarh,Chandigarh,North
C08769,Riya Kumar,riya.kumar8769@example.com,Mumbai,Maharashtra,West
C08770,Vikash Mishra,vikash.mishra8770@example.com,Chandigarh,Chandigarh,North
C08771,Sahil Sharma,sahil.sharma8771@example.com,Surat,Gujarat,West
C08772,Kavya Patel,kavya.patel8772@example.com,Chandigarh,Chandigarh,North
C08773,Isha Verma,isha.verma8773@example.com,Hyderabad,Telangana,South
C08774,Aditi Agarwal,aditi.agarwal8774@example.com,Bengaluru,Karnataka,South
C08775,Aditya Sharma,aditya.sharma8775@example.com,Surat,Gujarat,West
C08776,Arjun Sharma,arjun.sharma8776@example.com,Surat,Gujarat,West
C08777,Sneha Agarwal,sneha.agarwal8777@example.com,Kanpur,Uttar Pradesh,North
C08778,Aman Patel,aman.patel8778@example.com,Kanpur,Uttar Pradesh,North
C08779,Rahul Verma,rahul.verma8779@example.com,Hyderabad,Telangana,South
C08780,Aarav Patel,aarav.patel8780@example.com,Pune,Maharashtra,West
C08781,Priya Yadav,priya.yadav8781@example.com,Chandigarh,Chandigarh,North
C08782,Vikash Mishra,vikash.mishra8782@example.com,Chandigarh,Chandigarh,North
C08783,Aarav Rajput,aarav.rajput8783@example.com,Bengaluru,Karnataka,South
C08784,Rahul Patel,rahul.patel8784@example.com,Patna,Bihar,East
C08785,Riya Sharma,riya.sharma8785@example.com,Bhubaneswar,Odisha,East
C08786,Isha Verma,isha.verma8786@example.com,Delhi,Delhi,North
C08787,Rohan Mishra,rohan.mishra8787@example.com,Delhi,Delhi,North
C08788,Arjun Sharma,arjun.sharma8788@example.com,Bengaluru,Karnataka,South
C08789,Rahul Agarwal,rahul.agarwal8789@example.com,Bengaluru,Karnataka,South
C08790,Priya Verma,priya.verma8790@example.com,Bengaluru,Karnataka,South
C08791,Arjun Agarwal,arjun.agarwal8791@example.com,Chennai,Tamil Nadu,South
C08792,Rohan Mishra,rohan.mishra8792@example.com,Kanpur,Uttar Pradesh,North
C08793,Ankit Gupta,ankit.gupta8793@example.com,Patna,Bihar,East
C08794,Riya Rajput,riya.rajput8794@example.com,Bhubaneswar,Odisha,East
C08795,Sahil Kumar,sahil.kumar8795@example.com,Jaipur,Rajasthan,North
C08796,Vikash Singh,vikash.singh8796@example.com,Ahmedabad,Gujarat,West
C08797,Aarav Rajput,aarav.rajput8797@example.com,Ahmedabad,Gujarat,West
C08798,Ananya Yadav,ananya.yadav8798@example.com,Delhi,Delhi,North
C08799,Aman Yadav,aman.yadav8799@example.com,Kanpur,Uttar Pradesh,North
C08800,Rohan Singh,rohan.singh8800@example.com,Ahmedabad,Gujarat,West
C08801,Aditi Yadav,aditi.yadav8801@example.com,Surat,Gujarat,West
C08802,Aman Rajput,aman.rajput8802@example.com,Delhi,Delhi,North
C08803,Priya Patel,priya.patel8803@example.com,Chennai,Tamil Nadu,South
C08804,Ananya Yadav,ananya.yadav8804@example.com,Hyderabad,Telangana,South
C08805,Simran Agarwal,simran.agarwal8805@example.com,Bengaluru,Karnataka,South
C08806,Aarav Mishra,aarav.mishra8806@example.com,Surat,Gujarat,West
C08807,Vikash Agarwal,vikash.agarwal8807@example.com,Delhi,Delhi,North
C08808,Pooja Agarwal,pooja.agarwal8808@example.com,Kolkata,West Bengal,East
C08809,Simran Sharma,simran.sharma8809@example.com,Bengaluru,Karnataka,South
C08810,Ananya Kumar,ananya.kumar8810@example.com,Kolkata,West Bengal,East
C08811,Aarav Rajput,aarav.rajput8811@example.com,Lucknow,Uttar Pradesh,North
C08812,Aditya Rajput,aditya.rajput8812@example.com,Chennai,Tamil Nadu,South
C08813,Pooja Yadav,pooja.yadav8813@example.com,Ahmedabad,Gujarat,West
C08814,Aman Yadav,aman.yadav8814@example.com,Surat,Gujarat,West
C08815,Ananya Yadav,ananya.yadav8815@example.com,Jaipur,Rajasthan,North
C08816,Arjun Rajput,arjun.rajput8816@example.com,Chennai,Tamil Nadu,South
C08817,Rohan Yadav,rohan.yadav8817@example.com,Kolkata,West Bengal,East
C08818,Arjun Verma,arjun.verma8818@example.com,Kolkata,West Bengal,East
C08819,Riya Singh,riya.singh8819@example.com,Bengaluru,Karnataka,South
C08820,Simran Mishra,simran.mishra8820@example.com,Jaipur,Rajasthan,North
C08821,Rohan Patel,rohan.patel8821@example.com,Ahmedabad,Gujarat,West
C08822,Aarav Mishra,aarav.mishra8822@example.com,Surat,Gujarat,West
C08823,Karan Yadav,karan.yadav8823@example.com,Kochi,Kerala,South
C08824,Aditi Agarwal,aditi.agarwal8824@example.com,Mumbai,Maharashtra,West
C08825,Aditi Rajput,aditi.rajput8825@example.com,Bengaluru,Karnataka,South
C08826,Ankit Gupta,ankit.gupta8826@example.com,Bhubaneswar,Odisha,East
C08827,Kavya Kumar,kavya.kumar8827@example.com,Chennai,Tamil Nadu,South
C08828,Aarav Mishra,aarav.mishra8828@example.com,Bengaluru,Karnataka,South
C08829,Vikash Verma,vikash.verma8829@example.com,Chandigarh,Chandigarh,North
C08830,Ankit Kumar,ankit.kumar8830@example.com,Pune,Maharashtra,West
C08831,Sahil Mishra,sahil.mishra8831@example.com,Delhi,Delhi,North
C08832,Aditya Gupta,aditya.gupta8832@example.com,Lucknow,Uttar Pradesh,North
C08833,Sneha Kumar,sneha.kumar8833@example.com,Bengaluru,Karnataka,South
C08834,Rahul Patel,rahul.patel8834@example.com,Chennai,Tamil Nadu,South
C08835,Aman Rajput,aman.rajput8835@example.com,Kanpur,Uttar Pradesh,North
C08836,Priya Mishra,priya.mishra8836@example.com,Chennai,Tamil Nadu,South
C08837,Priya Yadav,priya.yadav8837@example.com,Bengaluru,Karnataka,South
C08838,Simran Sharma,simran.sharma8838@example.com,Kochi,Kerala,South
C08839,Vikash Yadav,vikash.yadav8839@example.com,Kochi,Kerala,South
C08840,Aarav Kumar,aarav.kumar8840@example.com,Surat,Gujarat,West
C08841,Vikash Patel,vikash.patel8841@example.com,Bhubaneswar,Odisha,East
C08842,Aditya Verma,aditya.verma8842@example.com,Pune,Maharashtra,West
C08843,Aman Kumar,aman.kumar8843@example.com,Chennai,Tamil Nadu,South
C08844,Aditi Gupta,aditi.gupta8844@example.com,Hyderabad,Telangana,South
C08845,Vikash Verma,vikash.verma8845@example.com,Lucknow,Uttar Pradesh,North
C08846,Priya Mishra,priya.mishra8846@example.com,Chandigarh,Chandigarh,North
C08847,Isha Rajput,isha.rajput8847@example.com,Ahmedabad,Gujarat,West
C08848,Aditya Gupta,aditya.gupta8848@example.com,Delhi,Delhi,North
C08849,Rohan Agarwal,rohan.agarwal8849@example.com,Kolkata,West Bengal,East
C08850,Neha Kumar,neha.kumar8850@example.com,Lucknow,Uttar Pradesh,North
C08851,Sneha Kumar,sneha.kumar8851@example.com,Kanpur,Uttar Pradesh,North
C08852,Kavya Gupta,kavya.gupta8852@example.com,Mumbai,Maharashtra,West
C08853,Aditi Kumar,aditi.kumar8853@example.com,Chandigarh,Chandigarh,North
C08854,Aarav Gupta,aarav.gupta8854@example.com,Lucknow,Uttar Pradesh,North
C08855,Pooja Yadav,pooja.yadav8855@example.com,Mumbai,Maharashtra,West
C08856,Rahul Patel,rahul.patel8856@example.com,Ahmedabad,Gujarat,West
C08857,Simran Kumar,simran.kumar8857@example.com,Kochi,Kerala,South
C08858,Neha Agarwal,neha.agarwal8858@example.com,Pune,Maharashtra,West
C08859,Kavya Sharma,kavya.sharma8859@example.com,Kochi,Kerala,South
C08860,Aman Kumar,aman.kumar8860@example.com,Hyderabad,Telangana,South
C08861,Aditya Verma,aditya.verma8861@example.com,Kanpur,Uttar Pradesh,North
C08862,Aman Agarwal,aman.agarwal8862@example.com,Mumbai,Maharashtra,West
C08863,Isha Sharma,isha.sharma8863@example.com,Bengaluru,Karnataka,South
C08864,Riya Patel,riya.patel8864@example.com,Delhi,Delhi,North
C08865,Vikash Kumar,vikash.kumar8865@example.com,Jaipur,Rajasthan,North
C08866,Pooja Singh,pooja.singh8866@example.com,Jaipur,Rajasthan,North
C08867,Rahul Agarwal,rahul.agarwal8867@example.com,Ahmedabad,Gujarat,West
C08868,Aman Verma,aman.verma8868@example.com,Hyderabad,Telangana,South
C08869,Aditi Verma,aditi.verma8869@example.com,Patna,Bihar,East
C08870,Aditi Yadav,aditi.yadav8870@example.com,Lucknow,Uttar Pradesh,North
C08871,Aditi Sharma,aditi.sharma8871@example.com,Delhi,Delhi,North
C08872,Aditya Sharma,aditya.sharma8872@example.com,Mumbai,Maharashtra,West
C08873,Simran Patel,simran.patel8873@example.com,Kolkata,West Bengal,East
C08874,Rahul Rajput,rahul.rajput8874@example.com,Chandigarh,Chandigarh,North
C08875,Vikash Patel,vikash.patel8875@example.com,Kochi,Kerala,South
C08876,Ankit Yadav,ankit.yadav8876@example.com,Lucknow,Uttar Pradesh,North
C08877,Isha Patel,isha.patel8877@example.com,Hyderabad,Telangana,South
C08878,Aditi Gupta,aditi.gupta8878@example.com,Delhi,Delhi,North
C08879,Sneha Agarwal,sneha.agarwal8879@example.com,Chandigarh,Chandigarh,North
C08880,Aman Sharma,aman.sharma8880@example.com,Bengaluru,Karnataka,South
C08881,Ananya Verma,ananya.verma8881@example.com,Chandigarh,Chandigarh,North
C08882,Aman Singh,aman.singh8882@example.com,Kochi,Kerala,South
C08883,Sneha Yadav,sneha.yadav8883@example.com,Lucknow,Uttar Pradesh,North
C08884,Sahil Patel,sahil.patel8884@example.com,Kochi,Kerala,South
C08885,Sahil Yadav,sahil.yadav8885@example.com,Bengaluru,Karnataka,South
C08886,Aman Yadav,aman.yadav8886@example.com,Delhi,Delhi,North
C08887,Rahul Agarwal,rahul.agarwal8887@example.com,Bengaluru,Karnataka,South
C08888,Ananya Verma,ananya.verma8888@example.com,Kanpur,Uttar Pradesh,North
C08889,Arjun Yadav,arjun.yadav8889@example.com,Patna,Bihar,East
C08890,Pooja Rajput,pooja.rajput8890@example.com,Kolkata,West Bengal,East
C08891,Priya Sharma,priya.sharma8891@example.com,Hyderabad,Telangana,South
C08892,Vikash Yadav,vikash.yadav8892@example.com,Kolkata,West Bengal,East
C08893,Arjun Kumar,arjun.kumar8893@example.com,Delhi,Delhi,North
C08894,Simran Kumar,simran.kumar8894@example.com,Lucknow,Uttar Pradesh,North
C08895,Priya Yadav,priya.yadav8895@example.com,Jaipur,Rajasthan,North
C08896,Pooja Singh,pooja.singh8896@example.com,Jaipur,Rajasthan,North
C08897,Rohan Kumar,rohan.kumar8897@example.com,Ahmedabad,Gujarat,West
C08898,Arjun Singh,arjun.singh8898@example.com,Kochi,Kerala,South
C08899,Kavya Mishra,kavya.mishra8899@example.com,Bhubaneswar,Odisha,East
C08900,Aarav Rajput,aarav.rajput8900@example.com,Patna,Bihar,East
C08901,Pooja Verma,pooja.verma8901@example.com,Chennai,Tamil Nadu,South
C08902,Aman Kumar,aman.kumar8902@example.com,Chandigarh,Chandigarh,North
C08903,Karan Yadav,karan.yadav8903@example.com,Kanpur,Uttar Pradesh,North
C08904,Riya Patel,riya.patel8904@example.com,Chandigarh,Chandigarh,North
C08905,Arjun Kumar,arjun.kumar8905@example.com,Kochi,Kerala,South
C08906,Isha Gupta,isha.gupta8906@example.com,Hyderabad,Telangana,South
C08907,Pooja Verma,pooja.verma8907@example.com,Patna,Bihar,East
C08908,Arjun Singh,arjun.singh8908@example.com,Bengaluru,Karnataka,South
C08909,Rohan Agarwal,rohan.agarwal8909@example.com,Bengaluru,Karnataka,South
C08910,Karan Sharma,karan.sharma8910@example.com,Jaipur,Rajasthan,North
C08911,Aarav Verma,aarav.verma8911@example.com,Bhubaneswar,Odisha,East
C08912,Priya Verma,priya.verma8912@example.com,Chandigarh,Chandigarh,North
C08913,Aman Singh,aman.singh8913@example.com,Pune,Maharashtra,West
C08914,Rohan Gupta,rohan.gupta8914@example.com,Kolkata,West Bengal,East
C08915,Ananya Agarwal,ananya.agarwal8915@example.com,Kochi,Kerala,South
C08916,Neha Agarwal,neha.agarwal8916@example.com,Pune,Maharashtra,West
C08917,Rohan Yadav,rohan.yadav8917@example.com,Surat,Gujarat,West
C08918,Rahul Yadav,rahul.yadav8918@example.com,Pune,Maharashtra,West
C08919,Kavya Rajput,kavya.rajput8919@example.com,Chennai,Tamil Nadu,South
C08920,Simran Singh,simran.singh8920@example.com,Chennai,Tamil Nadu,South
C08921,Karan Mishra,karan.mishra8921@example.com,Chandigarh,Chandigarh,North
C08922,Aditya Singh,aditya.singh8922@example.com,Kanpur,Uttar Pradesh,North
C08923,Ankit Sharma,ankit.sharma8923@example.com,Kochi,Kerala,South
C08924,Ananya Kumar,ananya.kumar8924@example.com,Kolkata,West Bengal,East
C08925,Neha Gupta,neha.gupta8925@example.com,Mumbai,Maharashtra,West
C08926,Pooja Yadav,pooja.yadav8926@example.com,Ahmedabad,Gujarat,West
C08927,Ananya Singh,ananya.singh8927@example.com,Chandigarh,Chandigarh,North
C08928,Kavya Kumar,kavya.kumar8928@example.com,Surat,Gujarat,West
C08929,Priya Patel,priya.patel8929@example.com,Ahmedabad,Gujarat,West
C08930,Aman Yadav,aman.yadav8930@example.com,Hyderabad,Telangana,South
C08931,Neha Patel,neha.patel8931@example.com,Kochi,Kerala,South
C08932,Aditi Yadav,aditi.yadav8932@example.com,Kolkata,West Bengal,East
C08933,Ankit Mishra,ankit.mishra8933@example.com,Bhubaneswar,Odisha,East
C08934,Isha Gupta,isha.gupta8934@example.com,Kolkata,West Bengal,East
C08935,Vikash Kumar,vikash.kumar8935@example.com,Surat,Gujarat,West
C08936,Simran Gupta,simran.gupta8936@example.com,Hyderabad,Telangana,South
C08937,Rahul Sharma,rahul.sharma8937@example.com,Bengaluru,Karnataka,South
C08938,Pooja Kumar,pooja.kumar8938@example.com,Chennai,Tamil Nadu,South
C08939,Aarav Rajput,aarav.rajput8939@example.com,Chandigarh,Chandigarh,North
C08940,Simran Rajput,simran.rajput8940@example.com,Chennai,Tamil Nadu,South
C08941,Neha Mishra,neha.mishra8941@example.com,Chennai,Tamil Nadu,South
C08942,Rahul Kumar,rahul.kumar8942@example.com,Jaipur,Rajasthan,North
C08943,Pooja Kumar,pooja.kumar8943@example.com,Bhubaneswar,Odisha,East
C08944,Pooja Yadav,pooja.yadav8944@example.com,Mumbai,Maharashtra,West
C08945,Aditi Verma,aditi.verma8945@example.com,Chennai,Tamil Nadu,South
C08946,Aarav Agarwal,aarav.agarwal8946@example.com,Bhubaneswar,Odisha,East
C08947,Simran Verma,simran.verma8947@example.com,Surat,Gujarat,West
C08948,Ankit Kumar,ankit.kumar8948@example.com,Lucknow,Uttar Pradesh,North
C08949,Rohan Agarwal,rohan.agarwal8949@example.com,Kanpur,Uttar Pradesh,North
C08950,Sahil Rajput,sahil.rajput8950@example.com,Hyderabad,Telangana,South
C08951,Aarav Kumar,aarav.kumar8951@example.com,Chandigarh,Chandigarh,North
C08952,Karan Gupta,karan.gupta8952@example.com,Patna,Bihar,East
C08953,Sneha Mishra,sneha.mishra8953@example.com,Delhi,Delhi,North
C08954,Sahil Patel,sahil.patel8954@example.com,Patna,Bihar,East
C08955,Simran Yadav,simran.yadav8955@example.com,Chandigarh,Chandigarh,North
C08956,Ananya Singh,ananya.singh8956@example.com,Bengaluru,Karnataka,South
C08957,Aditya Yadav,aditya.yadav8957@example.com,Delhi,Delhi,North
C08958,Karan Verma,karan.verma8958@example.com,Chandigarh,Chandigarh,North
C08959,Arjun Gupta,arjun.gupta8959@example.com,Bhubaneswar,Odisha,East
C08960,Riya Kumar,riya.kumar8960@example.com,Ahmedabad,Gujarat,West
C08961,Karan Yadav,karan.yadav8961@example.com,Chandigarh,Chandigarh,North
C08962,Aditya Agarwal,aditya.agarwal8962@example.com,Surat,Gujarat,West
C08963,Priya Singh,priya.singh8963@example.com,Kochi,Kerala,South
C08964,Kavya Rajput,kavya.rajput8964@example.com,Bhubaneswar,Odisha,East
C08965,Aarav Rajput,aarav.rajput8965@example.com,Pune,Maharashtra,West
C08966,Pooja Verma,pooja.verma8966@example.com,Chandigarh,Chandigarh,North
C08967,Isha Rajput,isha.rajput8967@example.com,Pune,Maharashtra,West
C08968,Aarav Singh,aarav.singh8968@example.com,Lucknow,Uttar Pradesh,North
C08969,Rohan Kumar,rohan.kumar8969@example.com,Delhi,Delhi,North
C08970,Aditya Mishra,aditya.mishra8970@example.com,Bengaluru,Karnataka,South
C08971,Isha Gupta,isha.gupta8971@example.com,Chandigarh,Chandigarh,North
C08972,Neha Gupta,neha.gupta8972@example.com,Pune,Maharashtra,West
C08973,Karan Verma,karan.verma8973@example.com,Kolkata,West Bengal,East
C08974,Sneha Agarwal,sneha.agarwal8974@example.com,Kochi,Kerala,South
C08975,Aarav Mishra,aarav.mishra8975@example.com,Mumbai,Maharashtra,West
C08976,Riya Agarwal,riya.agarwal8976@example.com,Kochi,Kerala,South
C08977,Kavya Singh,kavya.singh8977@example.com,Pune,Maharashtra,West
C08978,Neha Sharma,neha.sharma8978@example.com,Chennai,Tamil Nadu,South
C08979,Ankit Agarwal,ankit.agarwal8979@example.com,Bengaluru,Karnataka,South
C08980,Pooja Agarwal,pooja.agarwal8980@example.com,Chandigarh,Chandigarh,North
C08981,Aarav Mishra,aarav.mishra8981@example.com,Hyderabad,Telangana,South
C08982,Pooja Gupta,pooja.gupta8982@example.com,Jaipur,Rajasthan,North
C08983,Rahul Verma,rahul.verma8983@example.com,Chandigarh,Chandigarh,North
C08984,Ankit Agarwal,ankit.agarwal8984@example.com,Hyderabad,Telangana,South
C08985,Arjun Agarwal,arjun.agarwal8985@example.com,Pune,Maharashtra,West
C08986,Ananya Sharma,ananya.sharma8986@example.com,Delhi,Delhi,North
C08987,Arjun Singh,arjun.singh8987@example.com,Chennai,Tamil Nadu,South
C08988,Sahil Rajput,sahil.rajput8988@example.com,Kanpur,Uttar Pradesh,North
C08989,Kavya Patel,kavya.patel8989@example.com,Jaipur,Rajasthan,North
C08990,Riya Sharma,riya.sharma8990@example.com,Pune,Maharashtra,West
C08991,Isha Mishra,isha.mishra8991@example.com,Jaipur,Rajasthan,North
C08992,Sahil Gupta,sahil.gupta8992@example.com,Lucknow,Uttar Pradesh,North
C08993,Aditya Gupta,aditya.gupta8993@example.com,Jaipur,Rajasthan,North
C08994,Ankit Verma,ankit.verma8994@example.com,Lucknow,Uttar Pradesh,North
C08995,Ananya Rajput,ananya.rajput8995@example.com,Kochi,Kerala,South
C08996,Isha Patel,isha.patel8996@example.com,Lucknow,Uttar Pradesh,North
C08997,Karan Patel,karan.patel8997@example.com,Pune,Maharashtra,West
C08998,Isha Singh,isha.singh8998@example.com,Surat,Gujarat,West
C08999,Isha Verma,isha.verma8999@example.com,Patna,Bihar,East
C09000,Sahil Yadav,sahil.yadav9000@example.com,Chennai,Tamil Nadu,South
C09001,Ananya Mishra,ananya.mishra9001@example.com,Jaipur,Rajasthan,North
C09002,Karan Sharma,karan.sharma9002@example.com,Delhi,Delhi,North
C09003,Rahul Rajput,rahul.rajput9003@example.com,Chennai,Tamil Nadu,South
C09004,Neha Gupta,neha.gupta9004@example.com,Bhubaneswar,Odisha,East
C09005,Rahul Yadav,rahul.yadav9005@example.com,Bhubaneswar,Odisha,East
C09006,Riya Gupta,riya.gupta9006@example.com,Jaipur,Rajasthan,North
C09007,Arjun Agarwal,arjun.agarwal9007@example.com,Jaipur,Rajasthan,North
C09008,Rohan Yadav,rohan.yadav9008@example.com,Kanpur,Uttar Pradesh,North
C09009,Neha Agarwal,neha.agarwal9009@example.com,Pune,Maharashtra,West
C09010,Kavya Singh,kavya.singh9010@example.com,Kolkata,West Bengal,East
C09011,Arjun Singh,arjun.singh9011@example.com,Hyderabad,Telangana,South
C09012,Isha Rajput,isha.rajput9012@example.com,Kolkata,West Bengal,East
C09013,Isha Rajput,isha.rajput9013@example.com,Kanpur,Uttar Pradesh,North
C09014,Arjun Agarwal,arjun.agarwal9014@example.com,Patna,Bihar,East
C09015,Neha Yadav,neha.yadav9015@example.com,Hyderabad,Telangana,South
C09016,Simran Mishra,simran.mishra9016@example.com,Pune,Maharashtra,West
C09017,Karan Kumar,karan.kumar9017@example.com,Kolkata,West Bengal,East
C09018,Arjun Yadav,arjun.yadav9018@example.com,Jaipur,Rajasthan,North
C09019,Priya Sharma,priya.sharma9019@example.com,Chennai,Tamil Nadu,South
C09020,Riya Verma,riya.verma9020@example.com,Hyderabad,Telangana,South
C09021,Karan Gupta,karan.gupta9021@example.com,Hyderabad,Telangana,South
C09022,Riya Singh,riya.singh9022@example.com,Hyderabad,Telangana,South
C09023,Pooja Patel,pooja.patel9023@example.com,Bhubaneswar,Odisha,East
C09024,Rohan Mishra,rohan.mishra9024@example.com,Hyderabad,Telangana,South
C09025,Aman Patel,aman.patel9025@example.com,Ahmedabad,Gujarat,West
C09026,Aman Agarwal,aman.agarwal9026@example.com,Mumbai,Maharashtra,West
C09027,Sahil Kumar,sahil.kumar9027@example.com,Kochi,Kerala,South
C09028,Neha Kumar,neha.kumar9028@example.com,Kanpur,Uttar Pradesh,North
C09029,Sneha Yadav,sneha.yadav9029@example.com,Chennai,Tamil Nadu,South
C09030,Riya Sharma,riya.sharma9030@example.com,Lucknow,Uttar Pradesh,North
C09031,Priya Mishra,priya.mishra9031@example.com,Surat,Gujarat,West
C09032,Pooja Rajput,pooja.rajput9032@example.com,Patna,Bihar,East
C09033,Aditi Verma,aditi.verma9033@example.com,Delhi,Delhi,North
C09034,Karan Sharma,karan.sharma9034@example.com,Chandigarh,Chandigarh,North
C09035,Isha Patel,isha.patel9035@example.com,Pune,Maharashtra,West
C09036,Vikash Yadav,vikash.yadav9036@example.com,Mumbai,Maharashtra,West
C09037,Kavya Rajput,kavya.rajput9037@example.com,Kolkata,West Bengal,East
C09038,Simran Mishra,simran.mishra9038@example.com,Ahmedabad,Gujarat,West
C09039,Ankit Patel,ankit.patel9039@example.com,Lucknow,Uttar Pradesh,North
C09040,Ananya Sharma,ananya.sharma9040@example.com,Mumbai,Maharashtra,West
C09041,Priya Kumar,priya.kumar9041@example.com,Hyderabad,Telangana,South
C09042,Sahil Rajput,sahil.rajput9042@example.com,Kanpur,Uttar Pradesh,North
C09043,Aman Sharma,aman.sharma9043@example.com,Bhubaneswar,Odisha,East
C09044,Karan Sharma,karan.sharma9044@example.com,Patna,Bihar,East
C09045,Rohan Sharma,rohan.sharma9045@example.com,Bhubaneswar,Odisha,East
C09046,Aman Mishra,aman.mishra9046@example.com,Mumbai,Maharashtra,West
C09047,Kavya Yadav,kavya.yadav9047@example.com,Patna,Bihar,East
C09048,Sneha Singh,sneha.singh9048@example.com,Kanpur,Uttar Pradesh,North
C09049,Isha Gupta,isha.gupta9049@example.com,Chandigarh,Chandigarh,North
C09050,Priya Kumar,priya.kumar9050@example.com,Patna,Bihar,East
C09051,Isha Rajput,isha.rajput9051@example.com,Pune,Maharashtra,West
C09052,Aarav Agarwal,aarav.agarwal9052@example.com,Jaipur,Rajasthan,North
C09053,Aarav Yadav,aarav.yadav9053@example.com,Lucknow,Uttar Pradesh,North
C09054,Rohan Singh,rohan.singh9054@example.com,Jaipur,Rajasthan,North
C09055,Rohan Gupta,rohan.gupta9055@example.com,Chandigarh,Chandigarh,North
C09056,Karan Gupta,karan.gupta9056@example.com,Bengaluru,Karnataka,South
C09057,Kavya Verma,kavya.verma9057@example.com,Jaipur,Rajasthan,North
C09058,Ananya Yadav,ananya.yadav9058@example.com,Bhubaneswar,Odisha,East
C09059,Kavya Singh,kavya.singh9059@example.com,Kolkata,West Bengal,East
C09060,Rahul Agarwal,rahul.agarwal9060@example.com,Patna,Bihar,East
C09061,Rahul Rajput,rahul.rajput9061@example.com,Hyderabad,Telangana,South
C09062,Aditi Rajput,aditi.rajput9062@example.com,Hyderabad,Telangana,South
C09063,Neha Rajput,neha.rajput9063@example.com,Bhubaneswar,Odisha,East
C09064,Pooja Gupta,pooja.gupta9064@example.com,Jaipur,Rajasthan,North
C09065,Aditi Agarwal,aditi.agarwal9065@example.com,Kochi,Kerala,South
C09066,Isha Verma,isha.verma9066@example.com,Pune,Maharashtra,West
C09067,Sahil Gupta,sahil.gupta9067@example.com,Delhi,Delhi,North
C09068,Aarav Agarwal,aarav.agarwal9068@example.com,Hyderabad,Telangana,South
C09069,Rohan Kumar,rohan.kumar9069@example.com,Bengaluru,Karnataka,South
C09070,Rohan Rajput,rohan.rajput9070@example.com,Hyderabad,Telangana,South
C09071,Karan Yadav,karan.yadav9071@example.com,Pune,Maharashtra,West
C09072,Vikash Kumar,vikash.kumar9072@example.com,Lucknow,Uttar Pradesh,North
C09073,Simran Singh,simran.singh9073@example.com,Surat,Gujarat,West
C09074,Aman Agarwal,aman.agarwal9074@example.com,Delhi,Delhi,North
C09075,Sneha Sharma,sneha.sharma9075@example.com,Hyderabad,Telangana,South
C09076,Sahil Yadav,sahil.yadav9076@example.com,Ahmedabad,Gujarat,West
C09077,Pooja Sharma,pooja.sharma9077@example.com,Kanpur,Uttar Pradesh,North
C09078,Priya Yadav,priya.yadav9078@example.com,Kanpur,Uttar Pradesh,North
C09079,Arjun Patel,arjun.patel9079@example.com,Jaipur,Rajasthan,North
C09080,Rahul Sharma,rahul.sharma9080@example.com,Lucknow,Uttar Pradesh,North
C09081,Neha Kumar,neha.kumar9081@example.com,Kolkata,West Bengal,East
C09082,Aarav Sharma,aarav.sharma9082@example.com,Jaipur,Rajasthan,North
C09083,Rohan Rajput,rohan.rajput9083@example.com,Hyderabad,Telangana,South
C09084,Riya Agarwal,riya.agarwal9084@example.com,Pune,Maharashtra,West
C09085,Ankit Yadav,ankit.yadav9085@example.com,Chennai,Tamil Nadu,South
C09086,Aditi Yadav,aditi.yadav9086@example.com,Pune,Maharashtra,West
C09087,Aman Patel,aman.patel9087@example.com,Bengaluru,Karnataka,South
C09088,Isha Mishra,isha.mishra9088@example.com,Pune,Maharashtra,West
C09089,Ananya Yadav,ananya.yadav9089@example.com,Lucknow,Uttar Pradesh,North
C09090,Aditi Kumar,aditi.kumar9090@example.com,Kanpur,Uttar Pradesh,North
C09091,Sahil Agarwal,sahil.agarwal9091@example.com,Kochi,Kerala,South
C09092,Kavya Agarwal,kavya.agarwal9092@example.com,Lucknow,Uttar Pradesh,North
C09093,Ankit Rajput,ankit.rajput9093@example.com,Ahmedabad,Gujarat,West
C09094,Isha Rajput,isha.rajput9094@example.com,Kochi,Kerala,South
C09095,Sahil Verma,sahil.verma9095@example.com,Chandigarh,Chandigarh,North
C09096,Aarav Verma,aarav.verma9096@example.com,Lucknow,Uttar Pradesh,North
C09097,Kavya Kumar,kavya.kumar9097@example.com,Kolkata,West Bengal,East
C09098,Pooja Patel,pooja.patel9098@example.com,Chandigarh,Chandigarh,North
C09099,Isha Kumar,isha.kumar9099@example.com,Bengaluru,Karnataka,South
C09100,Neha Mishra,neha.mishra9100@example.com,Chennai,Tamil Nadu,South
C09101,Ankit Agarwal,ankit.agarwal9101@example.com,Mumbai,Maharashtra,West
C09102,Kavya Kumar,kavya.kumar9102@example.com,Bengaluru,Karnataka,South
C09103,Aarav Sharma,aarav.sharma9103@example.com,Jaipur,Rajasthan,North
C09104,Rohan Sharma,rohan.sharma9104@example.com,Kochi,Kerala,South
C09105,Aditya Singh,aditya.singh9105@example.com,Bengaluru,Karnataka,South
C09106,Neha Sharma,neha.sharma9106@example.com,Chennai,Tamil Nadu,South
C09107,Arjun Agarwal,arjun.agarwal9107@example.com,Delhi,Delhi,North
C09108,Riya Patel,riya.patel9108@example.com,Surat,Gujarat,West
C09109,Karan Kumar,karan.kumar9109@example.com,Patna,Bihar,East
C09110,Rahul Rajput,rahul.rajput9110@example.com,Pune,Maharashtra,West
C09111,Aditya Verma,aditya.verma9111@example.com,Ahmedabad,Gujarat,West
C09112,Priya Rajput,priya.rajput9112@example.com,Pune,Maharashtra,West
C09113,Neha Agarwal,neha.agarwal9113@example.com,Pune,Maharashtra,West
C09114,Aarav Singh,aarav.singh9114@example.com,Jaipur,Rajasthan,North
C09115,Aditya Sharma,aditya.sharma9115@example.com,Jaipur,Rajasthan,North
C09116,Isha Agarwal,isha.agarwal9116@example.com,Ahmedabad,Gujarat,West
C09117,Arjun Mishra,arjun.mishra9117@example.com,Bhubaneswar,Odisha,East
C09118,Isha Singh,isha.singh9118@example.com,Delhi,Delhi,North
C09119,Sahil Mishra,sahil.mishra9119@example.com,Jaipur,Rajasthan,North
C09120,Vikash Mishra,vikash.mishra9120@example.com,Ahmedabad,Gujarat,West
C09121,Priya Gupta,priya.gupta9121@example.com,Lucknow,Uttar Pradesh,North
C09122,Priya Mishra,priya.mishra9122@example.com,Mumbai,Maharashtra,West
C09123,Aditi Sharma,aditi.sharma9123@example.com,Ahmedabad,Gujarat,West
C09124,Aditya Gupta,aditya.gupta9124@example.com,Ahmedabad,Gujarat,West
C09125,Sneha Rajput,sneha.rajput9125@example.com,Kolkata,West Bengal,East
C09126,Arjun Verma,arjun.verma9126@example.com,Kolkata,West Bengal,East
C09127,Neha Kumar,neha.kumar9127@example.com,Delhi,Delhi,North
C09128,Isha Singh,isha.singh9128@example.com,Chandigarh,Chandigarh,North
C09129,Rohan Rajput,rohan.rajput9129@example.com,Lucknow,Uttar Pradesh,North
C09130,Ananya Agarwal,ananya.agarwal9130@example.com,Bengaluru,Karnataka,South
C09131,Sneha Gupta,sneha.gupta9131@example.com,Bhubaneswar,Odisha,East
C09132,Aarav Patel,aarav.patel9132@example.com,Ahmedabad,Gujarat,West
C09133,Arjun Singh,arjun.singh9133@example.com,Jaipur,Rajasthan,North
C09134,Ananya Mishra,ananya.mishra9134@example.com,Pune,Maharashtra,West
C09135,Aman Sharma,aman.sharma9135@example.com,Kolkata,West Bengal,East
C09136,Kavya Verma,kavya.verma9136@example.com,Bhubaneswar,Odisha,East
C09137,Aditi Mishra,aditi.mishra9137@example.com,Bengaluru,Karnataka,South
C09138,Rohan Singh,rohan.singh9138@example.com,Kanpur,Uttar Pradesh,North
C09139,Sahil Kumar,sahil.kumar9139@example.com,Kolkata,West Bengal,East
C09140,Aditi Verma,aditi.verma9140@example.com,Patna,Bihar,East
C09141,Pooja Patel,pooja.patel9141@example.com,Delhi,Delhi,North
C09142,Rahul Rajput,rahul.rajput9142@example.com,Patna,Bihar,East
C09143,Pooja Yadav,pooja.yadav9143@example.com,Kanpur,Uttar Pradesh,North
C09144,Isha Yadav,isha.yadav9144@example.com,Patna,Bihar,East
C09145,Neha Kumar,neha.kumar9145@example.com,Pune,Maharashtra,West
C09146,Pooja Verma,pooja.verma9146@example.com,Kolkata,West Bengal,East
C09147,Riya Mishra,riya.mishra9147@example.com,Hyderabad,Telangana,South
C09148,Aarav Singh,aarav.singh9148@example.com,Kochi,Kerala,South
C09149,Vikash Yadav,vikash.yadav9149@example.com,Kochi,Kerala,South
C09150,Vikash Agarwal,vikash.agarwal9150@example.com,Mumbai,Maharashtra,West
C09151,Vikash Rajput,vikash.rajput9151@example.com,Kolkata,West Bengal,East
C09152,Pooja Yadav,pooja.yadav9152@example.com,Delhi,Delhi,North
C09153,Simran Verma,simran.verma9153@example.com,Bhubaneswar,Odisha,East
C09154,Neha Singh,neha.singh9154@example.com,Kochi,Kerala,South
C09155,Priya Kumar,priya.kumar9155@example.com,Mumbai,Maharashtra,West
C09156,Riya Agarwal,riya.agarwal9156@example.com,Delhi,Delhi,North
C09157,Sneha Gupta,sneha.gupta9157@example.com,Ahmedabad,Gujarat,West
C09158,Priya Agarwal,priya.agarwal9158@example.com,Kanpur,Uttar Pradesh,North
C09159,Rohan Patel,rohan.patel9159@example.com,Chennai,Tamil Nadu,South
C09160,Aditi Yadav,aditi.yadav9160@example.com,Patna,Bihar,East
C09161,Sneha Kumar,sneha.kumar9161@example.com,Kolkata,West Bengal,East
C09162,Priya Agarwal,priya.agarwal9162@example.com,Patna,Bihar,East
C09163,Neha Gupta,neha.gupta9163@example.com,Delhi,Delhi,North
C09164,Riya Verma,riya.verma9164@example.com,Hyderabad,Telangana,South
C09165,Riya Sharma,riya.sharma9165@example.com,Chennai,Tamil Nadu,South
C09166,Aarav Singh,aarav.singh9166@example.com,Bengaluru,Karnataka,South
C09167,Rahul Yadav,rahul.yadav9167@example.com,Kanpur,Uttar Pradesh,North
C09168,Neha Patel,neha.patel9168@example.com,Patna,Bihar,East
C09169,Riya Agarwal,riya.agarwal9169@example.com,Pune,Maharashtra,West
C09170,Simran Singh,simran.singh9170@example.com,Chandigarh,Chandigarh,North
C09171,Simran Patel,simran.patel9171@example.com,Kochi,Kerala,South
C09172,Ananya Singh,ananya.singh9172@example.com,Bhubaneswar,Odisha,East
C09173,Arjun Singh,arjun.singh9173@example.com,Bengaluru,Karnataka,South
C09174,Isha Rajput,isha.rajput9174@example.com,Jaipur,Rajasthan,North
C09175,Aditya Patel,aditya.patel9175@example.com,Jaipur,Rajasthan,North
C09176,Aarav Agarwal,aarav.agarwal9176@example.com,Mumbai,Maharashtra,West
C09177,Ankit Gupta,ankit.gupta9177@example.com,Mumbai,Maharashtra,West
C09178,Isha Yadav,isha.yadav9178@example.com,Patna,Bihar,East
C09179,Ananya Yadav,ananya.yadav9179@example.com,Jaipur,Rajasthan,North
C09180,Aman Sharma,aman.sharma9180@example.com,Chandigarh,Chandigarh,North
C09181,Simran Verma,simran.verma9181@example.com,Delhi,Delhi,North
C09182,Rahul Singh,rahul.singh9182@example.com,Chandigarh,Chandigarh,North
C09183,Priya Sharma,priya.sharma9183@example.com,Lucknow,Uttar Pradesh,North
C09184,Isha Rajput,isha.rajput9184@example.com,Jaipur,Rajasthan,North
C09185,Kavya Gupta,kavya.gupta9185@example.com,Mumbai,Maharashtra,West
C09186,Simran Sharma,simran.sharma9186@example.com,Kochi,Kerala,South
C09187,Aditi Patel,aditi.patel9187@example.com,Chandigarh,Chandigarh,North
C09188,Vikash Kumar,vikash.kumar9188@example.com,Ahmedabad,Gujarat,West
C09189,Karan Rajput,karan.rajput9189@example.com,Pune,Maharashtra,West
C09190,Rahul Mishra,rahul.mishra9190@example.com,Delhi,Delhi,North
C09191,Neha Kumar,neha.kumar9191@example.com,Jaipur,Rajasthan,North
C09192,Aarav Yadav,aarav.yadav9192@example.com,Pune,Maharashtra,West
C09193,Aarav Kumar,aarav.kumar9193@example.com,Surat,Gujarat,West
C09194,Vikash Rajput,vikash.rajput9194@example.com,Kolkata,West Bengal,East
C09195,Rohan Gupta,rohan.gupta9195@example.com,Bhubaneswar,Odisha,East
C09196,Ananya Verma,ananya.verma9196@example.com,Patna,Bihar,East
C09197,Sahil Sharma,sahil.sharma9197@example.com,Chennai,Tamil Nadu,South
C09198,Kavya Singh,kavya.singh9198@example.com,Surat,Gujarat,West
C09199,Sahil Rajput,sahil.rajput9199@example.com,Hyderabad,Telangana,South
C09200,Pooja Yadav,pooja.yadav9200@example.com,Surat,Gujarat,West
C09201,Aditya Rajput,aditya.rajput9201@example.com,Patna,Bihar,East
C09202,Karan Patel,karan.patel9202@example.com,Bengaluru,Karnataka,South
C09203,Ankit Patel,ankit.patel9203@example.com,Ahmedabad,Gujarat,West
C09204,Ankit Patel,ankit.patel9204@example.com,Lucknow,Uttar Pradesh,North
C09205,Ankit Rajput,ankit.rajput9205@example.com,Kolkata,West Bengal,East
C09206,Riya Mishra,riya.mishra9206@example.com,Kolkata,West Bengal,East
C09207,Ananya Mishra,ananya.mishra9207@example.com,Pune,Maharashtra,West
C09208,Ankit Mishra,ankit.mishra9208@example.com,Pune,Maharashtra,West
C09209,Sahil Mishra,sahil.mishra9209@example.com,Ahmedabad,Gujarat,West
C09210,Ananya Mishra,ananya.mishra9210@example.com,Kolkata,West Bengal,East
C09211,Vikash Rajput,vikash.rajput9211@example.com,Patna,Bihar,East
C09212,Karan Rajput,karan.rajput9212@example.com,Kochi,Kerala,South
C09213,Sahil Mishra,sahil.mishra9213@example.com,Chennai,Tamil Nadu,South
C09214,Aman Kumar,aman.kumar9214@example.com,Delhi,Delhi,North
C09215,Sneha Yadav,sneha.yadav9215@example.com,Hyderabad,Telangana,South
C09216,Isha Yadav,isha.yadav9216@example.com,Delhi,Delhi,North
C09217,Isha Agarwal,isha.agarwal9217@example.com,Bengaluru,Karnataka,South
C09218,Aman Kumar,aman.kumar9218@example.com,Kolkata,West Bengal,East
C09219,Aditi Mishra,aditi.mishra9219@example.com,Pune,Maharashtra,West
C09220,Ankit Gupta,ankit.gupta9220@example.com,Ahmedabad,Gujarat,West
C09221,Pooja Agarwal,pooja.agarwal9221@example.com,Chennai,Tamil Nadu,South
C09222,Riya Sharma,riya.sharma9222@example.com,Hyderabad,Telangana,South
C09223,Aarav Gupta,aarav.gupta9223@example.com,Chennai,Tamil Nadu,South
C09224,Aditya Patel,aditya.patel9224@example.com,Jaipur,Rajasthan,North
C09225,Aditi Kumar,aditi.kumar9225@example.com,Surat,Gujarat,West
C09226,Neha Yadav,neha.yadav9226@example.com,Mumbai,Maharashtra,West
C09227,Aarav Sharma,aarav.sharma9227@example.com,Bhubaneswar,Odisha,East
C09228,Karan Gupta,karan.gupta9228@example.com,Mumbai,Maharashtra,West
C09229,Aditi Verma,aditi.verma9229@example.com,Jaipur,Rajasthan,North
C09230,Sneha Yadav,sneha.yadav9230@example.com,Ahmedabad,Gujarat,West
C09231,Kavya Kumar,kavya.kumar9231@example.com,Chennai,Tamil Nadu,South
C09232,Ankit Patel,ankit.patel9232@example.com,Delhi,Delhi,North
C09233,Aman Mishra,aman.mishra9233@example.com,Delhi,Delhi,North
C09234,Arjun Rajput,arjun.rajput9234@example.com,Chandigarh,Chandigarh,North
C09235,Priya Mishra,priya.mishra9235@example.com,Hyderabad,Telangana,South
C09236,Rahul Patel,rahul.patel9236@example.com,Jaipur,Rajasthan,North
C09237,Rohan Sharma,rohan.sharma9237@example.com,Bengaluru,Karnataka,South
C09238,Priya Sharma,priya.sharma9238@example.com,Mumbai,Maharashtra,West
C09239,Riya Singh,riya.singh9239@example.com,Bengaluru,Karnataka,South
C09240,Karan Patel,karan.patel9240@example.com,Ahmedabad,Gujarat,West
C09241,Arjun Kumar,arjun.kumar9241@example.com,Bhubaneswar,Odisha,East
C09242,Aditi Gupta,aditi.gupta9242@example.com,Ahmedabad,Gujarat,West
C09243,Aman Yadav,aman.yadav9243@example.com,Chennai,Tamil Nadu,South
C09244,Karan Singh,karan.singh9244@example.com,Kanpur,Uttar Pradesh,North
C09245,Rahul Kumar,rahul.kumar9245@example.com,Ahmedabad,Gujarat,West
C09246,Ananya Agarwal,ananya.agarwal9246@example.com,Delhi,Delhi,North
C09247,Ankit Kumar,ankit.kumar9247@example.com,Kochi,Kerala,South
C09248,Ananya Kumar,ananya.kumar9248@example.com,Bhubaneswar,Odisha,East
C09249,Ankit Kumar,ankit.kumar9249@example.com,Kolkata,West Bengal,East
C09250,Neha Kumar,neha.kumar9250@example.com,Hyderabad,Telangana,South
C09251,Rahul Sharma,rahul.sharma9251@example.com,Hyderabad,Telangana,South
C09252,Kavya Verma,kavya.verma9252@example.com,Pune,Maharashtra,West
C09253,Riya Patel,riya.patel9253@example.com,Hyderabad,Telangana,South
C09254,Sahil Patel,sahil.patel9254@example.com,Lucknow,Uttar Pradesh,North
C09255,Ankit Rajput,ankit.rajput9255@example.com,Jaipur,Rajasthan,North
C09256,Aditi Singh,aditi.singh9256@example.com,Ahmedabad,Gujarat,West
C09257,Priya Singh,priya.singh9257@example.com,Lucknow,Uttar Pradesh,North
C09258,Kavya Gupta,kavya.gupta9258@example.com,Hyderabad,Telangana,South
C09259,Ananya Patel,ananya.patel9259@example.com,Ahmedabad,Gujarat,West
C09260,Sneha Sharma,sneha.sharma9260@example.com,Kolkata,West Bengal,East
C09261,Rohan Yadav,rohan.yadav9261@example.com,Mumbai,Maharashtra,West
C09262,Riya Singh,riya.singh9262@example.com,Kolkata,West Bengal,East
C09263,Sneha Verma,sneha.verma9263@example.com,Ahmedabad,Gujarat,West
C09264,Sneha Gupta,sneha.gupta9264@example.com,Kochi,Kerala,South
C09265,Rahul Kumar,rahul.kumar9265@example.com,Lucknow,Uttar Pradesh,North
C09266,Priya Yadav,priya.yadav9266@example.com,Hyderabad,Telangana,South
C09267,Pooja Kumar,pooja.kumar9267@example.com,Kolkata,West Bengal,East
C09268,Ankit Singh,ankit.singh9268@example.com,Mumbai,Maharashtra,West
C09269,Pooja Sharma,pooja.sharma9269@example.com,Surat,Gujarat,West
C09270,Isha Singh,isha.singh9270@example.com,Bhubaneswar,Odisha,East
C09271,Neha Kumar,neha.kumar9271@example.com,Delhi,Delhi,North
C09272,Simran Agarwal,simran.agarwal9272@example.com,Jaipur,Rajasthan,North
C09273,Pooja Agarwal,pooja.agarwal9273@example.com,Ahmedabad,Gujarat,West
C09274,Arjun Agarwal,arjun.agarwal9274@example.com,Kolkata,West Bengal,East
C09275,Aman Sharma,aman.sharma9275@example.com,Ahmedabad,Gujarat,West
C09276,Aditi Agarwal,aditi.agarwal9276@example.com,Chennai,Tamil Nadu,South
C09277,Arjun Rajput,arjun.rajput9277@example.com,Patna,Bihar,East
C09278,Aditya Gupta,aditya.gupta9278@example.com,Chennai,Tamil Nadu,South
C09279,Aditya Patel,aditya.patel9279@example.com,Chandigarh,Chandigarh,North
C09280,Rohan Rajput,rohan.rajput9280@example.com,Bhubaneswar,Odisha,East
C09281,Aman Singh,aman.singh9281@example.com,Mumbai,Maharashtra,West
C09282,Karan Gupta,karan.gupta9282@example.com,Ahmedabad,Gujarat,West
C09283,Isha Mishra,isha.mishra9283@example.com,Jaipur,Rajasthan,North
C09284,Sahil Mishra,sahil.mishra9284@example.com,Hyderabad,Telangana,South
C09285,Arjun Gupta,arjun.gupta9285@example.com,Chandigarh,Chandigarh,North
C09286,Aditya Kumar,aditya.kumar9286@example.com,Hyderabad,Telangana,South
C09287,Aditi Verma,aditi.verma9287@example.com,Kochi,Kerala,South
C09288,Sahil Patel,sahil.patel9288@example.com,Jaipur,Rajasthan,North
C09289,Rohan Mishra,rohan.mishra9289@example.com,Mumbai,Maharashtra,West
C09290,Aman Singh,aman.singh9290@example.com,Ahmedabad,Gujarat,West
C09291,Ankit Kumar,ankit.kumar9291@example.com,Patna,Bihar,East
C09292,Ananya Patel,ananya.patel9292@example.com,Bhubaneswar,Odisha,East
C09293,Neha Yadav,neha.yadav9293@example.com,Mumbai,Maharashtra,West
C09294,Aditi Agarwal,aditi.agarwal9294@example.com,Lucknow,Uttar Pradesh,North
C09295,Rahul Patel,rahul.patel9295@example.com,Bengaluru,Karnataka,South
C09296,Simran Sharma,simran.sharma9296@example.com,Bengaluru,Karnataka,South
C09297,Ankit Verma,ankit.verma9297@example.com,Lucknow,Uttar Pradesh,North
C09298,Isha Verma,isha.verma9298@example.com,Bengaluru,Karnataka,South
C09299,Aman Rajput,aman.rajput9299@example.com,Hyderabad,Telangana,South
C09300,Aman Singh,aman.singh9300@example.com,Jaipur,Rajasthan,North
C09301,Vikash Agarwal,vikash.agarwal9301@example.com,Patna,Bihar,East
C09302,Kavya Singh,kavya.singh9302@example.com,Kanpur,Uttar Pradesh,North
C09303,Priya Sharma,priya.sharma9303@example.com,Kolkata,West Bengal,East
C09304,Rohan Agarwal,rohan.agarwal9304@example.com,Kanpur,Uttar Pradesh,North
C09305,Sneha Agarwal,sneha.agarwal9305@example.com,Chandigarh,Chandigarh,North
C09306,Neha Patel,neha.patel9306@example.com,Lucknow,Uttar Pradesh,North
C09307,Sneha Verma,sneha.verma9307@example.com,Mumbai,Maharashtra,West
C09308,Isha Singh,isha.singh9308@example.com,Kolkata,West Bengal,East
C09309,Rohan Agarwal,rohan.agarwal9309@example.com,Lucknow,Uttar Pradesh,North
C09310,Aditya Mishra,aditya.mishra9310@example.com,Patna,Bihar,East
C09311,Aman Agarwal,aman.agarwal9311@example.com,Chandigarh,Chandigarh,North
C09312,Vikash Singh,vikash.singh9312@example.com,Ahmedabad,Gujarat,West
C09313,Neha Agarwal,neha.agarwal9313@example.com,Lucknow,Uttar Pradesh,North
C09314,Priya Yadav,priya.yadav9314@example.com,Pune,Maharashtra,West
C09315,Sneha Rajput,sneha.rajput9315@example.com,Patna,Bihar,East
C09316,Rahul Sharma,rahul.sharma9316@example.com,Hyderabad,Telangana,South
C09317,Rohan Agarwal,rohan.agarwal9317@example.com,Bhubaneswar,Odisha,East
C09318,Kavya Sharma,kavya.sharma9318@example.com,Bhubaneswar,Odisha,East
C09319,Sahil Patel,sahil.patel9319@example.com,Lucknow,Uttar Pradesh,North
C09320,Ananya Verma,ananya.verma9320@example.com,Jaipur,Rajasthan,North
C09321,Ankit Gupta,ankit.gupta9321@example.com,Chennai,Tamil Nadu,South
C09322,Aditya Sharma,aditya.sharma9322@example.com,Mumbai,Maharashtra,West
C09323,Aarav Kumar,aarav.kumar9323@example.com,Kochi,Kerala,South
C09324,Isha Verma,isha.verma9324@example.com,Patna,Bihar,East
C09325,Riya Agarwal,riya.agarwal9325@example.com,Jaipur,Rajasthan,North
C09326,Karan Gupta,karan.gupta9326@example.com,Hyderabad,Telangana,South
C09327,Aditya Kumar,aditya.kumar9327@example.com,Chennai,Tamil Nadu,South
C09328,Isha Rajput,isha.rajput9328@example.com,Bhubaneswar,Odisha,East
C09329,Neha Sharma,neha.sharma9329@example.com,Ahmedabad,Gujarat,West
C09330,Aditya Gupta,aditya.gupta9330@example.com,Delhi,Delhi,North
C09331,Aditi Verma,aditi.verma9331@example.com,Surat,Gujarat,West
C09332,Pooja Yadav,pooja.yadav9332@example.com,Hyderabad,Telangana,South
C09333,Sahil Singh,sahil.singh9333@example.com,Chandigarh,Chandigarh,North
C09334,Aman Rajput,aman.rajput9334@example.com,Kanpur,Uttar Pradesh,North
C09335,Aditya Singh,aditya.singh9335@example.com,Ahmedabad,Gujarat,West
C09336,Riya Kumar,riya.kumar9336@example.com,Bhubaneswar,Odisha,East
C09337,Vikash Singh,vikash.singh9337@example.com,Jaipur,Rajasthan,North
C09338,Priya Singh,priya.singh9338@example.com,Ahmedabad,Gujarat,West
C09339,Aman Gupta,aman.gupta9339@example.com,Kochi,Kerala,South
C09340,Aditya Singh,aditya.singh9340@example.com,Bengaluru,Karnataka,South
C09341,Vikash Kumar,vikash.kumar9341@example.com,Delhi,Delhi,North
C09342,Rahul Verma,rahul.verma9342@example.com,Mumbai,Maharashtra,West
C09343,Ananya Verma,ananya.verma9343@example.com,Mumbai,Maharashtra,West
C09344,Aditya Mishra,aditya.mishra9344@example.com,Pune,Maharashtra,West
C09345,Arjun Rajput,arjun.rajput9345@example.com,Kanpur,Uttar Pradesh,North
C09346,Pooja Verma,pooja.verma9346@example.com,Kolkata,West Bengal,East
C09347,Aarav Verma,aarav.verma9347@example.com,Lucknow,Uttar Pradesh,North
C09348,Kavya Verma,kavya.verma9348@example.com,Kochi,Kerala,South
C09349,Aditi Sharma,aditi.sharma9349@example.com,Bhubaneswar,Odisha,East
C09350,Isha Agarwal,isha.agarwal9350@example.com,Bengaluru,Karnataka,South
C09351,Kavya Rajput,kavya.rajput9351@example.com,Patna,Bihar,East
C09352,Vikash Sharma,vikash.sharma9352@example.com,Jaipur,Rajasthan,North
C09353,Aarav Patel,aarav.patel9353@example.com,Chandigarh,Chandigarh,North
C09354,Arjun Gupta,arjun.gupta9354@example.com,Kanpur,Uttar Pradesh,North
C09355,Aditya Yadav,aditya.yadav9355@example.com,Delhi,Delhi,North
C09356,Sneha Singh,sneha.singh9356@example.com,Kolkata,West Bengal,East
C09357,Aman Gupta,aman.gupta9357@example.com,Hyderabad,Telangana,South
C09358,Aarav Mishra,aarav.mishra9358@example.com,Chennai,Tamil Nadu,South
C09359,Rahul Kumar,rahul.kumar9359@example.com,Pune,Maharashtra,West
C09360,Sneha Sharma,sneha.sharma9360@example.com,Hyderabad,Telangana,South
C09361,Arjun Singh,arjun.singh9361@example.com,Lucknow,Uttar Pradesh,North
C09362,Aditi Gupta,aditi.gupta9362@example.com,Bengaluru,Karnataka,South
C09363,Ananya Gupta,ananya.gupta9363@example.com,Hyderabad,Telangana,South
C09364,Pooja Agarwal,pooja.agarwal9364@example.com,Patna,Bihar,East
C09365,Rohan Agarwal,rohan.agarwal9365@example.com,Kochi,Kerala,South
C09366,Ananya Patel,ananya.patel9366@example.com,Kochi,Kerala,South
C09367,Rahul Agarwal,rahul.agarwal9367@example.com,Mumbai,Maharashtra,West
C09368,Sneha Rajput,sneha.rajput9368@example.com,Patna,Bihar,East
C09369,Arjun Verma,arjun.verma9369@example.com,Bhubaneswar,Odisha,East
C09370,Sneha Singh,sneha.singh9370@example.com,Kolkata,West Bengal,East
C09371,Rohan Rajput,rohan.rajput9371@example.com,Ahmedabad,Gujarat,West
C09372,Simran Patel,simran.patel9372@example.com,Kochi,Kerala,South
C09373,Rahul Kumar,rahul.kumar9373@example.com,Kochi,Kerala,South
C09374,Neha Yadav,neha.yadav9374@example.com,Ahmedabad,Gujarat,West
C09375,Aarav Patel,aarav.patel9375@example.com,Hyderabad,Telangana,South
C09376,Kavya Verma,kavya.verma9376@example.com,Bhubaneswar,Odisha,East
C09377,Rahul Verma,rahul.verma9377@example.com,Patna,Bihar,East
C09378,Sahil Sharma,sahil.sharma9378@example.com,Mumbai,Maharashtra,West
C09379,Rohan Verma,rohan.verma9379@example.com,Bengaluru,Karnataka,South
C09380,Neha Singh,neha.singh9380@example.com,Bengaluru,Karnataka,South
C09381,Sahil Rajput,sahil.rajput9381@example.com,Kochi,Kerala,South
C09382,Vikash Yadav,vikash.yadav9382@example.com,Kolkata,West Bengal,East
C09383,Karan Verma,karan.verma9383@example.com,Delhi,Delhi,North
C09384,Sahil Singh,sahil.singh9384@example.com,Lucknow,Uttar Pradesh,North
C09385,Sneha Rajput,sneha.rajput9385@example.com,Kanpur,Uttar Pradesh,North
C09386,Sahil Kumar,sahil.kumar9386@example.com,Kanpur,Uttar Pradesh,North
C09387,Ananya Kumar,ananya.kumar9387@example.com,Bengaluru,Karnataka,South
C09388,Isha Verma,isha.verma9388@example.com,Kanpur,Uttar Pradesh,North
C09389,Aditi Rajput,aditi.rajput9389@example.com,Kolkata,West Bengal,East
C09390,Karan Rajput,karan.rajput9390@example.com,Surat,Gujarat,West
C09391,Kavya Sharma,kavya.sharma9391@example.com,Surat,Gujarat,West
C09392,Neha Patel,neha.patel9392@example.com,Kochi,Kerala,South
C09393,Riya Agarwal,riya.agarwal9393@example.com,Kochi,Kerala,South
C09394,Simran Mishra,simran.mishra9394@example.com,Patna,Bihar,East
C09395,Aarav Verma,aarav.verma9395@example.com,Kochi,Kerala,South
C09396,Riya Mishra,riya.mishra9396@example.com,Ahmedabad,Gujarat,West
C09397,Aarav Sharma,aarav.sharma9397@example.com,Surat,Gujarat,West
C09398,Riya Verma,riya.verma9398@example.com,Patna,Bihar,East
C09399,Aditi Verma,aditi.verma9399@example.com,Kochi,Kerala,South
C09400,Aman Singh,aman.singh9400@example.com,Hyderabad,Telangana,South
C09401,Simran Kumar,simran.kumar9401@example.com,Chandigarh,Chandigarh,North
C09402,Aditi Singh,aditi.singh9402@example.com,Mumbai,Maharashtra,West
C09403,Kavya Sharma,kavya.sharma9403@example.com,Kochi,Kerala,South
C09404,Priya Agarwal,priya.agarwal9404@example.com,Ahmedabad,Gujarat,West
C09405,Ankit Singh,ankit.singh9405@example.com,Jaipur,Rajasthan,North
C09406,Ankit Sharma,ankit.sharma9406@example.com,Kochi,Kerala,South
C09407,Rohan Agarwal,rohan.agarwal9407@example.com,Kanpur,Uttar Pradesh,North
C09408,Arjun Mishra,arjun.mishra9408@example.com,Bhubaneswar,Odisha,East
C09409,Vikash Kumar,vikash.kumar9409@example.com,Mumbai,Maharashtra,West
C09410,Ankit Yadav,ankit.yadav9410@example.com,Kanpur,Uttar Pradesh,North
C09411,Isha Verma,isha.verma9411@example.com,Delhi,Delhi,North
C09412,Arjun Mishra,arjun.mishra9412@example.com,Kanpur,Uttar Pradesh,North
C09413,Sneha Agarwal,sneha.agarwal9413@example.com,Kochi,Kerala,South
C09414,Aditya Yadav,aditya.yadav9414@example.com,Chennai,Tamil Nadu,South
C09415,Sneha Mishra,sneha.mishra9415@example.com,Surat,Gujarat,West
C09416,Simran Yadav,simran.yadav9416@example.com,Bengaluru,Karnataka,South
C09417,Simran Agarwal,simran.agarwal9417@example.com,Bhubaneswar,Odisha,East
C09418,Aditi Agarwal,aditi.agarwal9418@example.com,Jaipur,Rajasthan,North
C09419,Priya Kumar,priya.kumar9419@example.com,Chandigarh,Chandigarh,North
C09420,Rahul Yadav,rahul.yadav9420@example.com,Kanpur,Uttar Pradesh,North
C09421,Rahul Gupta,rahul.gupta9421@example.com,Kolkata,West Bengal,East
C09422,Priya Rajput,priya.rajput9422@example.com,Hyderabad,Telangana,South
C09423,Isha Singh,isha.singh9423@example.com,Kanpur,Uttar Pradesh,North
C09424,Aarav Rajput,aarav.rajput9424@example.com,Lucknow,Uttar Pradesh,North
C09425,Kavya Verma,kavya.verma9425@example.com,Chennai,Tamil Nadu,South
C09426,Pooja Verma,pooja.verma9426@example.com,Kanpur,Uttar Pradesh,North
C09427,Pooja Verma,pooja.verma9427@example.com,Kanpur,Uttar Pradesh,North
C09428,Vikash Agarwal,vikash.agarwal9428@example.com,Bhubaneswar,Odisha,East
C09429,Ananya Patel,ananya.patel9429@example.com,Bhubaneswar,Odisha,East
C09430,Vikash Rajput,vikash.rajput9430@example.com,Kanpur,Uttar Pradesh,North
C09431,Pooja Agarwal,pooja.agarwal9431@example.com,Bengaluru,Karnataka,South
C09432,Aditi Rajput,aditi.rajput9432@example.com,Pune,Maharashtra,West
C09433,Kavya Mishra,kavya.mishra9433@example.com,Lucknow,Uttar Pradesh,North
C09434,Arjun Agarwal,arjun.agarwal9434@example.com,Pune,Maharashtra,West
C09435,Isha Agarwal,isha.agarwal9435@example.com,Jaipur,Rajasthan,North
C09436,Neha Mishra,neha.mishra9436@example.com,Mumbai,Maharashtra,West
C09437,Aditya Singh,aditya.singh9437@example.com,Pune,Maharashtra,West
C09438,Aarav Yadav,aarav.yadav9438@example.com,Lucknow,Uttar Pradesh,North
C09439,Pooja Yadav,pooja.yadav9439@example.com,Hyderabad,Telangana,South
C09440,Karan Kumar,karan.kumar9440@example.com,Kanpur,Uttar Pradesh,North
C09441,Neha Verma,neha.verma9441@example.com,Pune,Maharashtra,West
C09442,Pooja Singh,pooja.singh9442@example.com,Ahmedabad,Gujarat,West
C09443,Arjun Yadav,arjun.yadav9443@example.com,Chennai,Tamil Nadu,South
C09444,Ankit Agarwal,ankit.agarwal9444@example.com,Jaipur,Rajasthan,North
C09445,Aditya Gupta,aditya.gupta9445@example.com,Jaipur,Rajasthan,North
C09446,Aman Yadav,aman.yadav9446@example.com,Mumbai,Maharashtra,West
C09447,Aditi Patel,aditi.patel9447@example.com,Bengaluru,Karnataka,South
C09448,Ananya Mishra,ananya.mishra9448@example.com,Chennai,Tamil Nadu,South
C09449,Isha Verma,isha.verma9449@example.com,Chennai,Tamil Nadu,South
C09450,Pooja Verma,pooja.verma9450@example.com,Kanpur,Uttar Pradesh,North
C09451,Rohan Yadav,rohan.yadav9451@example.com,Surat,Gujarat,West
C09452,Karan Agarwal,karan.agarwal9452@example.com,Chandigarh,Chandigarh,North
C09453,Rohan Patel,rohan.patel9453@example.com,Chennai,Tamil Nadu,South
C09454,Rahul Yadav,rahul.yadav9454@example.com,Surat,Gujarat,West
C09455,Arjun Agarwal,arjun.agarwal9455@example.com,Mumbai,Maharashtra,West
C09456,Priya Mishra,priya.mishra9456@example.com,Lucknow,Uttar Pradesh,North
C09457,Ankit Yadav,ankit.yadav9457@example.com,Kolkata,West Bengal,East
C09458,Vikash Singh,vikash.singh9458@example.com,Mumbai,Maharashtra,West
C09459,Karan Rajput,karan.rajput9459@example.com,Jaipur,Rajasthan,North
C09460,Rahul Mishra,rahul.mishra9460@example.com,Kochi,Kerala,South
C09461,Aman Agarwal,aman.agarwal9461@example.com,Surat,Gujarat,West
C09462,Ananya Gupta,ananya.gupta9462@example.com,Kanpur,Uttar Pradesh,North
C09463,Karan Mishra,karan.mishra9463@example.com,Surat,Gujarat,West
C09464,Priya Verma,priya.verma9464@example.com,Kanpur,Uttar Pradesh,North
C09465,Priya Rajput,priya.rajput9465@example.com,Pune,Maharashtra,West
C09466,Aditya Agarwal,aditya.agarwal9466@example.com,Ahmedabad,Gujarat,West
C09467,Aarav Yadav,aarav.yadav9467@example.com,Kochi,Kerala,South
C09468,Isha Patel,isha.patel9468@example.com,Jaipur,Rajasthan,North
C09469,Simran Rajput,simran.rajput9469@example.com,Bengaluru,Karnataka,South
C09470,Ananya Agarwal,ananya.agarwal9470@example.com,Bhubaneswar,Odisha,East
C09471,Rohan Gupta,rohan.gupta9471@example.com,Jaipur,Rajasthan,North
C09472,Riya Agarwal,riya.agarwal9472@example.com,Mumbai,Maharashtra,West
C09473,Rahul Yadav,rahul.yadav9473@example.com,Patna,Bihar,East
C09474,Karan Patel,karan.patel9474@example.com,Lucknow,Uttar Pradesh,North
C09475,Pooja Rajput,pooja.rajput9475@example.com,Lucknow,Uttar Pradesh,North
C09476,Arjun Verma,arjun.verma9476@example.com,Pune,Maharashtra,West
C09477,Aditi Yadav,aditi.yadav9477@example.com,Pune,Maharashtra,West
C09478,Pooja Yadav,pooja.yadav9478@example.com,Delhi,Delhi,North
C09479,Kavya Kumar,kavya.kumar9479@example.com,Kanpur,Uttar Pradesh,North
C09480,Kavya Verma,kavya.verma9480@example.com,Bengaluru,Karnataka,South
C09481,Aarav Kumar,aarav.kumar9481@example.com,Bengaluru,Karnataka,South
C09482,Rohan Kumar,rohan.kumar9482@example.com,Mumbai,Maharashtra,West
C09483,Ankit Singh,ankit.singh9483@example.com,Ahmedabad,Gujarat,West
C09484,Aditya Rajput,aditya.rajput9484@example.com,Ahmedabad,Gujarat,West
C09485,Vikash Verma,vikash.verma9485@example.com,Kolkata,West Bengal,East
C09486,Priya Gupta,priya.gupta9486@example.com,Delhi,Delhi,North
C09487,Rahul Mishra,rahul.mishra9487@example.com,Kanpur,Uttar Pradesh,North
C09488,Sahil Gupta,sahil.gupta9488@example.com,Surat,Gujarat,West
C09489,Vikash Gupta,vikash.gupta9489@example.com,Surat,Gujarat,West
C09490,Rohan Sharma,rohan.sharma9490@example.com,Mumbai,Maharashtra,West
C09491,Ankit Verma,ankit.verma9491@example.com,Hyderabad,Telangana,South
C09492,Aarav Agarwal,aarav.agarwal9492@example.com,Bengaluru,Karnataka,South
C09493,Sneha Rajput,sneha.rajput9493@example.com,Hyderabad,Telangana,South
C09494,Arjun Singh,arjun.singh9494@example.com,Kolkata,West Bengal,East
C09495,Arjun Patel,arjun.patel9495@example.com,Kolkata,West Bengal,East
C09496,Ankit Sharma,ankit.sharma9496@example.com,Bengaluru,Karnataka,South
C09497,Rahul Gupta,rahul.gupta9497@example.com,Patna,Bihar,East
C09498,Ananya Verma,ananya.verma9498@example.com,Lucknow,Uttar Pradesh,North
C09499,Karan Yadav,karan.yadav9499@example.com,Jaipur,Rajasthan,North
C09500,Priya Gupta,priya.gupta9500@example.com,Chandigarh,Chandigarh,North
C09501,Sahil Patel,sahil.patel9501@example.com,Lucknow,Uttar Pradesh,North
C09502,Aditi Sharma,aditi.sharma9502@example.com,Mumbai,Maharashtra,West
C09503,Neha Singh,neha.singh9503@example.com,Lucknow,Uttar Pradesh,North
C09504,Aarav Verma,aarav.verma9504@example.com,Chennai,Tamil Nadu,South
C09505,Neha Patel,neha.patel9505@example.com,Surat,Gujarat,West
C09506,Vikash Agarwal,vikash.agarwal9506@example.com,Mumbai,Maharashtra,West
C09507,Aditya Kumar,aditya.kumar9507@example.com,Ahmedabad,Gujarat,West
C09508,Kavya Rajput,kavya.rajput9508@example.com,Kochi,Kerala,South
C09509,Pooja Agarwal,pooja.agarwal9509@example.com,Kolkata,West Bengal,East
C09510,Aditi Kumar,aditi.kumar9510@example.com,Mumbai,Maharashtra,West
C09511,Simran Patel,simran.patel9511@example.com,Ahmedabad,Gujarat,West
C09512,Aman Mishra,aman.mishra9512@example.com,Kochi,Kerala,South
C09513,Arjun Agarwal,arjun.agarwal9513@example.com,Surat,Gujarat,West
C09514,Arjun Singh,arjun.singh9514@example.com,Pune,Maharashtra,West
C09515,Aditi Sharma,aditi.sharma9515@example.com,Ahmedabad,Gujarat,West
C09516,Sahil Kumar,sahil.kumar9516@example.com,Surat,Gujarat,West
C09517,Rohan Gupta,rohan.gupta9517@example.com,Delhi,Delhi,North
C09518,Neha Rajput,neha.rajput9518@example.com,Mumbai,Maharashtra,West
C09519,Isha Verma,isha.verma9519@example.com,Surat,Gujarat,West
C09520,Pooja Verma,pooja.verma9520@example.com,Pune,Maharashtra,West
C09521,Sahil Mishra,sahil.mishra9521@example.com,Ahmedabad,Gujarat,West
C09522,Aman Gupta,aman.gupta9522@example.com,Pune,Maharashtra,West
C09523,Kavya Patel,kavya.patel9523@example.com,Kanpur,Uttar Pradesh,North
C09524,Isha Rajput,isha.rajput9524@example.com,Kolkata,West Bengal,East
C09525,Aditi Gupta,aditi.gupta9525@example.com,Jaipur,Rajasthan,North
C09526,Isha Rajput,isha.rajput9526@example.com,Hyderabad,Telangana,South
C09527,Sahil Kumar,sahil.kumar9527@example.com,Bengaluru,Karnataka,South
C09528,Aman Mishra,aman.mishra9528@example.com,Mumbai,Maharashtra,West
C09529,Neha Agarwal,neha.agarwal9529@example.com,Chandigarh,Chandigarh,North
C09530,Riya Patel,riya.patel9530@example.com,Chennai,Tamil Nadu,South
C09531,Aarav Yadav,aarav.yadav9531@example.com,Surat,Gujarat,West
C09532,Karan Patel,karan.patel9532@example.com,Delhi,Delhi,North
C09533,Simran Patel,simran.patel9533@example.com,Mumbai,Maharashtra,West
C09534,Riya Mishra,riya.mishra9534@example.com,Hyderabad,Telangana,South
C09535,Aditi Gupta,aditi.gupta9535@example.com,Patna,Bihar,East
C09536,Aarav Verma,aarav.verma9536@example.com,Kolkata,West Bengal,East
C09537,Aditi Rajput,aditi.rajput9537@example.com,Bengaluru,Karnataka,South
C09538,Priya Verma,priya.verma9538@example.com,Chennai,Tamil Nadu,South
C09539,Aditi Singh,aditi.singh9539@example.com,Patna,Bihar,East
C09540,Neha Patel,neha.patel9540@example.com,Jaipur,Rajasthan,North
C09541,Ankit Yadav,ankit.yadav9541@example.com,Kanpur,Uttar Pradesh,North
C09542,Riya Mishra,riya.mishra9542@example.com,Pune,Maharashtra,West
C09543,Aarav Sharma,aarav.sharma9543@example.com,Chennai,Tamil Nadu,South
C09544,Ankit Kumar,ankit.kumar9544@example.com,Bhubaneswar,Odisha,East
C09545,Karan Gupta,karan.gupta9545@example.com,Bengaluru,Karnataka,South
C09546,Aditi Rajput,aditi.rajput9546@example.com,Kochi,Kerala,South
C09547,Isha Rajput,isha.rajput9547@example.com,Kolkata,West Bengal,East
C09548,Sneha Agarwal,sneha.agarwal9548@example.com,Surat,Gujarat,West
C09549,Sneha Sharma,sneha.sharma9549@example.com,Kolkata,West Bengal,East
C09550,Rahul Yadav,rahul.yadav9550@example.com,Delhi,Delhi,North
C09551,Pooja Agarwal,pooja.agarwal9551@example.com,Jaipur,Rajasthan,North
C09552,Arjun Gupta,arjun.gupta9552@example.com,Bhubaneswar,Odisha,East
C09553,Arjun Singh,arjun.singh9553@example.com,Delhi,Delhi,North
C09554,Karan Mishra,karan.mishra9554@example.com,Surat,Gujarat,West
C09555,Sneha Singh,sneha.singh9555@example.com,Chennai,Tamil Nadu,South
C09556,Neha Yadav,neha.yadav9556@example.com,Hyderabad,Telangana,South
C09557,Pooja Rajput,pooja.rajput9557@example.com,Chennai,Tamil Nadu,South
C09558,Aarav Patel,aarav.patel9558@example.com,Lucknow,Uttar Pradesh,North
C09559,Riya Mishra,riya.mishra9559@example.com,Kolkata,West Bengal,East
C09560,Aarav Singh,aarav.singh9560@example.com,Kochi,Kerala,South
C09561,Kavya Gupta,kavya.gupta9561@example.com,Surat,Gujarat,West
C09562,Simran Kumar,simran.kumar9562@example.com,Pune,Maharashtra,West
C09563,Sahil Verma,sahil.verma9563@example.com,Hyderabad,Telangana,South
C09564,Aditi Rajput,aditi.rajput9564@example.com,Chennai,Tamil Nadu,South
C09565,Aarav Gupta,aarav.gupta9565@example.com,Chennai,Tamil Nadu,South
C09566,Aarav Patel,aarav.patel9566@example.com,Kolkata,West Bengal,East
C09567,Pooja Agarwal,pooja.agarwal9567@example.com,Ahmedabad,Gujarat,West
C09568,Kavya Patel,kavya.patel9568@example.com,Bengaluru,Karnataka,South
C09569,Aditya Kumar,aditya.kumar9569@example.com,Surat,Gujarat,West
C09570,Vikash Mishra,vikash.mishra9570@example.com,Kolkata,West Bengal,East
C09571,Arjun Yadav,arjun.yadav9571@example.com,Mumbai,Maharashtra,West
C09572,Priya Yadav,priya.yadav9572@example.com,Kanpur,Uttar Pradesh,North
C09573,Sahil Sharma,sahil.sharma9573@example.com,Chandigarh,Chandigarh,North
C09574,Priya Sharma,priya.sharma9574@example.com,Ahmedabad,Gujarat,West
C09575,Riya Patel,riya.patel9575@example.com,Patna,Bihar,East
C09576,Pooja Kumar,pooja.kumar9576@example.com,Kochi,Kerala,South
C09577,Sahil Mishra,sahil.mishra9577@example.com,Lucknow,Uttar Pradesh,North
C09578,Pooja Verma,pooja.verma9578@example.com,Bengaluru,Karnataka,South
C09579,Simran Verma,simran.verma9579@example.com,Kolkata,West Bengal,East
C09580,Riya Sharma,riya.sharma9580@example.com,Kochi,Kerala,South
C09581,Karan Patel,karan.patel9581@example.com,Hyderabad,Telangana,South
C09582,Aman Sharma,aman.sharma9582@example.com,Lucknow,Uttar Pradesh,North
C09583,Aarav Singh,aarav.singh9583@example.com,Chandigarh,Chandigarh,North
C09584,Sneha Mishra,sneha.mishra9584@example.com,Kochi,Kerala,South
C09585,Aditi Patel,aditi.patel9585@example.com,Lucknow,Uttar Pradesh,North
C09586,Aditi Verma,aditi.verma9586@example.com,Delhi,Delhi,North
C09587,Sahil Mishra,sahil.mishra9587@example.com,Hyderabad,Telangana,South
C09588,Rohan Yadav,rohan.yadav9588@example.com,Bhubaneswar,Odisha,East
C09589,Ananya Mishra,ananya.mishra9589@example.com,Kochi,Kerala,South
C09590,Kavya Sharma,kavya.sharma9590@example.com,Pune,Maharashtra,West
C09591,Neha Patel,neha.patel9591@example.com,Kolkata,West Bengal,East
C09592,Rohan Sharma,rohan.sharma9592@example.com,Pune,Maharashtra,West
C09593,Pooja Verma,pooja.verma9593@example.com,Surat,Gujarat,West
C09594,Sahil Gupta,sahil.gupta9594@example.com,Pune,Maharashtra,West
C09595,Aditi Gupta,aditi.gupta9595@example.com,Kochi,Kerala,South
C09596,Isha Agarwal,isha.agarwal9596@example.com,Kochi,Kerala,South
C09597,Aman Verma,aman.verma9597@example.com,Kanpur,Uttar Pradesh,North
C09598,Riya Singh,riya.singh9598@example.com,Chandigarh,Chandigarh,North
C09599,Karan Verma,karan.verma9599@example.com,Hyderabad,Telangana,South
C09600,Sneha Rajput,sneha.rajput9600@example.com,Lucknow,Uttar Pradesh,North
C09601,Kavya Sharma,kavya.sharma9601@example.com,Bhubaneswar,Odisha,East
C09602,Aman Singh,aman.singh9602@example.com,Bhubaneswar,Odisha,East
C09603,Sahil Gupta,sahil.gupta9603@example.com,Hyderabad,Telangana,South
C09604,Sneha Yadav,sneha.yadav9604@example.com,Kolkata,West Bengal,East
C09605,Vikash Rajput,vikash.rajput9605@example.com,Chandigarh,Chandigarh,North
C09606,Neha Verma,neha.verma9606@example.com,Kochi,Kerala,South
C09607,Sneha Mishra,sneha.mishra9607@example.com,Chennai,Tamil Nadu,South
C09608,Aditya Mishra,aditya.mishra9608@example.com,Patna,Bihar,East
C09609,Kavya Gupta,kavya.gupta9609@example.com,Patna,Bihar,East
C09610,Ananya Agarwal,ananya.agarwal9610@example.com,Surat,Gujarat,West
C09611,Sahil Verma,sahil.verma9611@example.com,Bengaluru,Karnataka,South
C09612,Isha Patel,isha.patel9612@example.com,Chandigarh,Chandigarh,North
C09613,Simran Patel,simran.patel9613@example.com,Pune,Maharashtra,West
C09614,Sneha Yadav,sneha.yadav9614@example.com,Surat,Gujarat,West
C09615,Aarav Verma,aarav.verma9615@example.com,Patna,Bihar,East
C09616,Neha Yadav,neha.yadav9616@example.com,Kolkata,West Bengal,East
C09617,Riya Yadav,riya.yadav9617@example.com,Bengaluru,Karnataka,South
C09618,Aarav Gupta,aarav.gupta9618@example.com,Chandigarh,Chandigarh,North
C09619,Aarav Yadav,aarav.yadav9619@example.com,Kolkata,West Bengal,East
C09620,Sneha Patel,sneha.patel9620@example.com,Lucknow,Uttar Pradesh,North
C09621,Sahil Agarwal,sahil.agarwal9621@example.com,Bhubaneswar,Odisha,East
C09622,Ananya Verma,ananya.verma9622@example.com,Bengaluru,Karnataka,South
C09623,Arjun Singh,arjun.singh9623@example.com,Chennai,Tamil Nadu,South
C09624,Kavya Verma,kavya.verma9624@example.com,Pune,Maharashtra,West
C09625,Aditya Agarwal,aditya.agarwal9625@example.com,Jaipur,Rajasthan,North
C09626,Aditya Sharma,aditya.sharma9626@example.com,Surat,Gujarat,West
C09627,Aditya Rajput,aditya.rajput9627@example.com,Hyderabad,Telangana,South
C09628,Neha Patel,neha.patel9628@example.com,Chandigarh,Chandigarh,North
C09629,Aman Gupta,aman.gupta9629@example.com,Surat,Gujarat,West
C09630,Priya Verma,priya.verma9630@example.com,Chennai,Tamil Nadu,South
C09631,Pooja Patel,pooja.patel9631@example.com,Ahmedabad,Gujarat,West
C09632,Priya Kumar,priya.kumar9632@example.com,Pune,Maharashtra,West
C09633,Rohan Rajput,rohan.rajput9633@example.com,Kolkata,West Bengal,East
C09634,Aditya Sharma,aditya.sharma9634@example.com,Jaipur,Rajasthan,North
C09635,Ankit Yadav,ankit.yadav9635@example.com,Delhi,Delhi,North
C09636,Simran Singh,simran.singh9636@example.com,Lucknow,Uttar Pradesh,North
C09637,Aditya Verma,aditya.verma9637@example.com,Bengaluru,Karnataka,South
C09638,Simran Patel,simran.patel9638@example.com,Kolkata,West Bengal,East
C09639,Arjun Singh,arjun.singh9639@example.com,Kochi,Kerala,South
C09640,Priya Singh,priya.singh9640@example.com,Lucknow,Uttar Pradesh,North
C09641,Riya Singh,riya.singh9641@example.com,Chennai,Tamil Nadu,South
C09642,Isha Verma,isha.verma9642@example.com,Bhubaneswar,Odisha,East
C09643,Ankit Rajput,ankit.rajput9643@example.com,Kolkata,West Bengal,East
C09644,Arjun Gupta,arjun.gupta9644@example.com,Bengaluru,Karnataka,South
C09645,Kavya Yadav,kavya.yadav9645@example.com,Kolkata,West Bengal,East
C09646,Arjun Mishra,arjun.mishra9646@example.com,Kolkata,West Bengal,East
C09647,Isha Yadav,isha.yadav9647@example.com,Delhi,Delhi,North
C09648,Ankit Yadav,ankit.yadav9648@example.com,Kolkata,West Bengal,East
C09649,Neha Rajput,neha.rajput9649@example.com,Chandigarh,Chandigarh,North
C09650,Aditi Sharma,aditi.sharma9650@example.com,Hyderabad,Telangana,South
C09651,Rohan Patel,rohan.patel9651@example.com,Kochi,Kerala,South
C09652,Priya Agarwal,priya.agarwal9652@example.com,Hyderabad,Telangana,South
C09653,Aarav Mishra,aarav.mishra9653@example.com,Lucknow,Uttar Pradesh,North
C09654,Ankit Kumar,ankit.kumar9654@example.com,Ahmedabad,Gujarat,West
C09655,Aman Sharma,aman.sharma9655@example.com,Mumbai,Maharashtra,West
C09656,Simran Kumar,simran.kumar9656@example.com,Patna,Bihar,East
C09657,Pooja Gupta,pooja.gupta9657@example.com,Delhi,Delhi,North
C09658,Priya Gupta,priya.gupta9658@example.com,Patna,Bihar,East
C09659,Aman Agarwal,aman.agarwal9659@example.com,Kolkata,West Bengal,East
C09660,Vikash Kumar,vikash.kumar9660@example.com,Lucknow,Uttar Pradesh,North
C09661,Ankit Sharma,ankit.sharma9661@example.com,Hyderabad,Telangana,South
C09662,Arjun Verma,arjun.verma9662@example.com,Lucknow,Uttar Pradesh,North
C09663,Riya Rajput,riya.rajput9663@example.com,Kochi,Kerala,South
C09664,Aditya Gupta,aditya.gupta9664@example.com,Patna,Bihar,East
C09665,Sahil Yadav,sahil.yadav9665@example.com,Ahmedabad,Gujarat,West
C09666,Karan Mishra,karan.mishra9666@example.com,Lucknow,Uttar Pradesh,North
C09667,Ankit Yadav,ankit.yadav9667@example.com,Chennai,Tamil Nadu,South
C09668,Vikash Gupta,vikash.gupta9668@example.com,Bhubaneswar,Odisha,East
C09669,Sahil Gupta,sahil.gupta9669@example.com,Chandigarh,Chandigarh,North
C09670,Aarav Verma,aarav.verma9670@example.com,Chennai,Tamil Nadu,South
C09671,Aditi Gupta,aditi.gupta9671@example.com,Bengaluru,Karnataka,South
C09672,Rahul Sharma,rahul.sharma9672@example.com,Mumbai,Maharashtra,West
C09673,Aman Mishra,aman.mishra9673@example.com,Patna,Bihar,East
C09674,Aman Patel,aman.patel9674@example.com,Lucknow,Uttar Pradesh,North
C09675,Riya Rajput,riya.rajput9675@example.com,Kolkata,West Bengal,East
C09676,Sahil Yadav,sahil.yadav9676@example.com,Patna,Bihar,East
C09677,Sahil Singh,sahil.singh9677@example.com,Pune,Maharashtra,West
C09678,Arjun Verma,arjun.verma9678@example.com,Hyderabad,Telangana,South
C09679,Arjun Mishra,arjun.mishra9679@example.com,Pune,Maharashtra,West
C09680,Aarav Kumar,aarav.kumar9680@example.com,Hyderabad,Telangana,South
C09681,Isha Patel,isha.patel9681@example.com,Pune,Maharashtra,West
C09682,Ankit Rajput,ankit.rajput9682@example.com,Chennai,Tamil Nadu,South
C09683,Riya Singh,riya.singh9683@example.com,Hyderabad,Telangana,South
C09684,Karan Agarwal,karan.agarwal9684@example.com,Hyderabad,Telangana,South
C09685,Vikash Singh,vikash.singh9685@example.com,Patna,Bihar,East
C09686,Riya Agarwal,riya.agarwal9686@example.com,Chennai,Tamil Nadu,South
C09687,Priya Agarwal,priya.agarwal9687@example.com,Jaipur,Rajasthan,North
C09688,Simran Mishra,simran.mishra9688@example.com,Bengaluru,Karnataka,South
C09689,Arjun Kumar,arjun.kumar9689@example.com,Kochi,Kerala,South
C09690,Priya Patel,priya.patel9690@example.com,Kanpur,Uttar Pradesh,North
C09691,Neha Yadav,neha.yadav9691@example.com,Hyderabad,Telangana,South
C09692,Aditi Kumar,aditi.kumar9692@example.com,Pune,Maharashtra,West
C09693,Riya Verma,riya.verma9693@example.com,Kanpur,Uttar Pradesh,North
C09694,Simran Verma,simran.verma9694@example.com,Bengaluru,Karnataka,South
C09695,Riya Agarwal,riya.agarwal9695@example.com,Lucknow,Uttar Pradesh,North
C09696,Riya Sharma,riya.sharma9696@example.com,Jaipur,Rajasthan,North
C09697,Karan Mishra,karan.mishra9697@example.com,Lucknow,Uttar Pradesh,North
C09698,Ankit Rajput,ankit.rajput9698@example.com,Pune,Maharashtra,West
C09699,Ankit Kumar,ankit.kumar9699@example.com,Mumbai,Maharashtra,West
C09700,Sahil Kumar,sahil.kumar9700@example.com,Kanpur,Uttar Pradesh,North
C09701,Aditi Patel,aditi.patel9701@example.com,Bhubaneswar,Odisha,East
C09702,Aman Sharma,aman.sharma9702@example.com,Kanpur,Uttar Pradesh,North
C09703,Vikash Singh,vikash.singh9703@example.com,Chennai,Tamil Nadu,South
C09704,Rohan Yadav,rohan.yadav9704@example.com,Pune,Maharashtra,West
C09705,Sahil Singh,sahil.singh9705@example.com,Lucknow,Uttar Pradesh,North
C09706,Sahil Rajput,sahil.rajput9706@example.com,Lucknow,Uttar Pradesh,North
C09707,Karan Verma,karan.verma9707@example.com,Lucknow,Uttar Pradesh,North
C09708,Priya Patel,priya.patel9708@example.com,Hyderabad,Telangana,South
C09709,Karan Sharma,karan.sharma9709@example.com,Lucknow,Uttar Pradesh,North
C09710,Priya Verma,priya.verma9710@example.com,Jaipur,Rajasthan,North
C09711,Karan Sharma,karan.sharma9711@example.com,Bengaluru,Karnataka,South
C09712,Sahil Sharma,sahil.sharma9712@example.com,Bhubaneswar,Odisha,East
C09713,Sneha Mishra,sneha.mishra9713@example.com,Lucknow,Uttar Pradesh,North
C09714,Rahul Sharma,rahul.sharma9714@example.com,Kolkata,West Bengal,East
C09715,Ananya Agarwal,ananya.agarwal9715@example.com,Bengaluru,Karnataka,South
C09716,Priya Patel,priya.patel9716@example.com,Bhubaneswar,Odisha,East
C09717,Pooja Rajput,pooja.rajput9717@example.com,Ahmedabad,Gujarat,West
C09718,Sahil Patel,sahil.patel9718@example.com,Bengaluru,Karnataka,South
C09719,Rahul Mishra,rahul.mishra9719@example.com,Mumbai,Maharashtra,West
C09720,Aditi Agarwal,aditi.agarwal9720@example.com,Kanpur,Uttar Pradesh,North
C09721,Rohan Rajput,rohan.rajput9721@example.com,Surat,Gujarat,West
C09722,Priya Kumar,priya.kumar9722@example.com,Jaipur,Rajasthan,North
C09723,Pooja Gupta,pooja.gupta9723@example.com,Lucknow,Uttar Pradesh,North
C09724,Aditi Singh,aditi.singh9724@example.com,Delhi,Delhi,North
C09725,Pooja Singh,pooja.singh9725@example.com,Kochi,Kerala,South
C09726,Neha Agarwal,neha.agarwal9726@example.com,Lucknow,Uttar Pradesh,North
C09727,Aarav Sharma,aarav.sharma9727@example.com,Chandigarh,Chandigarh,North
C09728,Vikash Gupta,vikash.gupta9728@example.com,Chandigarh,Chandigarh,North
C09729,Rahul Rajput,rahul.rajput9729@example.com,Chandigarh,Chandigarh,North
C09730,Pooja Mishra,pooja.mishra9730@example.com,Chandigarh,Chandigarh,North
C09731,Rohan Singh,rohan.singh9731@example.com,Patna,Bihar,East
C09732,Ananya Rajput,ananya.rajput9732@example.com,Mumbai,Maharashtra,West
C09733,Neha Agarwal,neha.agarwal9733@example.com,Kochi,Kerala,South
C09734,Rohan Sharma,rohan.sharma9734@example.com,Pune,Maharashtra,West
C09735,Ankit Yadav,ankit.yadav9735@example.com,Lucknow,Uttar Pradesh,North
C09736,Aarav Sharma,aarav.sharma9736@example.com,Hyderabad,Telangana,South
C09737,Simran Verma,simran.verma9737@example.com,Chandigarh,Chandigarh,North
C09738,Ananya Yadav,ananya.yadav9738@example.com,Chandigarh,Chandigarh,North
C09739,Rohan Mishra,rohan.mishra9739@example.com,Bhubaneswar,Odisha,East
C09740,Aditya Verma,aditya.verma9740@example.com,Mumbai,Maharashtra,West
C09741,Rohan Sharma,rohan.sharma9741@example.com,Jaipur,Rajasthan,North
C09742,Sneha Gupta,sneha.gupta9742@example.com,Chennai,Tamil Nadu,South
C09743,Aditi Yadav,aditi.yadav9743@example.com,Chandigarh,Chandigarh,North
C09744,Ankit Verma,ankit.verma9744@example.com,Bhubaneswar,Odisha,East
C09745,Rahul Kumar,rahul.kumar9745@example.com,Hyderabad,Telangana,South
C09746,Arjun Gupta,arjun.gupta9746@example.com,Chennai,Tamil Nadu,South
C09747,Vikash Sharma,vikash.sharma9747@example.com,Chennai,Tamil Nadu,South
C09748,Isha Sharma,isha.sharma9748@example.com,Chandigarh,Chandigarh,North
C09749,Isha Rajput,isha.rajput9749@example.com,Delhi,Delhi,North
C09750,Neha Sharma,neha.sharma9750@example.com,Bengaluru,Karnataka,South
C09751,Riya Sharma,riya.sharma9751@example.com,Mumbai,Maharashtra,West
C09752,Vikash Gupta,vikash.gupta9752@example.com,Delhi,Delhi,North
C09753,Pooja Patel,pooja.patel9753@example.com,Bengaluru,Karnataka,South
C09754,Kavya Gupta,kavya.gupta9754@example.com,Bhubaneswar,Odisha,East
C09755,Neha Agarwal,neha.agarwal9755@example.com,Chennai,Tamil Nadu,South
C09756,Aditya Agarwal,aditya.agarwal9756@example.com,Delhi,Delhi,North
C09757,Ankit Singh,ankit.singh9757@example.com,Chennai,Tamil Nadu,South
C09758,Pooja Rajput,pooja.rajput9758@example.com,Surat,Gujarat,West
C09759,Karan Sharma,karan.sharma9759@example.com,Kanpur,Uttar Pradesh,North
C09760,Neha Patel,neha.patel9760@example.com,Hyderabad,Telangana,South
C09761,Pooja Kumar,pooja.kumar9761@example.com,Ahmedabad,Gujarat,West
C09762,Isha Mishra,isha.mishra9762@example.com,Patna,Bihar,East
C09763,Isha Mishra,isha.mishra9763@example.com,Bhubaneswar,Odisha,East
C09764,Neha Patel,neha.patel9764@example.com,Kolkata,West Bengal,East
C09765,Aditi Agarwal,aditi.agarwal9765@example.com,Ahmedabad,Gujarat,West
C09766,Arjun Verma,arjun.verma9766@example.com,Kochi,Kerala,South
C09767,Aditya Rajput,aditya.rajput9767@example.com,Chandigarh,Chandigarh,North
C09768,Rohan Agarwal,rohan.agarwal9768@example.com,Delhi,Delhi,North
C09769,Arjun Singh,arjun.singh9769@example.com,Pune,Maharashtra,West
C09770,Riya Rajput,riya.rajput9770@example.com,Delhi,Delhi,North
C09771,Ankit Yadav,ankit.yadav9771@example.com,Surat,Gujarat,West
C09772,Sneha Singh,sneha.singh9772@example.com,Delhi,Delhi,North
C09773,Karan Mishra,karan.mishra9773@example.com,Delhi,Delhi,North
C09774,Karan Patel,karan.patel9774@example.com,Kanpur,Uttar Pradesh,North
C09775,Ankit Mishra,ankit.mishra9775@example.com,Chennai,Tamil Nadu,South
C09776,Aman Mishra,aman.mishra9776@example.com,Mumbai,Maharashtra,West
C09777,Simran Gupta,simran.gupta9777@example.com,Bengaluru,Karnataka,South
C09778,Arjun Agarwal,arjun.agarwal9778@example.com,Kanpur,Uttar Pradesh,North
C09779,Ankit Yadav,ankit.yadav9779@example.com,Jaipur,Rajasthan,North
C09780,Ananya Verma,ananya.verma9780@example.com,Bengaluru,Karnataka,South
C09781,Sneha Kumar,sneha.kumar9781@example.com,Ahmedabad,Gujarat,West
C09782,Simran Patel,simran.patel9782@example.com,Lucknow,Uttar Pradesh,North
C09783,Pooja Yadav,pooja.yadav9783@example.com,Pune,Maharashtra,West
C09784,Aditya Agarwal,aditya.agarwal9784@example.com,Chennai,Tamil Nadu,South
C09785,Aman Kumar,aman.kumar9785@example.com,Kochi,Kerala,South
C09786,Kavya Sharma,kavya.sharma9786@example.com,Surat,Gujarat,West
C09787,Isha Mishra,isha.mishra9787@example.com,Kochi,Kerala,South
C09788,Isha Rajput,isha.rajput9788@example.com,Chennai,Tamil Nadu,South
C09789,Neha Kumar,neha.kumar9789@example.com,Mumbai,Maharashtra,West
C09790,Ananya Mishra,ananya.mishra9790@example.com,Mumbai,Maharashtra,West
C09791,Vikash Mishra,vikash.mishra9791@example.com,Mumbai,Maharashtra,West
C09792,Riya Sharma,riya.sharma9792@example.com,Kanpur,Uttar Pradesh,North
C09793,Isha Verma,isha.verma9793@example.com,Chandigarh,Chandigarh,North
C09794,Aman Patel,aman.patel9794@example.com,Pune,Maharashtra,West
C09795,Aditya Rajput,aditya.rajput9795@example.com,Chennai,Tamil Nadu,South
C09796,Pooja Mishra,pooja.mishra9796@example.com,Bengaluru,Karnataka,South
C09797,Pooja Yadav,pooja.yadav9797@example.com,Kolkata,West Bengal,East
C09798,Kavya Mishra,kavya.mishra9798@example.com,Delhi,Delhi,North
C09799,Aditi Rajput,aditi.rajput9799@example.com,Surat,Gujarat,West
C09800,Priya Mishra,priya.mishra9800@example.com,Ahmedabad,Gujarat,West
C09801,Kavya Gupta,kavya.gupta9801@example.com,Surat,Gujarat,West
C09802,Simran Patel,simran.patel9802@example.com,Patna,Bihar,East
C09803,Priya Kumar,priya.kumar9803@example.com,Lucknow,Uttar Pradesh,North
C09804,Aman Patel,aman.patel9804@example.com,Pune,Maharashtra,West
C09805,Arjun Yadav,arjun.yadav9805@example.com,Chennai,Tamil Nadu,South
C09806,Ananya Patel,ananya.patel9806@example.com,Mumbai,Maharashtra,West
C09807,Isha Agarwal,isha.agarwal9807@example.com,Patna,Bihar,East
C09808,Ankit Mishra,ankit.mishra9808@example.com,Bhubaneswar,Odisha,East
C09809,Ankit Singh,ankit.singh9809@example.com,Lucknow,Uttar Pradesh,North
C09810,Sahil Mishra,sahil.mishra9810@example.com,Kochi,Kerala,South
C09811,Vikash Rajput,vikash.rajput9811@example.com,Bhubaneswar,Odisha,East
C09812,Priya Singh,priya.singh9812@example.com,Kanpur,Uttar Pradesh,North
C09813,Aditi Agarwal,aditi.agarwal9813@example.com,Patna,Bihar,East
C09814,Pooja Gupta,pooja.gupta9814@example.com,Chennai,Tamil Nadu,South
C09815,Aman Gupta,aman.gupta9815@example.com,Kolkata,West Bengal,East
C09816,Ananya Patel,ananya.patel9816@example.com,Lucknow,Uttar Pradesh,North
C09817,Ananya Rajput,ananya.rajput9817@example.com,Bengaluru,Karnataka,South
C09818,Rahul Agarwal,rahul.agarwal9818@example.com,Kochi,Kerala,South
C09819,Sneha Mishra,sneha.mishra9819@example.com,Kolkata,West Bengal,East
C09820,Aman Sharma,aman.sharma9820@example.com,Jaipur,Rajasthan,North
C09821,Simran Verma,simran.verma9821@example.com,Hyderabad,Telangana,South
C09822,Isha Kumar,isha.kumar9822@example.com,Jaipur,Rajasthan,North
C09823,Rahul Rajput,rahul.rajput9823@example.com,Pune,Maharashtra,West
C09824,Aditya Singh,aditya.singh9824@example.com,Chennai,Tamil Nadu,South
C09825,Simran Yadav,simran.yadav9825@example.com,Chandigarh,Chandigarh,North
C09826,Vikash Gupta,vikash.gupta9826@example.com,Chandigarh,Chandigarh,North
C09827,Rohan Mishra,rohan.mishra9827@example.com,Surat,Gujarat,West
C09828,Riya Verma,riya.verma9828@example.com,Bengaluru,Karnataka,South
C09829,Aditi Kumar,aditi.kumar9829@example.com,Patna,Bihar,East
C09830,Neha Rajput,neha.rajput9830@example.com,Jaipur,Rajasthan,North
C09831,Simran Mishra,simran.mishra9831@example.com,Surat,Gujarat,West
C09832,Pooja Sharma,pooja.sharma9832@example.com,Lucknow,Uttar Pradesh,North
C09833,Isha Sharma,isha.sharma9833@example.com,Surat,Gujarat,West
C09834,Aarav Verma,aarav.verma9834@example.com,Pune,Maharashtra,West
C09835,Sahil Mishra,sahil.mishra9835@example.com,Delhi,Delhi,North
C09836,Arjun Patel,arjun.patel9836@example.com,Ahmedabad,Gujarat,West
C09837,Sneha Verma,sneha.verma9837@example.com,Hyderabad,Telangana,South
C09838,Isha Rajput,isha.rajput9838@example.com,Kochi,Kerala,South
C09839,Kavya Singh,kavya.singh9839@example.com,Hyderabad,Telangana,South
C09840,Priya Gupta,priya.gupta9840@example.com,Surat,Gujarat,West
C09841,Pooja Sharma,pooja.sharma9841@example.com,Hyderabad,Telangana,South
C09842,Aman Agarwal,aman.agarwal9842@example.com,Chandigarh,Chandigarh,North
C09843,Neha Sharma,neha.sharma9843@example.com,Kolkata,West Bengal,East
C09844,Kavya Gupta,kavya.gupta9844@example.com,Kochi,Kerala,South
C09845,Rohan Yadav,rohan.yadav9845@example.com,Chandigarh,Chandigarh,North
C09846,Aditya Patel,aditya.patel9846@example.com,Pune,Maharashtra,West
C09847,Neha Gupta,neha.gupta9847@example.com,Lucknow,Uttar Pradesh,North
C09848,Rahul Agarwal,rahul.agarwal9848@example.com,Chandigarh,Chandigarh,North
C09849,Isha Patel,isha.patel9849@example.com,Kolkata,West Bengal,East
C09850,Sneha Kumar,sneha.kumar9850@example.com,Hyderabad,Telangana,South
C09851,Aditya Kumar,aditya.kumar9851@example.com,Lucknow,Uttar Pradesh,North
C09852,Ananya Patel,ananya.patel9852@example.com,Pune,Maharashtra,West
C09853,Riya Verma,riya.verma9853@example.com,Delhi,Delhi,North
C09854,Kavya Yadav,kavya.yadav9854@example.com,Chennai,Tamil Nadu,South
C09855,Priya Mishra,priya.mishra9855@example.com,Chandigarh,Chandigarh,North
C09856,Arjun Kumar,arjun.kumar9856@example.com,Kochi,Kerala,South
C09857,Vikash Rajput,vikash.rajput9857@example.com,Surat,Gujarat,West
C09858,Karan Agarwal,karan.agarwal9858@example.com,Hyderabad,Telangana,South
C09859,Neha Yadav,neha.yadav9859@example.com,Surat,Gujarat,West
C09860,Sahil Rajput,sahil.rajput9860@example.com,Delhi,Delhi,North
C09861,Sneha Mishra,sneha.mishra9861@example.com,Delhi,Delhi,North
C09862,Kavya Patel,kavya.patel9862@example.com,Lucknow,Uttar Pradesh,North
C09863,Simran Agarwal,simran.agarwal9863@example.com,Kanpur,Uttar Pradesh,North
C09864,Aditi Mishra,aditi.mishra9864@example.com,Lucknow,Uttar Pradesh,North
C09865,Sneha Yadav,sneha.yadav9865@example.com,Hyderabad,Telangana,South
C09866,Ananya Singh,ananya.singh9866@example.com,Chandigarh,Chandigarh,North
C09867,Simran Gupta,simran.gupta9867@example.com,Bengaluru,Karnataka,South
C09868,Rahul Gupta,rahul.gupta9868@example.com,Mumbai,Maharashtra,West
C09869,Priya Verma,priya.verma9869@example.com,Kanpur,Uttar Pradesh,North
C09870,Pooja Gupta,pooja.gupta9870@example.com,Mumbai,Maharashtra,West
C09871,Isha Verma,isha.verma9871@example.com,Chennai,Tamil Nadu,South
C09872,Simran Yadav,simran.yadav9872@example.com,Surat,Gujarat,West
C09873,Sneha Yadav,sneha.yadav9873@example.com,Kolkata,West Bengal,East
C09874,Ananya Rajput,ananya.rajput9874@example.com,Chennai,Tamil Nadu,South
C09875,Simran Sharma,simran.sharma9875@example.com,Patna,Bihar,East
C09876,Aarav Patel,aarav.patel9876@example.com,Chennai,Tamil Nadu,South
C09877,Sahil Agarwal,sahil.agarwal9877@example.com,Surat,Gujarat,West
C09878,Karan Gupta,karan.gupta9878@example.com,Ahmedabad,Gujarat,West
C09879,Pooja Mishra,pooja.mishra9879@example.com,Patna,Bihar,East
C09880,Kavya Singh,kavya.singh9880@example.com,Chennai,Tamil Nadu,South
C09881,Pooja Agarwal,pooja.agarwal9881@example.com,Mumbai,Maharashtra,West
C09882,Rohan Sharma,rohan.sharma9882@example.com,Surat,Gujarat,West
C09883,Aditi Sharma,aditi.sharma9883@example.com,Patna,Bihar,East
C09884,Neha Verma,neha.verma9884@example.com,Bengaluru,Karnataka,South
C09885,Rahul Patel,rahul.patel9885@example.com,Pune,Maharashtra,West
C09886,Ananya Agarwal,ananya.agarwal9886@example.com,Bhubaneswar,Odisha,East
C09887,Sneha Singh,sneha.singh9887@example.com,Jaipur,Rajasthan,North
C09888,Aditya Singh,aditya.singh9888@example.com,Kanpur,Uttar Pradesh,North
C09889,Priya Gupta,priya.gupta9889@example.com,Bhubaneswar,Odisha,East
C09890,Sneha Verma,sneha.verma9890@example.com,Bengaluru,Karnataka,South
C09891,Aditi Gupta,aditi.gupta9891@example.com,Ahmedabad,Gujarat,West
C09892,Arjun Gupta,arjun.gupta9892@example.com,Patna,Bihar,East
C09893,Rohan Kumar,rohan.kumar9893@example.com,Hyderabad,Telangana,South
C09894,Ananya Yadav,ananya.yadav9894@example.com,Chennai,Tamil Nadu,South
C09895,Neha Gupta,neha.gupta9895@example.com,Kanpur,Uttar Pradesh,North
C09896,Aman Patel,aman.patel9896@example.com,Surat,Gujarat,West
C09897,Kavya Gupta,kavya.gupta9897@example.com,Kanpur,Uttar Pradesh,North
C09898,Neha Mishra,neha.mishra9898@example.com,Chennai,Tamil Nadu,South
C09899,Ananya Yadav,ananya.yadav9899@example.com,Pune,Maharashtra,West
C09900,Aditi Patel,aditi.patel9900@example.com,Chandigarh,Chandigarh,North
C09901,Aman Kumar,aman.kumar9901@example.com,Hyderabad,Telangana,South
C09902,Ananya Patel,ananya.patel9902@example.com,Delhi,Delhi,North
C09903,Simran Patel,simran.patel9903@example.com,Patna,Bihar,East
C09904,Aditi Gupta,aditi.gupta9904@example.com,Patna,Bihar,East
C09905,Ananya Mishra,ananya.mishra9905@example.com,Kanpur,Uttar Pradesh,North
C09906,Pooja Rajput,pooja.rajput9906@example.com,Jaipur,Rajasthan,North
C09907,Rohan Mishra,rohan.mishra9907@example.com,Surat,Gujarat,West
C09908,Rahul Verma,rahul.verma9908@example.com,Kolkata,West Bengal,East
C09909,Vikash Verma,vikash.verma9909@example.com,Pune,Maharashtra,West
C09910,Sahil Yadav,sahil.yadav9910@example.com,Delhi,Delhi,North
C09911,Sahil Sharma,sahil.sharma9911@example.com,Bhubaneswar,Odisha,East
C09912,Rahul Gupta,rahul.gupta9912@example.com,Kochi,Kerala,South
C09913,Simran Yadav,simran.yadav9913@example.com,Kanpur,Uttar Pradesh,North
C09914,Ankit Yadav,ankit.yadav9914@example.com,Patna,Bihar,East
C09915,Aman Gupta,aman.gupta9915@example.com,Kanpur,Uttar Pradesh,North
C09916,Riya Patel,riya.patel9916@example.com,Chennai,Tamil Nadu,South
C09917,Simran Patel,simran.patel9917@example.com,Jaipur,Rajasthan,North
C09918,Isha Verma,isha.verma9918@example.com,Patna,Bihar,East
C09919,Sahil Patel,sahil.patel9919@example.com,Kochi,Kerala,South
C09920,Aditya Singh,aditya.singh9920@example.com,Bhubaneswar,Odisha,East
C09921,Aarav Verma,aarav.verma9921@example.com,Kochi,Kerala,South
C09922,Rahul Sharma,rahul.sharma9922@example.com,Lucknow,Uttar Pradesh,North
C09923,Sneha Patel,sneha.patel9923@example.com,Delhi,Delhi,North
C09924,Aditya Singh,aditya.singh9924@example.com,Bhubaneswar,Odisha,East
C09925,Aditya Rajput,aditya.rajput9925@example.com,Bhubaneswar,Odisha,East
C09926,Simran Gupta,simran.gupta9926@example.com,Jaipur,Rajasthan,North
C09927,Kavya Mishra,kavya.mishra9927@example.com,Kolkata,West Bengal,East
C09928,Aditi Kumar,aditi.kumar9928@example.com,Chennai,Tamil Nadu,South
C09929,Priya Singh,priya.singh9929@example.com,Kochi,Kerala,South
C09930,Rohan Singh,rohan.singh9930@example.com,Hyderabad,Telangana,South
C09931,Simran Verma,simran.verma9931@example.com,Kolkata,West Bengal,East
C09932,Sneha Rajput,sneha.rajput9932@example.com,Ahmedabad,Gujarat,West
C09933,Ananya Verma,ananya.verma9933@example.com,Kolkata,West Bengal,East
C09934,Kavya Verma,kavya.verma9934@example.com,Hyderabad,Telangana,South
C09935,Ananya Mishra,ananya.mishra9935@example.com,Kolkata,West Bengal,East
C09936,Aditya Yadav,aditya.yadav9936@example.com,Jaipur,Rajasthan,North
C09937,Sneha Kumar,sneha.kumar9937@example.com,Chandigarh,Chandigarh,North
C09938,Riya Mishra,riya.mishra9938@example.com,Pune,Maharashtra,West
C09939,Ankit Singh,ankit.singh9939@example.com,Pune,Maharashtra,West
C09940,Aman Patel,aman.patel9940@example.com,Kanpur,Uttar Pradesh,North
C09941,Karan Agarwal,karan.agarwal9941@example.com,Delhi,Delhi,North
C09942,Arjun Gupta,arjun.gupta9942@example.com,Pune,Maharashtra,West
C09943,Aditya Agarwal,aditya.agarwal9943@example.com,Bhubaneswar,Odisha,East
C09944,Sahil Kumar,sahil.kumar9944@example.com,Patna,Bihar,East
C09945,Sahil Agarwal,sahil.agarwal9945@example.com,Ahmedabad,Gujarat,West
C09946,Pooja Rajput,pooja.rajput9946@example.com,Ahmedabad,Gujarat,West
C09947,Priya Yadav,priya.yadav9947@example.com,Kolkata,West Bengal,East
C09948,Sneha Singh,sneha.singh9948@example.com,Surat,Gujarat,West
C09949,Isha Sharma,isha.sharma9949@example.com,Pune,Maharashtra,West
C09950,Aarav Sharma,aarav.sharma9950@example.com,Bhubaneswar,Odisha,East
C09951,Aman Patel,aman.patel9951@example.com,Kolkata,West Bengal,East
C09952,Ananya Mishra,ananya.mishra9952@example.com,Chandigarh,Chandigarh,North
C09953,Neha Sharma,neha.sharma9953@example.com,Mumbai,Maharashtra,West
C09954,Priya Kumar,priya.kumar9954@example.com,Kolkata,West Bengal,East
C09955,Aman Yadav,aman.yadav9955@example.com,Surat,Gujarat,West
C09956,Arjun Kumar,arjun.kumar9956@example.com,Kochi,Kerala,South
C09957,Pooja Agarwal,pooja.agarwal9957@example.com,Kanpur,Uttar Pradesh,North
C09958,Arjun Kumar,arjun.kumar9958@example.com,Chandigarh,Chandigarh,North
C09959,Karan Kumar,karan.kumar9959@example.com,Lucknow,Uttar Pradesh,North
C09960,Ankit Kumar,ankit.kumar9960@example.com,Chennai,Tamil Nadu,South
C09961,Vikash Rajput,vikash.rajput9961@example.com,Lucknow,Uttar Pradesh,North
C09962,Rahul Agarwal,rahul.agarwal9962@example.com,Patna,Bihar,East
C09963,Riya Agarwal,riya.agarwal9963@example.com,Chandigarh,Chandigarh,North
C09964,Priya Agarwal,priya.agarwal9964@example.com,Bengaluru,Karnataka,South
C09965,Neha Patel,neha.patel9965@example.com,Bhubaneswar,Odisha,East
C09966,Ankit Gupta,ankit.gupta9966@example.com,Kochi,Kerala,South
C09967,Ananya Verma,ananya.verma9967@example.com,Mumbai,Maharashtra,West
C09968,Ananya Patel,ananya.patel9968@example.com,Surat,Gujarat,West
C09969,Sahil Singh,sahil.singh9969@example.com,Kanpur,Uttar Pradesh,North
C09970,Isha Singh,isha.singh9970@example.com,Chennai,Tamil Nadu,South
C09971,Arjun Verma,arjun.verma9971@example.com,Kochi,Kerala,South
C09972,Sneha Verma,sneha.verma9972@example.com,Delhi,Delhi,North
C09973,Priya Kumar,priya.kumar9973@example.com,Jaipur,Rajasthan,North
C09974,Karan Mishra,karan.mishra9974@example.com,Kanpur,Uttar Pradesh,North
C09975,Simran Verma,simran.verma9975@example.com,Bhubaneswar,Odisha,East
C09976,Pooja Mishra,pooja.mishra9976@example.com,Bengaluru,Karnataka,South
C09977,Rahul Mishra,rahul.mishra9977@example.com,Surat,Gujarat,West
C09978,Kavya Singh,kavya.singh9978@example.com,Surat,Gujarat,West
C09979,Neha Kumar,neha.kumar9979@example.com,Mumbai,Maharashtra,West
C09980,Aarav Singh,aarav.singh9980@example.com,Surat,Gujarat,West
C09981,Isha Verma,isha.verma9981@example.com,Pune,Maharashtra,West
C09982,Aman Patel,aman.patel9982@example.com,Surat,Gujarat,West
C09983,Aditya Singh,aditya.singh9983@example.com,Kanpur,Uttar Pradesh,North
C09984,Vikash Yadav,vikash.yadav9984@example.com,Mumbai,Maharashtra,West
C09985,Riya Verma,riya.verma9985@example.com,Kochi,Kerala,South
C09986,Aarav Verma,aarav.verma9986@example.com,Delhi,Delhi,North
C09987,Isha Yadav,isha.yadav9987@example.com,Kochi,Kerala,South
C09988,Sahil Yadav,sahil.yadav9988@example.com,Patna,Bihar,East
C09989,Aditya Agarwal,aditya.agarwal9989@example.com,Delhi,Delhi,North
C09990,Pooja Yadav,pooja.yadav9990@example.com,Kolkata,West Bengal,East
C09991,Rahul Mishra,rahul.mishra9991@example.com,Ahmedabad,Gujarat,West
C09992,Sneha Rajput,sneha.rajput9992@example.com,Chandigarh,Chandigarh,North
C09993,Aditi Patel,aditi.patel9993@example.com,Delhi,Delhi,North
C09994,Kavya Rajput,kavya.rajput9994@example.com,Patna,Bihar,East
C09995,Arjun Rajput,arjun.rajput9995@example.com,Mumbai,Maharashtra,West
C09996,Rahul Yadav,rahul.yadav9996@example.com,Chandigarh,Chandigarh,North
C09997,Aditya Gupta,aditya.gupta9997@example.com,Kochi,Kerala,South
C09998,Riya Sharma,riya.sharma9998@example.com,Bengaluru,Karnataka,South
C09999,Rahul Mishra,rahul.mishra9999@example.com,Kochi,Kerala,South
C10000,Simran Verma,simran.verma10000@example.com,Jaipur,Rajasthan,North
